{"kebu_2": {"size": [2048.0, 1938.0], "pivot": [0.49067598581314087, 0.66650390625], "position": [-176.03231811523438, 168.45156860351562], "rawSize": [2048.0, 1938.0], "view": [680.6970825195312, 1560.48388671875]}}