{"yangyan_2": {"size": [1024.0, 888.0], "pivot": [0.5390625, 0.5146396160125732], "position": [2.0002098083496094, 10.0], "rawSize": [1024.0, 888.0], "view": [345.0, 684.0]}}