{"u96_2": {"size": [1400.0, 1264.0], "pivot": [0.49785715341567993, 0.5569620132446289], "position": [-185.99998474121094, -90.0], "rawSize": [1400.0, 1264.0], "view": [508.8999938964844, 1167.0]}}