{"gelunbiya_2": {"size": [1039.0, 1400.0], "pivot": [0.6000962257385254, 0.6828571557998657], "position": [-6.000036716461182, 209.0], "rawSize": [1039.0, 1400.0], "view": [439.0, 1006.7000122070312]}}