{"aijier_2": {"size": [2508.0, 2352.0], "pivot": [0.49067598581314087, 0.66650390625], "position": [-407.294189453125, 214.9410400390625], "rawSize": [2048.0, 1921.0], "view": [620.6355590820312, 1422.7940673828125]}, "aijier_2_rw": {"size": [2048.0, 2032.0], "pivot": [0.49067598581314087, 0.66650390625], "position": [-213.0, 181.0], "rawSize": [2048.0, 2032.0]}}