{"ruyue_2": {"size": [932.0, 1024.0], "pivot": [0.4045064449310303, 0.564453125], "position": [-113.00023651123047, 66.0], "rawSize": [932.0, 1024.0], "view": [387.0, 889.0]}}