{"i19_4": {"size": [1802.0, 2048.0], "pivot": [0.7225305438041687, 0.34321290254592896], "position": [-72.99999237060547, -347.0], "rawSize": [1802.0, 2048.0], "view": [331.0, 1329.5999755859375]}}