{"yingxianzuo_3": {"size": [2048.0, 2000.0], "pivot": [0.49067598581314087, 0.66650390625], "position": [-277.7693176269531, -113.07145690917969], "rawSize": [2048.0, 2000.0], "view": [521.0274658203125, 1194.4444580078125]}}