{"xinyue_g": {"size": [789.0, 1024.0], "pivot": [0.43409380316734314, 0.591796875], "position": [-46.99991989135742, 92.0], "rawSize": [789.0, 1024.0], "view": [364.0, 834.0]}}