{"salatuojia_9": {"size": [2048.0, 1828.0], "pivot": [0.49067598581314087, 0.66650390625], "position": [-168.51284790039062, 3.1535191535949707], "rawSize": [2048.0, 1828.0], "view": [649.2803344726562, 1488.4615478515625]}}