{"feilong_alter": {"size": [2048.0, 1732.0], "pivot": [0.55322265625, 0.5415704250335693], "position": [13.000008583068848, 45.0], "rawSize": [2048.0, 1732.0], "view": [431.5, 989.4000244140625]}}