{"siwanshi_4": {"size": [4098.0, 2378.0], "pivot": [0.49067598581314087, 0.66650390625], "position": [-401.761962890625, 22.714088439941406], "raw": true, "rawSize": [2048.0, 1188.0], "view": [703.386962890625, 1612.5]}, "siwanshi_4_rw": {"size": [2048.0, 1512.0], "pivot": [0.49067598581314087, 0.66650390625], "position": [127.69999694824219, 384.29998779296875], "rawSize": [2048.0, 1512.0]}}