{"xinnong_4": {"size": [5162.0, 2966.0], "pivot": [0.49067598581314087, 0.66650390625], "position": [-349.34381103515625, -24.093843460083008], "raw": true, "rawSize": [2048.0, 1177.0], "view": [659.42529296875, 1511.71875]}, "xinnong_4_rw": {"size": [2048.0, 1790.0], "pivot": [0.49067598581314087, 0.66650390625], "position": [-246.10000610351562, 362.1000061035156], "rawSize": [2048.0, 1790.0]}}