{"xinnong_4": {"size": [2454.0, 2048.0], "pivot": [0.49067598581314087, 0.66650390625], "position": [-266.697021484375, -86.48500061035156], "raw": true, "rawSize": [2454.0, 2048.0], "view": [639.4426879882812, 1465.9090576171875]}}