{"linggu_3": {"size": [4260.0, 2440.0], "pivot": [0.49067598581314087, 0.66650390625], "position": [-245.03924560546875, -41.9754753112793], "raw": true, "rawSize": [2048.0, 1173.0], "view": [767.3312377929688, 1759.0908203125]}, "linggu_3_rw": {"size": [2048.0, 1474.0], "pivot": [0.49067598581314087, 0.66650390625], "position": [145.0, 291.0], "rawSize": [2048.0, 1474.0]}}