{"aierwen_2": {"size": [814.0, 1024.0], "pivot": [0.39680588245391846, 0.55859375], "position": [-96.99968719482422, 59.0], "rawSize": [814.0, 1024.0], "view": [311.0, 712.0]}}