{"wenqinzuojiaobeidi": {"size": [1325.0, 1400.0], "pivot": [0.503018856048584, 0.506428599357605], "position": [-87.00004577636719, 37.0], "rawSize": [1325.0, 1400.0], "view": [487.29998779296875, 1117.5]}, "face": {"size": [511.0, 414.0], "pivot": [0.5, 0.5], "position": [-135.0, 492.0], "rawSize": [511.0, 414.0], "list": [0, 1, 2, 3, 4, 5, 6]}}