{"wenqinzuojiaobeidi": {"size": [1325.0, 1400.0], "pivot": [0.503018856048584, 0.506428599357605], "position": [-87.00004577636719, 37.0], "rawSize": [1325.0, 1400.0], "view": [487.29998779296875, 1117.5]}}