{"yuekegongjue_3": {"size": [1200.0, 1086.0], "pivot": [0.5133333206176758, 0.7545120120048523], "position": [-21.000343322753906, 116.0], "rawSize": [1200.0, 1086.0], "view": [400.0, 918.0]}}