{"jiangfeng_2": {"size": [1024.0, 965.0], "pivot": [0.5087890625, 0.5704663395881653], "position": [-105.99967956542969, 101.0], "rawSize": [1024.0, 965.0], "view": [289.0, 661.0], "raw": true}}