{"dahuangfengii": {"size": [3107.0, 3156.0], "pivot": [0.49067598581314087, 0.66650390625], "position": [-319.8916320800781, -188.00018310546875], "rawSize": [2016.0, 2048.0], "view": [508.4725341796875, 1165.6627197265625]}, "dahuangfengii_rw": {"size": [1906.0, 2048.0], "pivot": [0.49067598581314087, 0.66650390625], "position": [234.0, 371.0], "rawSize": [1906.0, 2048.0]}}