{"liande_g": {"size": [873.0, 1024.0], "pivot": [0.506872832775116, 0.6298828125], "position": [-14.000228881835938, 165.0], "rawSize": [873.0, 1024.0], "view": [444.0, 781.0]}}