{"shancheng_h": {"size": [1079.0, 1200.0], "pivot": [0.3432808220386505, 0.6711666584014893], "position": [-217.99996948242188, 98.0], "rawSize": [1079.0, 1200.0], "view": [374.0, 858.0]}}