{"longxiang_2": {"size": [1400.0, 1242.0], "pivot": [0.5028571486473083, 0.5450885891914368], "position": [-162.99993896484375, -45.0], "rawSize": [1400.0, 1242.0], "view": [441.1000061035156, 1011.5]}}