{"diliyasite_3": {"size": [4682.0, 2925.0], "pivot": [0.49067598581314087, 0.66650390625], "position": [-520.711669921875, -96.32624053955078], "rawSize": [2048.0, 1279.0], "view": [767.3311157226562, 1759.0908203125]}, "diliyasite_3_rw": {"size": [910.0, 2048.0], "pivot": [0.49067598581314087, 0.66650390625], "position": [-318.0, -15.0], "rawSize": [910.0, 2048.0]}}