{"shengwang_younv": {"size": [1400.0, 1334.0], "pivot": [0.5299999713897705, 0.5952023863792419], "position": [-268.0000305175781, -15.0], "rawSize": [1400.0, 1334.0], "view": [603.7000122070312, 1384.199951171875]}}