{"u73": {"size": [1024.0, 1024.0], "pivot": [0.3681640625, 0.6279296875], "position": [-161.0, 110.0], "rawSize": [1024.0, 1024.0], "view": [340.0, 779.0]}}