{"lafeiii": {"size": [4986.0, 4268.0], "pivot": [0.49067598581314087, 0.66650390625], "position": [316.99993896484375, -424.000244140625], "rawSize": [2048.0, 1753.0], "view": [844.0643920898438, 1935.0]}, "lafeiii_rw": {"size": [2032.0, 2048.0], "pivot": [0.49067598581314087, 0.66650390625], "position": [514.7999877929688, -126.19999694824219], "rawSize": [2032.0, 2048.0]}}