{"aikesaite_2": {"size": [1869.0, 2048.0], "pivot": [0.49067598581314087, 0.66650390625], "position": [-297.3103942871094, 94.68754577636719], "rawSize": [1869.0, 2048.0], "view": [570.3137817382812, 1307.432373046875]}}