{"mingshi_5": {"size": [1172.0, 1400.0], "pivot": [0.49744027853012085, 0.5514285564422607], "position": [-198.0000762939453, 106.0], "rawSize": [1172.0, 1400.0], "view": [496.8999938964844, 1139.5]}}