{"chunxiang_2": {"size": [2048.0, 2044.0], "pivot": [0.3183736205101013, 0.4793489873409271], "position": [-371.9707946777344, -42.210693359375], "rawSize": [2048.0, 2044.0], "view": [444.2444152832031, 1018.4210815429688]}}