{"yueke_ger_3": {"size": [2048.0, 1618.0], "pivot": [0.49067598581314087, 0.66650390625], "position": [-129.81256103515625, -131.7500457763672], "raw": true, "rawSize": [2048.0, 1618.0], "view": [659.42529296875, 1511.71875]}}