{"i26_2": {"size": [1024.0, 900.0], "pivot": [0.4716796875, 0.4811111092567444], "position": [-46.00040054321289, -49.0], "rawSize": [1024.0, 900.0], "view": [372.0, 853.0]}}