{"ying_2": {"size": [1977.0, 2048.0], "pivot": [0.4984825551509857, 0.53515625], "position": [-413.9999694824219, -26.0], "rawSize": [1977.0, 2048.0], "view": [628.2999877929688, 1441.0999755859375]}}