{"guanghui_2": {"size": [921.0, 1024.0], "pivot": [0.3664495050907135, 0.60546875], "position": [-126.0003662109375, 117.0], "rawSize": [921.0, 1024.0], "view": [433.0, 766.0]}}