{"chuyue_3": {"size": [5114.0, 2824.0], "pivot": [0.49067598581314087, 0.66650390625], "position": [-445.8372802734375, -32.186187744140625], "raw": true, "rawSize": [2048.0, 1131.0], "view": [981.47021484375, 2250.0]}, "chuyue_3_rw": {"size": [1298.0, 2048.0], "pivot": [0.49067598581314087, 0.66650390625], "position": [-32.0, 357.6000061035156], "rawSize": [1298.0, 2048.0]}}