{"xiaoyue_3": {"size": [2048.0, 1660.0], "pivot": [0.49067598581314087, 0.66650390625], "position": [-252.84422302246094, 132.7791748046875], "rawSize": [2048.0, 1660.0], "view": [548.09375, 1256.4935302734375]}}