{"jiahe_h": {"size": [669.0, 1024.0], "pivot": [0.5224215388298035, 0.57421875], "position": [-95.00019836425781, 111.0], "rawSize": [669.0, 1024.0], "view": [296.0, 681.0]}}