{"qianlai_3": {"size": [3020.0, 3020.0], "pivot": [0.49067598581314087, 0.66650390625], "position": [-584.5000610351562, -67.68768310546875], "raw": true, "rawSize": [2048.0, 2048.0], "view": [659.42529296875, 1511.71875]}, "qianlai_3_rw": {"size": [920.0, 2048.0], "pivot": [0.49067598581314087, 0.66650390625], "position": [-557.2000122070312, 208.89999389648438], "rawSize": [920.0, 2048.0]}}