{"xiaotiane_5": {"size": [738.0, 1024.0], "pivot": [0.40785908699035645, 0.6240234375], "position": [-124.99981689453125, 8.0], "rawSize": [738.0, 1024.0], "view": [356.0, 814.0]}}