{"heizewude": {"size": [920.0, 1024.0], "pivot": [0.38804349303245544, 0.505859375], "position": [-149.99978637695312, -61.0], "rawSize": [920.0, 1024.0], "view": [484.0, 1111.0]}}