{"shitelasai": {"size": [2048.0, 1822.0], "pivot": [0.53369140625, 0.6481888294219971], "position": [-288.0, 269.0], "rawSize": [2048.0, 1822.0], "view": [341.29998779296875, 782.5999755859375]}}