{"longqibing_2": {"size": [834.0, 1024.0], "pivot": [0.49640288949012756, 0.5703125], "position": [-71.49999237060547, 18.899999618530273], "rawSize": [834.0, 1024.0], "view": [305.3800048828125, 700.3200073242188]}}