{"bensen_2": {"size": [1836.0, 2048.0], "pivot": [0.49836599826812744, 0.53515625], "position": [-96.9999771118164, 29.0], "rawSize": [1836.0, 2048.0], "view": [552.4000244140625, 1266.5999755859375]}}