{"aotuo": {"size": [1750.0, 2048.0], "pivot": [0.4732530117034912, 0.6810547113418579], "position": [19.634567260742188, -214.35496520996094], "rawSize": [1750.0, 2048.0], "view": [478.3067626953125, 1099.431884765625]}}