{"fuchou_2": {"size": [2048.0, 1576.0], "pivot": [0.49067598581314087, 0.66650390625], "position": [-194.2603302001953, 11.999919891357422], "rawSize": [2048.0, 1576.0], "view": [578.1262817382812, 1325.3424072265625]}}