{"yalisangna": {"size": [884.0, 1024.0], "pivot": [0.4383378028869629, 0.5808081030845642], "position": [-156.0150604248047, 99.99995422363281], "rawSize": [884.0, 1024.0], "view": [355.72332763671875, 706.2044067382812]}}