{"bunao": {"size": [2048.0, 1538.0], "pivot": [0.49067598581314087, 0.66650390625], "position": [-473.34417724609375, 162.53753662109375], "rawSize": [2048.0, 1538.0], "view": [453.7980651855469, 1040.3226318359375]}}