{"i58": {"size": [1024.0, 723.0], "pivot": [0.541015625, 0.5276625156402588], "position": [-91.00032043457031, 21.0], "rawSize": [1024.0, 723.0], "view": [315.0, 724.0]}}