{"jiuyuan_2": {"size": [1024.0, 1024.0], "pivot": [0.4091796875, 0.671875], "position": [-92.99976348876953, 147.0], "rawSize": [1024.0, 1024.0], "view": [389.0, 892.0]}}