{"yaerweite": {"size": [5376.0, 3928.0], "pivot": [0.49067598581314087, 0.66650390625], "position": [-70.39628601074219, -188.84912109375], "rawSize": [2048.0, 1496.0], "view": [398.14361572265625, 912.7359008789062]}, "yaerweite_bj1": {"size": [446.0, 1780.0], "pivot": [0.49067598581314087, 0.66650390625], "position": [331.0, 188.0], "rawSize": [446.0, 1780.0]}, "yaerweite_rw": {"size": [2048.0, 1630.0], "pivot": [0.49067598581314087, 0.66650390625], "position": [104.0, -254.0], "rawSize": [2048.0, 1630.0]}, "yaerweite_bj2": {"size": [5376.0, 3928.0], "pivot": [0.49067598581314087, 0.66650390625], "position": [-60.099998474121094, 657.5999755859375], "rawSize": [2048.0, 1496.0]}}