{"ninghai_g": {"size": [833.0, 1024.0], "pivot": [0.36554622650146484, 0.5458984375], "position": [-97.99992370605469, 47.0], "rawSize": [833.0, 1024.0], "view": [306.0, 701.0]}}