{"u110_5": {"size": [2048.0, 1986.0], "pivot": [0.67138671875, 0.4209466278553009], "position": [-114.0, -248.0], "rawSize": [2048.0, 1986.0], "view": [497.29998779296875, 1140.5]}}