{"xiangfeng_g": {"size": [873.0, 1024.0], "pivot": [0.530927836894989, 0.609375], "position": [26.00012969970703, 120.0], "rawSize": [873.0, 1024.0], "view": [475.0, 751.0]}}