{"gangyishawa": {"size": [3126.0, 4062.0], "pivot": [0.49067598581314087, 0.66650390625], "position": [-371.3624572753906, -884.1744384765625], "rawSize": [1576.0, 2048.0], "view": [570.313720703125, 1307.432373046875]}, "gangyishawa_rw": {"size": [2048.0, 2002.0], "pivot": [0.49067598581314087, 0.66650390625], "position": [-24.0, 21.5], "rawSize": [2048.0, 2002.0]}}