{"aierbin_2": {"size": [2584.0, 2592.0], "pivot": [0.49067598581314087, 0.66650390625], "position": [-218.3334197998047, -140.0001678466797], "raw": true, "rawSize": [2042.0, 2048.0], "view": [562.7095947265625, 1290.0]}, "aierbin_2_rw": {"size": [1872.0, 2048.0], "pivot": [0.49067598581314087, 0.66650390625], "position": [-141.5, 306.0], "rawSize": [1872.0, 2048.0]}}