{"xiefeierde": {"size": [895.0, 1024.0], "pivot": [0.4631284773349762, 0.6435546875], "position": [-40.99979019165039, 135.0], "rawSize": [895.0, 1024.0], "view": [315.0, 723.0]}}