{"salatuojia_h": {"size": [1628.0, 2048.0], "pivot": [0.49067598581314087, 0.66650390625], "position": [-107.33169555664062, 35.08667755126953], "rawSize": [1628.0, 2048.0], "view": [430.64501953125, 987.2448120117188]}}