{"naximofu_2": {"size": [5896.0, 3490.0], "pivot": [0.49067598581314087, 0.66650390625], "position": [-224.03302001953125, -40.527610778808594], "raw": true, "rawSize": [2048.0, 1212.0], "view": [927.5432739257812, 2126.37353515625]}, "naximofu_2_rw": {"size": [1910.0, 2048.0], "pivot": [0.49067598581314087, 0.66650390625], "position": [-17.80902099609375, 258.0], "rawSize": [1910.0, 2048.0]}}