{"dachao": {"size": [868.0, 1024.0], "pivot": [0.5195852518081665, 0.728515625], "position": [-56.99980163574219, 120.0], "rawSize": [868.0, 1024.0], "view": [357.0, 819.0]}}