{"dachao": {"rawSize": [868.0, 1024.0], "size": [868.0, 1024.0], "pivot": [0.5195852518081665, 0.728515625], "scale": [0.40680617094039917, 0.40680617094039917], "position": [0.0, 0.0]}}