{"feiteliekaer_2": {"size": [2048.0, 1470.0], "pivot": [0.49067598581314087, 0.66650390625], "position": [-264.12506103515625, -163.87503051757812], "raw": true, "rawSize": [2048.0, 1470.0], "view": [562.7095336914062, 1289.9998779296875]}}