{"feiteliekaer_2": {"size": [2600.0, 1500.0], "pivot": [0.49067598581314087, 0.66650390625], "position": [-386.1567077636719, 20.433692932128906], "raw": true, "rawSize": [2048.0, 1189.0], "view": [508.4725341796875, 1165.6627197265625]}, "feiteliekaer_2_rw": {"size": [2048.0, 920.0], "pivot": [0.49067598581314087, 0.66650390625], "position": [-88.19999694824219, 3.5], "rawSize": [2048.0, 920.0]}}