{"nazhi": {"size": [860.0, 1024.0], "pivot": [0.5093023180961609, 0.66796875], "position": [10.999897003173828, 159.0], "rawSize": [860.0, 1024.0], "view": [190.0, 660.0]}}