{"shancheng_7": {"size": [735.0, 1024.0], "pivot": [0.57265305519104, 0.592480480670929], "position": [-43.00002670288086, 68.0], "rawSize": [735.0, 1024.0], "view": [365.6000061035156, 838.4000244140625]}}