{"mengbiliai_2": {"size": [749.0, 1024.0], "pivot": [0.4893190860748291, 0.6356445550918579], "position": [-58.99993133544922, 43.0], "rawSize": [749.0, 1024.0], "view": [302.0, 694.0]}}