{"ougen_5": {"size": [4674.0, 4058.0], "pivot": [0.49067598581314087, 0.66650390625], "position": [-357.00006103515625, -113.71434020996094], "rawSize": [2048.0, 1778.0], "view": [602.9031372070312, 1382.142822265625]}, "ougen_5_rw": {"size": [2048.0, 1936.0], "pivot": [0.49067598581314087, 0.66650390625], "position": [-207.0, -110.0], "rawSize": [2048.0, 1936.0]}}