{"gaoxiong": {"size": [1967.0, 2048.0], "pivot": [0.6601423621177673, 0.6337890625], "position": [-14.999975204467773, 168.0], "rawSize": [1967.0, 2048.0], "view": [757.5999755859375, 1546.4000244140625]}}