{"shenfeng_g": {"size": [1024.0, 1017.0], "pivot": [0.4033203125, 0.6299901604652405], "position": [-90.999755859375, 109.0], "rawSize": [1024.0, 1017.0], "view": [311.0, 715.0]}}