{"yuekecheng": {"size": [1572.0, 2048.0], "pivot": [0.22328244149684906, 0.65234375], "position": [-180.99998474121094, 327.0], "rawSize": [1572.0, 2048.0], "view": [331.0, 1076.0999755859375]}}