{"saidelici": {"size": [2048.0, 1852.0], "pivot": [0.49067598581314087, 0.66650390625], "position": [33.55549621582031, -223.18521118164062], "rawSize": [2048.0, 1852.0], "view": [390.7705383300781, 895.8333129882812]}}