{"yingyong": {"size": [2048.0, 1555.0], "pivot": [0.49853515625, 0.5463022589683533], "position": [-246.00001525878906, -7.0], "rawSize": [2048.0, 1555.0], "view": [483.79998779296875, 1109.699951171875]}}