{"chaijun_h": {"size": [4286.0, 2452.0], "pivot": [0.49067598581314087, 0.66650390625], "position": [-207.3448944091797, -24.207012176513672], "raw": true, "rawSize": [2048.0, 1172.0], "view": [727.6417236328125, 1668.103515625]}, "chaijun_h_rw": {"size": [2048.0, 1592.0], "pivot": [0.49067598581314087, 0.66650390625], "position": [-180, 210], "rawSize": [2048.0, 1592.0]}}