{"kalangshitade": {"size": [9686.0, 6384.0], "pivot": [0.49067598581314087, 0.66650390625], "position": [-58.17027282714844, 346.3555603027344], "rawSize": [2048.0, 1350.0], "view": [1110.6109619140625, 2546.052734375]}, "kalangshitade_n": {"size": [6974.0, 4454.0], "pivot": [0.49067598581314087, 0.66650390625], "position": [6.0, 922.0], "rawSize": [2048.0, 1309.0]}, "kalangshitade_rw": {"size": [2048.0, 2048.0], "pivot": [0.49067598581314087, 0.66650390625], "position": [290.5, 859.0], "raw": true, "rawSize": [2048.0, 2048.0]}}