{"shuiwuyue": {"size": [678.0, 1024.0], "pivot": [0.36283186078071594, 0.5576171875], "position": [-88.999755859375, 50.0], "rawSize": [678.0, 1024.0], "view": [487.0, 860.0]}}