{"mabuerheide_3": {"size": [1918.0, 2048.0], "pivot": [0.4984358847141266, 0.53515625], "position": [-87.0000228881836, 41.0], "raw": true, "rawSize": [1918.0, 2048.0], "view": [476.6000061035156, 1093.0]}}