{"tangsi_g": {"size": [846.0, 1024.0], "pivot": [0.3333333432674408, 0.5986328125], "position": [-136.00027465820312, 94.0], "rawSize": [846.0, 1024.0], "view": [363.0, 831.0]}}