{"jiasikenie_idol": {"size": [1800.0, 1318.0], "pivot": [0.5093889236450195, 0.5932473540306091], "position": [-119.99996948242188, 69.0], "rawSize": [1800.0, 1318.0], "view": [425.1000061035156, 974.7000122070312]}}