{"baixue": {"size": [2048.0, 1557.0], "pivot": [0.56884765625, 0.31888246536254883], "position": [-168.11117553710938, -285.77783203125], "rawSize": [2048.0, 1557.0], "view": [468.9246826171875, 1075.0]}, "baixue_front": {"size": [1852.0, 2048.0], "pivot": [0.49067598581314087, 0.66650390625], "position": [-31.0, 341.0], "rawSize": [1852.0, 2048.0]}, "baixue_middle": {"size": [2804.0, 2132.0], "pivot": [0.49067598581314087, 0.66650390625], "position": [-24.899999618530273, 356.20001220703125], "rawSize": [2048.0, 1557.0]}}