{"linuo_5": {"size": [2048.0, 1970.0], "pivot": [0.49067598581314087, 0.66650390625], "position": [85.85709381103516, 87.71419525146484], "raw": true, "rawSize": [2048.0, 1970.0], "view": [602.9031372070312, 1382.142822265625]}}