{"taertu_2": {"size": [1400.0, 1198.0], "pivot": [0.49785715341567993, 0.5601001381874084], "position": [-105.99996948242188, 61.0], "rawSize": [1400.0, 1198.0], "view": [429.79998779296875, 985.7999877929688]}}