{"changdao_3": {"size": [2048.0, 1562.0], "pivot": [0.49853515625, 0.5460947751998901], "position": [-135.99998474121094, 276.0], "rawSize": [2048.0, 1562.0], "view": [449.3999938964844, 1030.300048828125]}}