{"xiaoyue": {"size": [1024.0, 928.0], "pivot": [0.5419921875, 0.7241379022598267], "position": [-42.000221252441406, 122.0], "rawSize": [1024.0, 928.0], "view": [277.0, 633.0]}}