{"qiye_3": {"size": [874.0, 1300.0], "pivot": [0.4951944947242737, 0.6939999461174011], "position": [-62.999725341796875, 117.0], "rawSize": [874.0, 1300.0], "view": [337.0, 776.0]}}