{"tianlangxing_4": {"size": [2048.0, 1527.0], "pivot": [0.49853515625, 0.5471512675285339], "position": [-330.0, -9.0], "rawSize": [2048.0, 1527.0], "view": [599.2000122070312, 1373.800048828125]}}