{"wokelan_3": {"size": [2495.0, 2685.0], "pivot": [0.49067598581314087, 0.66650390625], "position": [-125.00932312011719, 214.44703674316406], "rawSize": [1903.0, 2048.0], "view": [390.7704772949219, 895.833251953125]}, "wokelan_3_rw": {"size": [2048.0, 1664.0], "pivot": [0.49067598581314087, 0.66650390625], "position": [18.0, 191.0], "rawSize": [2048.0, 1664.0]}}