{"gangute_3": {"size": [1634.0, 2048.0], "pivot": [0.4685434401035309, 0.47773438692092896], "position": [-120.9999771118164, -198.0], "rawSize": [1634.0, 2048.0], "view": [386.5, 886.2999877929688]}}