{"changbo_h": {"size": [2707.0, 1898.0], "pivot": [0.49067598581314087, 0.66650390625], "position": [4.851790428161621, -131.51856994628906], "rawSize": [2048.0, 1436.0], "view": [390.7705383300781, 895.8333129882812]}, "changbo_h_rw": {"size": [2048.0, 1288.0], "pivot": [0.49067598581314087, 0.66650390625], "position": [-273.3999938964844, 71.30000305175781], "rawSize": [2048.0, 1288.0]}}