{"aierdeliqi_4": {"size": [956.0, 1024.0], "pivot": [0.5376569032669067, 0.65625], "position": [-23.999727249145508, 90.0], "rawSize": [956.0, 1024.0], "view": [317.0, 726.0]}}