{"kewei_younv": {"size": [2048.0, 1970.0], "pivot": [0.49067598581314087, 0.66650390625], "position": [-313.43841552734375, -109.09595489501953], "rawSize": [2048.0, 1970.0], "view": [578.1262817382812, 1325.3424072265625]}}