{"wenqinzuojiaobeidi_3": {"size": [2048.0, 2006.0], "pivot": [0.49067598581314087, 0.66650390625], "position": [-146.1214141845703, 143.68408203125], "rawSize": [2048.0, 2006.0], "view": [562.709716796875, 1290.0001220703125]}}