{"sanli_6": {"size": [3494.0, 2124.0], "pivot": [0.49067598581314087, 0.66650390625], "position": [-242.68971252441406, 261.8274841308594], "rawSize": [2048.0, 1245.0], "view": [727.6417236328125, 1668.103515625]}, "sanli_6_rw": {"size": [1600.0, 2048.0], "pivot": [0.49067598581314087, 0.66650390625], "position": [-308.0, 302.0], "rawSize": [1600.0, 2048.0]}}