{"daofeng_3": {"size": [2048.0, 1796.0], "pivot": [0.49067598581314087, 0.66650390625], "position": [-56.665260314941406, -154.54458618164062], "rawSize": [2048.0, 1796.0], "view": [479.5820007324219, 1099.431884765625]}}