{"weixi_2": {"size": [4410.0, 4447.0], "pivot": [0.6328797936439514, 0.5856757164001465], "position": [121.25640869140625, 290.7435302734375], "rawSize": [2031.0, 2048.0], "view": [419.63134765625, 1240.3846435546875]}, "weixi_2_rw": {"size": [1290.0, 2048.0], "pivot": [0.49067598581314087, 0.66650390625], "position": [144.10000610351562, 177.0], "rawSize": [1290.0, 2048.0]}}