{"dujiaoshou_4": {"size": [1200.0, 1090.0], "pivot": [0.49916666746139526, 0.6963302493095398], "position": [-50.000038146972656, 82.0], "rawSize": [1200.0, 1090.0], "view": [439.0, 1006.0]}}