{"feiyu_2": {"size": [7794.0, 5176.0], "pivot": [0.49067598581314087, 0.66650390625], "position": [10.928321838378906, 391.4968566894531], "rawSize": [2048.0, 1360.0], "view": [917.4613037109375, 2103.2607421875]}, "feiyu_2_rw": {"size": [1148.0, 2048.0], "pivot": [0.49067598581314087, 0.66650390625], "position": [303.0, 614.0], "rawSize": [1148.0, 2048.0]}}