{"dingan": {"size": [1936.0, 2048.0], "pivot": [0.49067598581314087, 0.66650390625], "position": [-317.00006103515625, 223.9999237060547], "rawSize": [1936.0, 2048.0], "view": [562.7095947265625, 1290.0]}}