{"huobi_2": {"size": [835.0, 1024.0], "pivot": [0.5934131741523743, 0.4931640625], "position": [-74.99958801269531, -66.0], "rawSize": [835.0, 1024.0], "view": [353.0, 810.0]}}