{"beianpudunii_2": {"size": [2048.0, 1974.0], "pivot": [0.49067598581314087, 0.66650390625], "position": [-32.264686584472656, 70.6204605102539], "raw": true, "rawSize": [2048.0, 1974.0], "view": [727.6416625976562, 1668.1033935546875]}}