{"birui_2": {"size": [899.0, 1024.0], "pivot": [0.5276974439620972, 0.5517578125], "position": [-71.99992370605469, 25.0], "rawSize": [899.0, 1024.0], "view": [300.0, 690.0]}}