{"malilan_2": {"size": [1024.0, 944.0], "pivot": [0.3017578125, 0.5773305296897888], "position": [-183.39979553222656, 95.19999694824219], "rawSize": [1024.0, 944.0], "view": [277.70001220703125, 638.0]}}