{"tianlangxing_2": {"size": [716.0, 1024.0], "pivot": [0.5184357762336731, 0.7129882574081421], "position": [-45.00030517578125, 123.0], "rawSize": [716.0, 1024.0], "view": [354.0, 812.0]}}