{"z1_2": {"size": [799.0, 1024.0], "pivot": [0.3948685824871063, 0.6142578125], "position": [-68.9996566772461, 109.0], "rawSize": [799.0, 1024.0], "view": [372.0, 852.0]}}