{"chicheng_younv": {"size": [875.0, 1024.0], "pivot": [0.49085715413093567, 0.6015625], "position": [-76.00031280517578, 4.0], "rawSize": [875.0, 1024.0], "view": [462.0, 1061.0]}}