{"ying": {"size": [2048.0, 1703.0], "pivot": [0.49853515625, 0.693188488483429], "position": [-213.0000457763672, 107.0], "rawSize": [2048.0, 1703.0], "view": [580.0999755859375, 1330.0]}}