{"mengmeng_2_tolove": {"size": [5658.0, 3322.0], "pivot": [0.49067598581314087, 0.66650390625], "position": [-318.6217041015625, -88.000244140625], "rawSize": [2048.0, 1202.0], "view": [1140.6275634765625, 2614.86474609375]}, "mengmeng_2_tolove_rw": {"size": [1900.0, 2048.0], "pivot": [0.49067598581314087, 0.66650390625], "position": [23.299999237060547, 355.70001220703125], "rawSize": [1900.0, 2048.0]}}