{"jifu_3": {"size": [3132.0, 2684.0], "pivot": [0.49067598581314087, 0.66650390625], "position": [-179.53973388671875, 51.682491302490234], "rawSize": [2048.0, 1755.0], "view": [669.8923950195312, 1535.71435546875]}, "jifu_3_rw": {"size": [2048.0, 1880.0], "pivot": [0.49067598581314087, 0.66650390625], "position": [6.0, 147.0], "rawSize": [2048.0, 1880.0]}}