{"yamei": {"size": [2048.0, 1972.0], "pivot": [0.6539633274078369, 0.5801728367805481], "position": [82.78717041015625, 242.8509979248047], "rawSize": [2048.0, 1972.0], "view": [468.9246520996094, 1075.0]}}