{"tulingen_2": {"size": [1836.0, 2048.0], "pivot": [0.49067598581314087, 0.66650390625], "position": [-141.91531372070312, 128.1016082763672], "rawSize": [1836.0, 2048.0], "view": [357.6544189453125, 819.915283203125]}}