{"wululu_2": {"size": [1200.0, 1000.0], "pivot": [0.4191666543483734, 0.628000020980835], "position": [-96.99984741210938, 91.0], "rawSize": [1200.0, 1000.0], "view": [359.0, 823.0]}}