{"fengyun_4": {"size": [7134.0, 6008.0], "pivot": [0.49067598581314087, 0.66650390625], "position": [-466.4737243652344, -685.8950805664062], "rawSize": [2048.0, 1725.0], "view": [1110.611083984375, 2546.052734375]}, "fengyun_4_rw": {"size": [2048.0, 1632.0], "pivot": [0.49067598581314087, 0.66650390625], "position": [10.300000190734863, -116.0], "rawSize": [2048.0, 1632.0]}}