{"junzhu_4": {"size": [5220.0, 3888.0], "pivot": [0.49067598581314087, 0.66650390625], "position": [-48.142921447753906, 28.8570499420166], "rawSize": [2048.0, 1525.0], "view": [602.9031372070312, 1382.142822265625]}, "junzhu_4_rw": {"size": [1986.0, 2048.0], "pivot": [0.49067598581314087, 0.66650390625], "position": [-201.0, -29.0], "rawSize": [1986.0, 2048.0]}}