{"huonululu_2": {"size": [573.0, 1024.0], "pivot": [0.38307154178619385, 0.591796875], "position": [-67.00033569335938, 63.0], "rawSize": [573.0, 1024.0], "view": [298.0, 684.0]}}