{"xili_g": {"size": [2048.0, 1574.0], "pivot": [0.49067598581314087, 0.66650390625], "position": [-268.94305419921875, -148.7566375732422], "rawSize": [2048.0, 1574.0], "view": [444.2444152832031, 1018.4210815429688]}}