{"baiyanjuren_2": {"size": [5904.0, 3870.0], "pivot": [0.49067598581314087, 0.66650390625], "position": [-250.48843383789062, -215.90719604492188], "rawSize": [2048.0, 1343.0], "view": [981.47021484375, 2250.0]}, "baiyanjuren_2_rw": {"size": [2048.0, 1600.0], "pivot": [0.49067598581314087, 0.66650390625], "position": [196.5, 0.8800048828125], "rawSize": [2048.0, 1600.0]}}