{"zhenming": {"size": [923.0, 1024.0], "pivot": [0.503250241279602, 0.5712890625], "position": [-74.00022888183594, 107.0], "rawSize": [923.0, 1024.0], "view": [335.0, 642.0]}}