{"xiaotiane": {"size": [671.0, 1219.0], "pivot": [0.44634872674942017, 0.6304348111152649], "position": [-119.0002670288086, 152.0], "rawSize": [562.0, 1023.0], "view": [512.0, 918.0]}}