{"ougen": {"size": [1700.0, 1417.0], "pivot": [0.4064705967903137, 0.6171489357948303], "position": [-259.0013427734375, 128.0], "rawSize": [1500.0, 1250.0], "view": [745.0, 1254.0]}}