{"dafenqi_2": {"size": [1830.0, 2048.0], "pivot": [0.49067598581314087, 0.66650390625], "position": [-186.7727813720703, 181.318115234375], "rawSize": [1830.0, 2048.0], "view": [479.58203125, 1099.431884765625]}}