{"leigensibao_2": {"size": [2048.0, 1612.0], "pivot": [0.4732530117034912, 0.6810547113418579], "position": [-176.408935546875, -35.22740936279297], "rawSize": [2048.0, 1612.0], "view": [478.3067626953125, 1099.431884765625]}}