{"duwei_3": {"size": [967.0, 1200.0], "pivot": [0.4968976080417633, 0.5600000023841858], "position": [-84.99998474121094, -30.0], "rawSize": [967.0, 1200.0], "view": [393.79998779296875, 902.9000244140625]}}