{"badan_2": {"size": [639.0, 1024.0], "pivot": [0.5394366383552551, 0.583300769329071], "position": [-75.00012969970703, 65.0], "rawSize": [639.0, 1024.0], "view": [301.0, 692.0]}}