{"jian": {"size": [3208.0, 3004.0], "pivot": [0.49067598581314087, 0.66650390625], "position": [-198.2048797607422, 178.26498413085938], "rawSize": [2048.0, 1918.0], "view": [508.4725341796875, 1165.6627197265625]}, "jian_bj1": {"size": [3208.0, 3004.0], "pivot": [0.49067598581314087, 0.66650390625], "position": [-26.0, 499.0], "rawSize": [2048.0, 1918.0]}, "jian_rw": {"size": [1722.0, 2048.0], "pivot": [0.49067598581314087, 0.66650390625], "position": [-47.0, 120.0], "rawSize": [1722.0, 2048.0]}}