{"zuozhiya_6": {"size": [2048.0, 1826.0], "pivot": [0.56689453125, 0.6456736326217651], "position": [-295.0000305175781, 300.0], "rawSize": [2048.0, 1826.0], "view": [486.0, 1114.4000244140625]}}