{"patelixia": {"size": [2829.0, 2173.0], "pivot": [0.49067598581314087, 0.66650390625], "position": [-301.6296691894531, -100.03709411621094], "rawSize": [2048.0, 1573.0], "view": [390.7705383300781, 895.8333129882812]}, "patelixia_rw": {"size": [2048.0, 1638.0], "pivot": [0.49067598581314087, 0.66650390625], "position": [-38.0, 171.0], "rawSize": [2048.0, 1638.0]}}