{"gin": {"size": [670.0, 1024.0], "pivot": [0.6567165851593018, 0.3740234375], "position": [24.000438690185547, -131.0], "rawSize": [670.0, 1024.0], "view": [436.0, 858.0]}}