{"u47_4": {"size": [2048.0, 1992.0], "pivot": [0.49067598581314087, 0.66650390625], "position": [-240.2990264892578, 266.6391296386719], "rawSize": [2048.0, 1992.0], "view": [435.084716796875, 997.4226684570312]}}