{"weiqita_alter": {"size": [4742.0, 3670.0], "pivot": [0.49067598581314087, 0.66650390625], "position": [-260.96832275390625, -15.777873039245605], "rawSize": [2048.0, 1585.0], "view": [669.8923950195312, 1535.71435546875]}, "weiqita_alter_rw": {"size": [1890.0, 2048.0], "pivot": [0.49067598581314087, 0.66650390625], "position": [0.0, 0.0], "rawSize": [1890.0, 2048.0]}}