{"dafeng_6": {"size": [4138.0, 2184.0], "pivot": [0.49067598581314087, 0.66650390625], "position": [-471.193603515625, 95.8708724975586], "raw": true, "rawSize": [2048.0, 1081.0], "view": [680.6970825195312, 1560.48388671875]}, "dafeng_6_rw": {"size": [2048.0, 1530.0], "pivot": [0.49067598581314087, 0.66650390625], "position": [-50.29999923706055, 298.0], "rawSize": [2048.0, 1530.0]}}