{"dafeng_6": {"size": [2048.0, 1780.0], "pivot": [0.4732530117034912, 0.6810547113418579], "position": [-241.52926635742188, 46.17638397216797], "rawSize": [2048.0, 1780.0], "view": [618.9852294921875, 1422.7940673828125]}}