{"fubo": {"size": [2048.0, 1854.0], "pivot": [0.49067598581314087, 0.66650390625], "position": [-231.84217834472656, 17.999961853027344], "rawSize": [2048.0, 1854.0], "view": [444.2444152832031, 1018.4210815429688]}}