{"suweiaibeilaluosi_2": {"size": [3582.0, 3540.0], "pivot": [0.4991624653339386, 0.5203390121459961], "position": [-480.0000305175781, -113.0], "rawSize": [2048.0, 2024.0], "view": [527.5, 1209.699951171875]}, "suweiaibeilaluosi_2_middle": {"size": [2048.0, 1640.0], "pivot": [0.49067598581314087, 0.66650390625], "position": [-176.0, -135.0], "rawSize": [2048.0, 1640.0]}, "suweiaibeilaluosi_2_middle_front": {"size": [3582.0, 3540.0], "pivot": [0.49067598581314087, 0.66650390625], "position": [-33.39899826049805, 589.4199829101562], "rawSize": [2048.0, 2024.0]}}