{"xiongye_2": {"size": [2026.0, 2048.0], "pivot": [0.5419545769691467, 0.5537109375], "position": [-255.0000457763672, 28.0], "rawSize": [2026.0, 2048.0], "view": [817.0999755859375, 1873.5999755859375]}}