{"zhaohe_2": {"size": [1938.0, 2048.0], "pivot": [0.49845200777053833, 0.53515625], "position": [-27.000003814697266, 43.0], "rawSize": [1938.0, 2048.0], "view": [383.70001220703125, 879.9000244140625]}}