{"vtuber_sora_2": {"size": [961.0, 1024.0], "pivot": [0.44713836908340454, 0.48808592557907104], "position": [-136.00001525878906, -36.0], "raw": true, "rawSize": [961.0, 1024.0], "view": [387.29998779296875, 888.2000122070312]}}