{"shensu_4": {"size": [4070.0, 2394.0], "pivot": [0.49067598581314087, 0.66650390625], "position": [-115.57148742675781, 156.28567504882812], "raw": true, "rawSize": [2048.0, 1205.0], "view": [602.9031372070312, 1382.142822265625]}, "shensu_4_rw": {"size": [1232.0, 2048.0], "pivot": [0.49067598581314087, 0.66650390625], "position": [-25.100000381469727, 163.10000610351562], "rawSize": [1232.0, 2048.0]}}