{"dafeng_4": {"size": [1798.0, 2048.0], "pivot": [0.4983314871788025, 0.6083984375], "position": [-359.0000305175781, 173.0], "rawSize": [1798.0, 2048.0], "view": [636.0999755859375, 1458.800048828125]}}