{"aidang_4": {"size": [1024.0, 1024.0], "pivot": [0.4248046875, 0.587890625], "position": [-95.0003433227539, 61.0], "rawSize": [1024.0, 1024.0], "view": [395.0, 903.0]}}