{"lingbo_14": {"size": [1810.0, 2048.0], "pivot": [0.49067598581314087, 0.66650390625], "position": [-281.8393249511719, 449.6107177734375], "rawSize": [1810.0, 2048.0], "view": [514.6734008789062, 1179.8780517578125]}}