{"changdao_g": {"size": [1024.0, 1016.0], "pivot": [0.4228515625, 0.5354330539703369], "position": [-130.0010223388672, 44.0], "rawSize": [1024.0, 1016.0], "view": [561.0, 985.0]}}