{"xufulun_3": {"size": [5526.0, 3924.0], "pivot": [0.49067598581314087, 0.66650390625], "position": [-320.8096008300781, 142.1586456298828], "rawSize": [2048.0, 1454.0], "view": [669.8923950195312, 1535.71435546875]}, "xufulun_3_rw": {"size": [1748.0, 2048.0], "pivot": [0.49067598581314087, 0.66650390625], "position": [87.19999694824219, 463.79998779296875], "rawSize": [1748.0, 2048.0]}}