{"yueke_3": {"size": [2048.0, 1992.0], "pivot": [0.49853515625, 0.5361445546150208], "position": [-130.00001525878906, 183.0], "rawSize": [2048.0, 1992.0], "view": [730.2999877929688, 1674.9000244140625]}}