{"daofeng": {"size": [3339.0, 3141.0], "pivot": [0.49067598581314087, 0.66650390625], "position": [-150.14291381835938, -363.28582763671875], "rawSize": [2048.0, 1927.0], "view": [602.903076171875, 1382.142822265625]}, "daofeng_rw": {"size": [2048.0, 1796.0], "pivot": [0.49067598581314087, 0.66650390625], "position": [-86.0, -136.0], "rawSize": [2048.0, 1796.0]}}