{"tuzuo_3": {"size": [5418.0, 3454.0], "pivot": [0.49067598581314087, 0.66650390625], "position": [-785.3721313476562, -27.5350284576416], "rawSize": [2048.0, 1306.0], "view": [981.47021484375, 2250.0]}, "tuzuo_3_rw": {"size": [1520.0, 2048.0], "pivot": [0.49067598581314087, 0.66650390625], "position": [-467.79998779296875, 385.1000061035156], "rawSize": [1520.0, 2048.0]}}