{"guanghui_younv": {"size": [1400.0, 1346.0], "pivot": [0.49785715341567993, 0.5534918308258057], "position": [-158.00006103515625, 54.0], "rawSize": [1400.0, 1346.0], "view": [528.4000244140625, 1211.5]}}