{"saidelici_4": {"size": [2048.0, 1640.0], "pivot": [0.49067598581314087, 0.66650390625], "position": [-295.31744384765625, 57.17313003540039], "rawSize": [2048.0, 1640.0], "view": [357.6544189453125, 819.915283203125]}}