{"aidang_5": {"size": [1952.0, 2048.0], "pivot": [0.47079917788505554, 0.421875], "position": [-170.9999542236328, -314.0], "rawSize": [1952.0, 2048.0], "view": [459.1000061035156, 1052.699951171875]}}