{"jiejinsi_3": {"size": [2048.0, 1656.0], "pivot": [0.49853515625, 0.54347825050354], "position": [-333.0, -142.0], "rawSize": [2048.0, 1656.0], "view": [523.7000122070312, 1200.5999755859375]}}