{"mile": {"size": [4570.0, 3260.0], "pivot": [0.49067598581314087, 0.66650390625], "position": [-121.4691390991211, -65.19501495361328], "rawSize": [2048.0, 1461.0], "view": [727.6417236328125, 1668.1036376953125]}, "mile_rw": {"size": [1814.0, 2048.0], "pivot": [0.49067598581314087, 0.66650390625], "position": [45.79999923706055, 140.6999969482422], "rawSize": [1814.0, 2048.0]}}