{"xiefeierde_4": {"size": [3813.0, 2456.0], "pivot": [0.6867296099662781, 0.4918566644191742], "position": [641.9999389648438, -258.0], "rawSize": [2048.0, 1319.0], "view": [1013.2999877929688, 2323.60009765625]}, "xiefeierde_4_front": {"size": [1374.0, 2048.0], "pivot": [0.49067598581314087, 0.66650390625], "position": [1204.131103171875, 159.3465881035156 ], "rawSize": [1374.0, 2048.0]}}