{"z28_4": {"size": [2048.0, 1992.0], "pivot": [0.49067598581314087, 0.66650390625], "position": [-267.96160888671875, -122.03852844238281], "rawSize": [2048.0, 1992.0], "view": [811.6004028320312, 1860.5770263671875]}}