{"bulunnusi_2": {"size": [2048.0, 1740.0], "pivot": [0.49067598581314087, 0.66650390625], "position": [-261.8052673339844, -59.94812774658203], "rawSize": [2048.0, 1740.0], "view": [548.09375, 1256.4935302734375]}}