{"beier": {"size": [2048.0, 1600.0], "pivot": [0.49067598581314087, 0.66650390625], "position": [-352.1689758300781, 218.75662231445312], "rawSize": [2048.0, 1600.0], "view": [570.313720703125, 1307.432373046875]}, "beier_rw": {"size": [3056.0, 2388.0], "pivot": [0.49067598581314087, 0.66650390625], "position": [-150.39999389648438, 421.79998779296875], "rawSize": [2048.0, 1592.0]}}