{"qiandaitian": {"size": [2048.0, 1858.0], "pivot": [0.49853515625, 0.5952637195587158], "position": [-262.99993896484375, 14.0], "rawSize": [2048.0, 1858.0], "view": [577.9000244140625, 1325.300048828125]}}