{"guinu_g": {"size": [2048.0, 1860.0], "pivot": [0.49853515625, 0.7150537371635437], "position": [-202.99998474121094, 296.0], "rawSize": [2048.0, 1860.0], "view": [587.4000244140625, 1346.9000244140625]}}