{"boerzhanuo_2": {"size": [2048.0, 1940.0], "pivot": [0.49067598581314087, 0.66650390625], "position": [-260.25592041015625, 141.4613800048828], "rawSize": [2048.0, 1940.0], "view": [430.64508056640625, 987.244873046875]}}