{"salatuojia_10": {"size": [2048.0, 1678.0], "pivot": [0.49067598581314087, 0.66650390625], "position": [-207.75274658203125, -244.98936462402344], "rawSize": [2048.0, 1678.0], "view": [453.7980651855469, 1040.3226318359375]}}