{"kewei_5": {"size": [4152.0, 2412.0], "pivot": [0.49067598581314087, 0.66650390625], "position": [-187.90914916992188, -59.5909423828125], "raw": true, "rawSize": [2048.0, 1190.0], "view": [479.58203125, 1099.431884765625]}, "kewei_5_rw": {"size": [2048.0, 1970.0], "pivot": [0.49067598581314087, 0.66650390625], "position": [52.20000076293945, 464.79998779296875], "rawSize": [2048.0, 1970.0]}}