{"boge_g": {"size": [804.0, 1024.0], "pivot": [0.36144280433654785, 0.5833984613418579], "position": [-183.0000762939453, 97.0], "rawSize": [804.0, 1024.0], "view": [433.0, 761.0]}}