{"gufeng_g": {"size": [1267.0, 1280.0], "pivot": [0.42896607518196106, 0.55078125], "position": [-33.99932098388672, 48.0], "rawSize": [1014.0, 1024.0], "view": [596.0, 1052.0]}}