{"huangjiafangzhou_g": {"size": [4224.0, 2908.0], "pivot": [0.49067598581314087, 0.66650390625], "position": [-411.6667175292969, 385.4233093261719], "rawSize": [2048.0, 1410.0], "view": [570.3137817382812, 1307.432373046875]}, "huangjiafangzhou_g_rw": {"size": [1780.0, 2048.0], "pivot": [0.49067598581314087, 0.66650390625], "position": [-294.5, 267.5], "rawSize": [1780.0, 2048.0]}}