{"nengdai_3": {"size": [2048.0, 2048.0], "pivot": [0.49067598581314087, 0.66650390625], "position": [-153.62657165527344, -13.060308456420898], "rawSize": [2048.0, 2048.0], "view": [508.4725341796875, 1165.6627197265625]}}