{"xixuegui_6": {"size": [1672.0, 2048.0], "pivot": [0.49067598581314087, 0.66650390625], "position": [64.08427429199219, -100.40968322753906], "rawSize": [1672.0, 2048.0], "view": [508.4725341796875, 1165.6627197265625]}}