{"shuixingjinian_3": {"size": [1592.0, 2048.0], "pivot": [0.49067598581314087, 0.66650390625], "position": [-230.33338928222656, 149.262939453125], "raw": true, "rawSize": [1592.0, 2048.0], "view": [740.4073486328125, 1697.3682861328125]}}