{"sanli_4": {"size": [896.0, 1024.0], "pivot": [0.4206473231315613, 0.6336914300918579], "position": [-108.00025939941406, 13.0], "rawSize": [896.0, 1024.0], "view": [309.0, 709.0]}}