{"dujiaoshou_5": {"size": [1400.0, 1317.0], "pivot": [0.49785715341567993, 0.5551301836967468], "position": [-143.0000457763672, 100.0], "rawSize": [1400.0, 1317.0], "view": [391.29998779296875, 897.4000244140625]}}