{"xifujiniya": {"size": [1345.0, 1400.0], "pivot": [0.48059481382369995, 0.6090714335441589], "position": [-112.00008392333984, 123.0], "rawSize": [1345.0, 1400.0], "view": [345.0, 792.0]}}