{"chuixue": {"size": [1024.0, 1011.0], "pivot": [0.3701171875, 0.4495548903942108], "position": [-139.99954223632812, -69.0], "rawSize": [1024.0, 1011.0], "view": [386.0, 886.0]}}