{"xixuegui_5": {"size": [2028.0, 2048.0], "pivot": [0.49852070212364197, 0.53515625], "position": [54.00004959106445, 76.0], "rawSize": [2028.0, 2048.0], "view": [523.5, 1200.5]}}