{"ximu_2": {"size": [784.0, 1024.0], "pivot": [0.4591836631298065, 0.607421875], "position": [-8.000016212463379, 102.0], "rawSize": [784.0, 1024.0], "view": [316.0, 726.0]}}