{"i56_2": {"size": [554.0, 1024.0], "pivot": [0.4945848286151886, 0.5703125], "position": [-97.00025939941406, 68.0], "rawSize": [554.0, 1024.0], "view": [389.0, 892.0]}}