{"hairong": {"size": [2048.0, 1946.0], "pivot": [0.49067598581314087, 0.66650390625], "position": [-176.72979736328125, 78.21617126464844], "rawSize": [2048.0, 1946.0], "view": [570.3137817382812, 1307.432373046875]}}