{"huayue": {"size": [1959.0, 2048.0], "pivot": [0.4984686076641083, 0.53515625], "position": [-190.99989318847656, 60.0], "rawSize": [1959.0, 2048.0], "view": [668.0, 1531.9000244140625]}}