{"u410_3": {"size": [3124.0, 2612.0], "pivot": [0.49067598581314087, 0.66650390625], "position": [-257.11590576171875, -193.927001953125], "rawSize": [2048.0, 1712.0], "view": [639.442626953125, 1465.9090576171875]}, "u410_3_rw": {"size": [2048.0, 1510.0], "pivot": [0.49067598581314087, 0.66650390625], "position": [-48.0, 246.0], "rawSize": [2048.0, 1510.0]}}