{"qiye_h": {"size": [955.0, 1440.0], "pivot": [0.43193715810775757, 0.5097222328186035], "position": [-98.0, -6.0], "rawSize": [955.0, 1440.0], "view": [286.0, 656.0]}}