{"shengnvzhende": {"size": [2048.0, 1976.0], "pivot": [0.49853515625, 0.5364372730255127], "position": [-153.00001525878906, -6.0], "rawSize": [2048.0, 1976.0], "view": [507.0, 1162.5]}}