{"lingbo_13": {"size": [3726.0, 3272.0], "pivot": [0.49067598581314087, 0.66650390625], "position": [-329.25006103515625, -179.62510681152344], "rawSize": [2048.0, 1798.0], "view": [527.5402221679688, 1209.3748779296875]}, "lingbo_13_rw": {"size": [2048.0, 1866.0], "pivot": [0.49067598581314087, 0.66650390625], "position": [194.0, 196.0], "rawSize": [2048.0, 1866.0]}}