{"jiasikenie": {"size": [1400.0, 1337.0], "pivot": [0.4757142961025238, 0.5747942924499512], "position": [-91.99993133544922, -9.0], "rawSize": [1400.0, 1337.0], "view": [332.0, 765.0]}}