{"fuxu_alter": {"size": [5516.0, 4326.0], "pivot": [0.49067598581314087, 0.66650390625], "position": [-529.666748046875, 43.86663055419922], "rawSize": [2048.0, 1606.0], "view": [562.7095947265625, 1290.0]}, "fuxu_alter_bj": {"size": [5516.0, 4326.0], "pivot": [0.49067598581314087, 0.66650390625], "position": [-49.0, 717.1799926757812], "rawSize": [2048.0, 1606.0]}, "fuxu_alter_rw": {"size": [2048.0, 1992.0], "pivot": [0.49067598581314087, 0.66650390625], "position": [-162.0, 70.0], "rawSize": [2048.0, 1992.0]}}