{"wuerlixi_4": {"size": [5960.0, 3650.0], "pivot": [0.49067598581314087, 0.66650390625], "position": [-301.6032409667969, 444.0633850097656], "raw": true, "rawSize": [2048.0, 1254.0], "view": [669.8923950195312, 1535.71435546875]}, "wuerlixi_4_rw": {"size": [1558.0, 2048.0], "pivot": [0.49067598581314087, 0.66650390625], "position": [309.70001220703125, 451.70001220703125], "rawSize": [1558.0, 2048.0]}}