{"suweiailuoxiya": {"size": [2048.0, 1928.0], "pivot": [0.550488293170929, 0.5660788416862488], "position": [49.00001525878906, 65.0], "rawSize": [2048.0, 1928.0], "view": [314.29998779296875, 720.5999755859375]}}