{"hude_h": {"size": [1293.0, 1380.0], "pivot": [0.6059551239013672, 0.7188405990600586], "position": [134.00022888183594, 301.0], "rawSize": [1293.0, 1380.0], "view": [435.0, 766.0]}}