{"pinghai_8": {"size": [2670.0, 2528.0], "pivot": [0.49067598581314087, 0.66650390625], "position": [-208.11117553710938, 280.25384521484375], "rawSize": [2048.0, 1939.0], "view": [669.8923950195312, 1535.71435546875]}, "pinghai_8_rw": {"size": [1466.0, 2048.0], "pivot": [0.49067598581314087, 0.66650390625], "position": [-137.5, 498.0], "rawSize": [1466.0, 2048.0]}}