{"hailunna_h": {"size": [2478.0, 2284.0], "pivot": [0.49067598581314087, 0.66650390625], "position": [-138.17652893066406, 39.45092010498047], "rawSize": [2048.0, 1888.0], "view": [413.7570495605469, 948.5294189453125]}, "hailunna_h_rw": {"size": [2048.0, 1580.0], "pivot": [0.49067598581314087, 0.66650390625], "position": [-24.899999618530273, -21.600000381469727], "rawSize": [2048.0, 1580.0]}}