{"yamaijia_3": {"size": [1024.0, 907.0], "pivot": [0.44677734375, 0.6561190485954285], "position": [-183.19998168945312, 60.099998474121094], "rawSize": [1024.0, 907.0], "view": [347.20001220703125, 796.1400146484375]}}