{"aidingbao": {"size": [793.0, 1024.0], "pivot": [0.40668347477912903, 0.55078125], "position": [-120.00012969970703, 103.0], "rawSize": [781.0, 1024.0], "view": [508.0, 895.0]}}