{"gufeng_4": {"size": [2048.0, 1958.0], "pivot": [0.49067598581314087, 0.66650390625], "position": [-404.1163024902344, -29.716737747192383], "rawSize": [2048.0, 1958.0], "view": [548.0938720703125, 1256.49365234375]}}