{"z26": {"size": [1400.0, 1065.0], "pivot": [0.49785715341567993, 0.5676056146621704], "position": [-112.00001525878906, 24.0], "rawSize": [1400.0, 1065.0], "view": [461.3999938964844, 1058.199951171875]}}