{"bolisi": {"size": [1525.0, 1121.0], "pivot": [0.49147549271583557, 0.615967869758606], "position": [-74.99971771240234, 18.0], "rawSize": [1024.0, 753.0], "view": [533.0, 1070.0]}}