{"yingrui": {"size": [2048.0, 2024.0], "pivot": [0.52734375, 0.6314229369163513], "position": [-59.000030517578125, 77.0], "rawSize": [2048.0, 2024.0], "view": [512.9000244140625, 1176.0999755859375]}}