{"shenghaxintuo_2": {"size": [1994.0, 2048.0], "pivot": [0.49067598581314087, 0.66650390625], "position": [-70.12506103515625, 85.12492370605469], "rawSize": [1994.0, 2048.0], "view": [527.5402221679688, 1209.375]}}