{"shancheng_6": {"size": [939.0, 1024.0], "pivot": [0.4968051016330719, 0.5703125], "position": [-174.00001525878906, 81.0], "rawSize": [939.0, 1024.0], "view": [364.20001220703125, 835.0999755859375]}}