{"yingwuluo_2": {"size": [2048.0, 1280.0], "pivot": [0.49067598581314087, 0.66650390625], "position": [60.28438949584961, 188.55807495117188], "rawSize": [2048.0, 1280.0], "view": [359.0, 823.0]}}