{"jinluhao_2": {"size": [1700.0, 1450.0], "pivot": [0.49067598581314087, 0.66650390625], "position": [395.9906921386719, -466.4034118652344], "raw": true, "rawSize": [1700.0, 1450.0], "view": [555.3055419921875, 1273.0263671875]}, "jinluhao_2_rw3": {"size": [1700.0, 1360.0], "pivot": [0.49067598581314087, 0.66650390625], "position": [-15.85099983215332, -1169.0], "rawSize": [1700.0, 1360.0]}, "jinluhao_2_rw4": {"size": [1310.0, 1360.0], "pivot": [0.49067598581314087, 0.66650390625], "position": [1485.0, -1169.0], "raw": true, "rawSize": [1310.0, 1360.0]}, "jinluhao_2_rw2": {"size": [1310.0, 1450.0], "pivot": [0.49067598581314087, 0.66650390625], "position": [1485.0, 241.42999267578125], "rawSize": [1310.0, 1450.0]}}