{"z23_11": {"size": [1946.0, 2048.0], "pivot": [0.49067598581314087, 0.66650390625], "position": [-283.36370849609375, 204.04541015625], "rawSize": [1946.0, 2048.0], "view": [479.58203125, 1099.431884765625]}}