{"ougen_7": {"size": [3688.0, 3054.0], "pivot": [0.49067598581314087, 0.66650390625], "position": [-579.4390869140625, -29.70746612548828], "rawSize": [2048.0, 1696.0], "view": [1029.3468017578125, 2359.756103515625]}, "ougen_7_rw": {"size": [1524.0, 2048.0], "pivot": [0.49067598581314087, 0.66650390625], "position": [-60.20000076293945, 392.0], "rawSize": [1524.0, 2048.0]}}