{"mingyunnvshen_2": {"size": [2048.0, 1926.0], "pivot": [0.49067598581314087, 0.66650390625], "position": [-251.31292724609375, -225.4270477294922], "raw": true, "rawSize": [2048.0, 1926.0], "view": [611.640869140625, 1402.1739501953125]}}