{"bulaimodun_5": {"size": [1978.0, 2048.0], "pivot": [0.49067598581314087, 0.66650390625], "position": [-147.14710998535156, -161.08856201171875], "rawSize": [1978.0, 2048.0], "view": [620.6355590820312, 1422.7940673828125]}}