{"longxiang_3": {"size": [2034.0, 2048.0], "pivot": [0.7025565505027771, 0.5294596552848816], "position": [-159.00006103515625, -54.00018310546875], "rawSize": [2034.0, 2048.0], "view": [844.0643920898438, 1935.0]}}