{"bola_2": {"size": [2048.0, 1616.0], "pivot": [0.47412109375, 0.45977723598480225], "position": [-279.0000305175781, -70.0], "rawSize": [2048.0, 1616.0], "view": [331.0, 1108.5999755859375]}}