{"pucimaosi_2": {"size": [5442.0, 3074.0], "pivot": [0.49067598581314087, 0.66650390625], "position": [-128.66673278808594, 151.99984741210938], "raw": true, "rawSize": [2048.0, 1157.0], "view": [703.386962890625, 1612.4998779296875]}, "pucimaosi_2_rw": {"size": [1850.0, 2048.0], "pivot": [0.49067598581314087, 0.66650390625], "position": [99.80000305175781, 378.70001220703125], "rawSize": [1850.0, 2048.0]}}