{"qinchao": {"size": [949.0, 1024.0], "pivot": [0.42307692766189575, 0.6298828125], "position": [-100.00017547607422, 116.0], "rawSize": [949.0, 1024.0], "view": [358.0, 820.0]}}