{"qifeng": {"size": [759.0, 1024.0], "pivot": [0.5210803747177124, 0.666015625], "position": [-44.000152587890625, 72.0], "rawSize": [759.0, 1024.0], "view": [340.0, 782.0]}, "face": {"size": [265.0, 284.0], "pivot": [0.5, 0.5], "position": [30.100000381469727, 360.0], "rawSize": [265.0, 284.0], "list": [0, 1, 2, 3]}}