{"qifeng": {"size": [759.0, 1024.0], "pivot": [0.5210803747177124, 0.666015625], "position": [-44.000152587890625, 72.0], "rawSize": [759.0, 1024.0], "view": [340.0, 782.0]}}