{"kaxin_g": {"size": [821.0, 1024.0], "pivot": [0.2771010994911194, 0.650390625], "position": [-181.99957275390625, 149.0], "rawSize": [821.0, 1024.0], "view": [334.0, 766.0]}}