{"aomaha": {"size": [866.0, 1231.0], "pivot": [0.5127021074295044, 0.6316003203392029], "position": [-80.00039672851562, 159.0], "rawSize": [719.0, 1021.0], "view": [421.0, 910.0]}}