{"fumilulu": {"size": [1024.0, 784.0], "pivot": [0.4951171875, 0.37627550959587097], "position": [-4.99969482421875, -118.0], "rawSize": [1024.0, 784.0], "view": [325.0, 746.0]}}