{"luoen_4": {"size": [3728.0, 3010.0], "pivot": [0.49067598581314087, 0.66650390625], "position": [-266.5085144042969, 203.73052978515625], "rawSize": [2048.0, 1654.0], "view": [669.8923950195312, 1535.71435546875]}, "luoen_4_rw": {"size": [934.0, 2048.0], "pivot": [0.49067598581314087, 0.66650390625], "position": [-21.0, 282.0], "rawSize": [934.0, 2048.0]}}