{"nabulesi_2": {"size": [4922.0, 2768.0], "pivot": [0.49067598581314087, 0.66650390625], "position": [-183.15391540527344, 73.01006317138672], "raw": true, "rawSize": [2048.0, 1152.0], "view": [629.8988037109375, 1444.02978515625]}, "nabulesi_2_rw": {"size": [2048.0, 1866.0], "pivot": [0.49067598581314087, 0.66650390625], "position": [24.9000244140625, 166.89999389648438], "rawSize": [2048.0, 1866.0]}}