{"mengya_3": {"size": [3348.0, 3506.0], "pivot": [0.49067598581314087, 0.66650390625], "position": [-674.77783203125, 280.25384521484375], "rawSize": [1956.0, 2048.0], "view": [669.8923950195312, 1535.71435546875]}, "mengya_3_rw": {"size": [700.0, 2048.0], "pivot": [0.49067598581314087, 0.66650390625], "position": [-585.0, 280.0], "rawSize": [700.0, 2048.0]}}