{"hdn302_1": {"size": [1024.0, 976.0], "pivot": [0.7060546875, 0.4313524663448334], "position": [12.999906539916992, -8.0], "rawSize": [1024.0, 976.0], "view": [323.0, 739.0]}}