{"ougen_younv": {"size": [1436.0, 2048.0], "pivot": [0.49067598581314087, 0.66650390625], "position": [-76.5918960571289, 106.8979263305664], "rawSize": [1436.0, 2048.0], "view": [430.64508056640625, 987.244873046875]}}