{"haitunhao": {"size": [5274.0, 4600.0], "pivot": [0.49067598581314087, 0.66650390625], "position": [-185.88894653320312, -288.14447021484375], "rawSize": [2048.0, 1786.0], "view": [669.892333984375, 1535.7142333984375]}, "haitunhao_rw": {"size": [2048.0, 1922.0], "pivot": [0.49067598581314087, 0.66650390625], "position": [157.8000030517578, -176.39999389648438], "rawSize": [2048.0, 1922.0]}}