{"kewei_4": {"size": [3722.0, 3460.0], "pivot": [0.49067598581314087, 0.66650390625], "position": [-828.5789794921875, 145.33322143554688], "rawSize": [2048.0, 1904.0], "view": [740.4073486328125, 1697.368408203125]}, "kewei_4_rw": {"size": [1260.0, 2048.0], "pivot": [0.49067598581314087, 0.66650390625], "position": [-426.0, 503.6000061035156], "rawSize": [1260.0, 2048.0]}}