{"huangjiafangzhou_3": {"size": [778.0, 1024.0], "pivot": [0.5336026549339294, 0.4849330186843872], "position": [-85.99970245361328, -7.0], "rawSize": [778.0, 1024.0], "view": [312.0, 716.0]}}