{"u556_alter": {"size": [2048.0, 1822.0], "pivot": [0.4732530117034912, 0.6810547113418579], "position": [162.12684631347656, 32.993709564208984], "rawSize": [2048.0, 1822.0], "view": [553.828857421875, 1273.0263671875]}}