{"mingyunnvshen_g": {"size": [867.0, 1024.0], "pivot": [0.5196078419685364, 0.6298828125], "position": [-88.99986267089844, 71.0], "rawSize": [867.0, 1024.0], "view": [427.0, 753.0]}}