{"shitelasai_3": {"size": [2576.0, 3072.0], "pivot": [0.49067598581314087, 0.66650390625], "position": [-210.33340454101562, 147.9999542236328], "rawSize": [1717.0, 2048.0], "view": [562.7095947265625, 1290.0]}, "shitelasai_3_rw": {"size": [2048.0, 868.0], "pivot": [0.49067598581314087, 0.66650390625], "position": [-42.5, 400.0], "rawSize": [2048.0, 868.0]}}