{"ximu_6": {"size": [2048.0, 1414.0], "pivot": [0.3069256544113159, 0.5442607402801514], "position": [-566.1105346679688, -83.40575408935547], "raw": true, "rawSize": [2048.0, 1414.0], "view": [680.697021484375, 1560.4837646484375]}}