{"boerzhanuo_alter": {"size": [3022.0, 2142.0], "pivot": [0.49067598581314087, 0.66650390625], "position": [-349.42724609375, 128.5047607421875], "rawSize": [2048.0, 1452.0], "view": [409.7400207519531, 939.3204345703125]}, "boerzhanuo_alter_rw": {"size": [1842.0, 2048.0], "pivot": [0.49067598581314087, 0.66650390625], "position": [-215.5, 382.70001220703125], "rawSize": [1842.0, 2048.0]}}