{"jingang_5": {"size": [2048.0, 1764.0], "pivot": [0.49067598581314087, 0.66650390625], "position": [-321.2857666015625, -26.571516036987305], "rawSize": [2048.0, 1764.0], "view": [602.9031372070312, 1382.142822265625]}}