{"fushun_2": {"size": [2048.0, 1828.0], "pivot": [0.49067598581314087, 0.66650390625], "position": [-183.92312622070312, -99.66675567626953], "rawSize": [2048.0, 1828.0], "view": [541.0669555664062, 1240.3846435546875]}}