{"yangyan": {"size": [1094.0, 1244.0], "pivot": [0.39031079411506653, 0.5803858637809753], "position": [-117.0001220703125, 51.0], "rawSize": [901.0, 1024.0], "view": [473.0, 914.0]}}