{"yan": {"size": [2084.0, 2258.0], "pivot": [0.49067598581314087, 0.66650390625], "position": [1.7458925247192383, 190.41416931152344], "rawSize": [1890.0, 2048.0], "view": [508.4725036621094, 1165.6627197265625]}, "yan_front": {"size": [2084.0, 2258.0], "pivot": [0.49067598581314087, 0.66650390625], "position": [-19.430999755859375, 375.9700012207031], "rawSize": [1890.0, 2048.0]}, "yan_rw_ex": {"size": [1238.0, 2048.0], "pivot": [0.49067598581314087, 0.66650390625], "position": [-150.0, 440.0], "rawSize": [1238.0, 2048.0]}}