{"simoli_3": {"size": [1400.0, 1400.0], "pivot": [0.5292143225669861, 0.4651428759098053], "position": [6.000016212463379, -106.0], "rawSize": [1400.0, 1400.0], "view": [375.0, 860.0]}}