{"qiye_7": {"size": [2907.0, 2632.0], "pivot": [0.49067598581314087, 0.66650390625], "position": [-277.00006103515625, 349.64703369140625], "rawSize": [2048.0, 1854.0], "view": [496.5084533691406, 1138.2352294921875]}, "qiye_7_rw": {"size": [1622.0, 2048.0], "pivot": [0.49067598581314087, 0.66650390625], "position": [140.5, 613.0], "rawSize": [1622.0, 2048.0]}}