{"weixi_4": {"size": [4348.0, 3698.0], "pivot": [0.49067598581314087, 0.66650390625], "position": [-527.0001220703125, 86.4522476196289], "rawSize": [2048.0, 1742.0], "view": [703.386962890625, 1612.4998779296875]}, "weixi_4_rw": {"size": [1388.0, 2048.0], "pivot": [0.49067598581314087, 0.66650390625], "position": [-166.0, 97.0], "rawSize": [1388.0, 2048.0]}}