{"yixian_3": {"size": [5867.0, 3864.0], "pivot": [0.4732530117034912, 0.6810547113418579], "position": [27.630008697509766, 96.15282440185547], "rawSize": [2048.0, 1349.0], "view": [978.8604125976562, 2250.0]}, "yixian_3_rw": {"size": [2999.0, 2806.0], "pivot": [0.4732530117034912, 0.6810547113418579], "position": [393.0, 190.0], "rawSize": [2999.0, 2806.0]}}