{"ruihe": {"size": [1024.0, 993.0], "pivot": [0.5576171875, 0.6671701669692993], "position": [28.999961853027344, 150.0], "rawSize": [1024.0, 993.0], "view": [339.0, 678.0]}}