{"weineituo": {"size": [2048.0, 1782.0], "pivot": [0.49853515625, 0.5404040217399597], "position": [-157.0, 34.0], "rawSize": [2048.0, 1782.0], "view": [331.0, 949.5999755859375]}, "weineituo_jz": {"size": [2048.0, 1782.0], "pivot": [0.49067598581314087, 0.66650390625], "position": [-19.09600067138672, 296.7099914550781], "rawSize": [2048.0, 1782.0]}, "weineituo_renwu": {"size": [2048.0, 1782.0], "pivot": [0.49067598581314087, 0.66650390625], "position": [-19.09600067138672, 296.7099914550781], "rawSize": [2048.0, 1782.0]}, "weineituo_front": {"size": [2048.0, 1782.0], "pivot": [0.49067598581314087, 0.66650390625], "position": [-19.09600067138672, 296.7099914550781], "rawSize": [2048.0, 1782.0]}}