{"susaikesi": {"size": [825.0, 1024.0], "pivot": [0.32787877321243286, 0.6044921875], "position": [-160.9996337890625, 85.0], "rawSize": [825.0, 1024.0], "view": [356.0, 816.0]}}