{"ninghai_2": {"size": [818.0, 1024.0], "pivot": [0.41442543268203735, 0.5947265625], "position": [-76.00007629394531, 90.0], "rawSize": [818.0, 1024.0], "view": [431.0, 775.0]}}