{"lemaer": {"size": [837.0, 1024.0], "pivot": [0.40561529994010925, 0.57421875], "position": [-98.99990844726562, 56.0], "rawSize": [837.0, 1024.0], "view": [327.0, 750.0]}}