{"z24": {"size": [2048.0, 2045.0], "pivot": [0.685546875, 0.4760391116142273], "position": [-326.0, -44.0], "rawSize": [2048.0, 2045.0], "view": [677.0, 1552.0]}}