{"liande": {"size": [912.0, 1230.0], "pivot": [0.5701754093170166, 0.6642276644706726], "position": [-43.000091552734375, 170.0], "rawSize": [760.0, 1024.0], "view": [481.0, 957.0]}}