{"sanriyue": {"size": [907.0, 1024.0], "pivot": [0.4713340699672699, 0.4375], "position": [-150.9999542236328, -17.0], "rawSize": [907.0, 1024.0], "view": [522.0, 920.0]}}