{"deleike": {"size": [2048.0, 1551.0], "pivot": [0.51123046875, 0.6495808959007263], "position": [-127.00000762939453, 37.0], "rawSize": [2048.0, 1551.0], "view": [449.8999938964844, 1031.800048828125]}}