{"lingbo_16": {"size": [3236.0, 2948.0], "pivot": [0.4732530117034912, 0.6810547113418579], "position": [-401.74981689453125, 57.916542053222656], "rawSize": [2048.0, 1866.0], "view": [876.895751953125, 2015.625]}, "lingbo_16_rw": {"size": [1142.0, 2048.0], "pivot": [0.4732530117034912, 0.6810547113418579], "position": [-132.0, 398.0], "rawSize": [1142.0, 2048.0]}}