{"u96_3": {"size": [1874.0, 2048.0], "pivot": [0.49067598581314087, 0.66650390625], "position": [-179.77114868164062, -29.807373046875], "rawSize": [1874.0, 2048.0], "view": [508.4725341796875, 1165.6627197265625]}}