{"naimeizi_2": {"size": [1982.0, 2048.0], "pivot": [0.49067598581314087, 0.66650390625], "position": [2.99993896484375, 31.999969482421875], "rawSize": [1982.0, 2048.0], "view": [496.5084533691406, 1138.2352294921875]}}