{"awuwei_g": {"size": [1024.0, 983.0], "pivot": [0.40625, 0.47355034947395325], "position": [-157.0000457763672, -17.0], "rawSize": [1024.0, 983.0], "view": [491.0, 973.0]}}