{"shenghuan": {"size": [736.0, 1024.0], "pivot": [0.36838534474372864, 0.658203125], "position": [-126.0002670288086, 132.0], "rawSize": [736.0, 1024.0], "view": [355.0, 815.0]}}