{"yibei_2": {"size": [4004.0, 3090.0], "pivot": [0.49067598581314087, 0.66650390625], "position": [-395.1924133300781, -159.0386962890625], "rawSize": [2048.0, 1580.0], "view": [811.6004028320312, 1860.5770263671875]}, "yibei_2_rw": {"size": [2048.0, 1852.0], "pivot": [0.49067598581314087, 0.66650390625], "position": [-153.0, 83.0], "rawSize": [2048.0, 1852.0]}}