{"xinzexi_h": {"size": [3774.0, 4796.0], "pivot": [0.49067598581314087, 0.66650390625], "position": [-317.5480041503906, 654.4656372070312], "rawSize": [1612.0, 2048.0], "view": [578.1262817382812, 1325.3424072265625]}, "xinzexi_h_front": {"size": [3486.0, 3450.0], "pivot": [0.49067598581314087, 0.66650390625], "position": [385.8999938964844, 108.0999984741211], "rawSize": [2048.0, 2027.0]}, "xinzexi_h_rw": {"size": [1910.0, 2048.0], "pivot": [0.49067598581314087, 0.66650390625], "position": [-525.0, 761.0], "rawSize": [1910.0, 2048.0]}}