{"shuixingjinian_2": {"size": [1400.0, 1258.0], "pivot": [0.5621428489685059, 0.521462619304657], "position": [-263.9999694824219, -159.0], "rawSize": [1400.0, 1258.0], "view": [519.0999755859375, 1190.5999755859375]}}