{"tianhou_2": {"size": [1400.0, 1414.0], "pivot": [0.5, 0.5268741250038147], "position": [-21.00000762939453, 36.0], "rawSize": [1400.0, 1414.0], "view": [401.29998779296875, 920.2000122070312]}}