{"xiang": {"size": [1500.0, 1406.0], "pivot": [0.5460000038146973, 0.5647937059402466], "position": [-110.99995422363281, 45.0], "rawSize": [1500.0, 1406.0], "view": [385.20001220703125, 883.2999877929688]}}