{"salatuojia_5": {"size": [948.0, 1024.0], "pivot": [0.4000000059604645, 0.58740234375], "position": [-133.99969482421875, 33.0], "rawSize": [948.0, 1024.0], "view": [431.0, 988.0]}}