{"peineiluopo_2": {"size": [2048.0, 1954.0], "pivot": [0.49853515625, 0.48106446862220764], "position": [-212.00006103515625, -180.0], "rawSize": [2048.0, 1954.0], "view": [453.20001220703125, 1039.4000244140625]}}