{"mojiaduoer_2": {"size": [2910.0, 2616.0], "pivot": [0.49067598581314087, 0.66650390625], "position": [-205.0645751953125, 85.54833984375], "rawSize": [2048.0, 1841.0], "view": [680.6970825195312, 1560.48388671875]}, "mojiaduoer_2_rw": {"size": [1966.0, 2048.0], "pivot": [0.49067598581314087, 0.66650390625], "position": [12.0, 102.69999694824219], "rawSize": [1966.0, 2048.0]}}