{"changfeng_2": {"size": [5320.0, 3426.0], "pivot": [0.49067598581314087, 0.66650390625], "position": [-421.0506896972656, -250.025390625], "rawSize": [2048.0, 1319.0], "view": [1068.4359130859375, 2449.366943359375]}, "changfeng_2_bj": {"size": [5320.0, 3426.0], "pivot": [0.49067598581314087, 0.66650390625], "position": [-49.604000091552734, 570.4400024414062], "raw": true, "rawSize": [2048.0, 1319.0]}, "changfeng_2_rw": {"size": [1914.0, 2048.0], "pivot": [0.49067598581314087, 0.66650390625], "position": [322.0, 276.0], "rawSize": [1914.0, 2048.0]}, "face": {"size": [1378.0, 1348.0], "pivot": [0.5, 0.5], "position": [76.80000305175781, 279.0], "rawSize": [1378.0, 1348.0], "list": [0, 1, 10, 11, 2, 3, 4, 5, 6, 7, 8, 9]}}