{"gaoxiong_3": {"size": [1024.0, 887.0], "pivot": [0.39453125, 0.6916572451591492], "position": [-105.99983215332031, 142.0], "rawSize": [1024.0, 887.0], "view": [282.0, 647.0]}}