{"mingniabolisi": {"size": [1580.0, 1600.0], "pivot": [0.6816455721855164, 0.45625001192092896], "position": [126.99954986572266, -53.0], "rawSize": [1580.0, 1600.0], "view": [409.0, 938.0]}}