{"ruoyue_2": {"size": [1912.0, 2048.0], "pivot": [0.49067598581314087, 0.66650390625], "position": [-331.54595947265625, -246.6256103515625], "rawSize": [1912.0, 2048.0], "view": [508.4725341796875, 1165.6627197265625]}}