{"jiyi_2": {"size": [2000.0, 2048.0], "pivot": [0.3244999945163727, 0.37548828125], "position": [-351.00006103515625, -289.0], "rawSize": [2000.0, 2048.0], "view": [457.79998779296875, 1049.699951171875]}}