{"haman_3": {"size": [2015.0, 2048.0], "pivot": [0.4985111653804779, 0.53515625], "position": [-303.99993896484375, 36.0], "rawSize": [2015.0, 2048.0], "view": [395.5, 906.7999877929688]}}