{"zhixiao_2_doa": {"size": [1806.0, 2048.0], "pivot": [0.49833887815475464, 0.72021484375], "position": [-153.0, 314.0], "rawSize": [1806.0, 2048.0], "view": [509.70001220703125, 1168.5]}}