{"hude_4": {"size": [3839.0, 3111.0], "pivot": [0.4556140601634979, 0.6216867566108704], "position": [-155.28599548339844, 231.0], "rawSize": [2048.0, 1660.0], "view": [578.0, 1349.9000244140625]}, "hude_4_rw": {"size": [1096.0, 2048.0], "pivot": [0.49067598581314087, 0.66650390625], "position": [-15.300000190734863, 198.89999389648438], "rawSize": [1096.0, 2048.0]}}