{"telinida_2": {"size": [6480.0, 3764.0], "pivot": [0.49067598581314087, 0.66650390625], "position": [-274.50006103515625, -45.500152587890625], "raw": true, "rawSize": [2048.0, 1190.0], "view": [1055.0804443359375, 2418.75]}, "telinida_2_rw": {"size": [1512.0, 2048.0], "pivot": [0.49067598581314087, 0.66650390625], "position": [-40.0, 308.3999938964844], "rawSize": [1512.0, 2048.0]}}