{"yuekechengii": {"size": [5348.0, 4252.0], "pivot": [0.49067598581314087, 0.66650390625], "position": [-262.9091491699219, 497.2271728515625], "rawSize": [2048.0, 1628.0], "view": [479.58203125, 1099.431884765625]}, "yuekechengii_rw": {"size": [1736.0, 2048.0], "pivot": [0.49067598581314087, 0.66650390625], "position": [-204.0, 716.0], "rawSize": [1736.0, 2048.0]}}