{"z2_3": {"size": [1500.0, 2048.0], "pivot": [0.2899215817451477, 0.33708637952804565], "position": [-335.0946960449219, -332.3223876953125], "rawSize": [1500.0, 2048.0], "view": [458.73065185546875, 1051.63037109375]}}