{"fuluoxiluofu_2": {"size": [3908.0, 3221.0], "pivot": [0.49067598581314087, 0.66650390625], "position": [-383.7442626953125, -349.1629638671875], "rawSize": [2048.0, 1688.0], "view": [981.47021484375, 2250.0]}, "fuluoxiluofu_2_rw": {"size": [2048.0, 1890.0], "pivot": [0.49067598581314087, 0.66650390625], "position": [-45.0, 20.299999237060547], "rawSize": [2048.0, 1890.0]}}