{"bolisi_3": {"size": [1909.0, 2048.0], "pivot": [0.49842849373817444, 0.53515625], "position": [-309.0000305175781, 31.0], "rawSize": [1909.0, 2048.0], "view": [765.7999877929688, 1755.699951171875]}}