{"xiliansi_tolove": {"size": [2048.0, 1864.0], "pivot": [0.49067598581314087, 0.66650390625], "position": [107.99995422363281, 243.24993896484375], "rawSize": [2048.0, 1864.0], "view": [527.5402221679688, 1209.375]}}