{"zhaochao_5": {"size": [3114.0, 2656.0], "pivot": [0.49067598581314087, 0.66650390625], "position": [-138.443359375, 241.79371643066406], "rawSize": [2048.0, 1747.0], "view": [435.08465576171875, 997.422607421875]}, "zhaochao_5_rw": {"size": [2048.0, 1442.0], "pivot": [0.49067598581314087, 0.66650390625], "position": [21.0, 318.5], "rawSize": [2048.0, 1442.0]}}