{"naerxun_2": {"size": [1400.0, 1391.0], "pivot": [0.470714271068573, 0.6647735238075256], "position": [-170.99984741210938, 35.0], "rawSize": [1400.0, 1391.0], "view": [443.0, 1017.0]}}