{"ninghai_5": {"size": [1198.0, 1400.0], "pivot": [0.4974958300590515, 0.5514285564422607], "position": [-155.99998474121094, 72.0], "rawSize": [1198.0, 1400.0], "view": [440.20001220703125, 1009.2000122070312]}}