{"meiyinci_3": {"size": [4738.0, 2774.0], "pivot": [0.49067598581314087, 0.66650390625], "position": [-398.75823974609375, -0.21004676818847656], "raw": true, "rawSize": [2048.0, 1199.0], "view": [663.5726318359375, 1521.226318359375]}, "meiyinci_3_rw": {"size": [2048.0, 1684.0], "pivot": [0.49067598581314087, 0.66650390625], "position": [82.0, 100.5], "rawSize": [2048.0, 1684.0]}}