{"chuixue_5": {"size": [1057.0, 1200.0], "pivot": [0.45307472348213196, 0.5902500152587891], "position": [-157.00003051757812, 62.0], "rawSize": [1057.0, 1200.0], "view": [381.6000061035156, 875.0999755859375]}}