{"mengmeng_tolove": {"size": [3154.0, 2438.0], "pivot": [0.49067598581314087, 0.66650390625], "position": [-322.4902648925781, -25.25501823425293], "rawSize": [2048.0, 1583.0], "view": [827.5140991210938, 1897.058837890625]}, "mengmeng_tolove_rw": {"size": [2048.0, 1624.0], "pivot": [0.49067598581314087, 0.66650390625], "position": [-275.6000061035156, 256.0], "rawSize": [2048.0, 1624.0]}}