{"z35_4": {"size": [3824.0, 2408.0], "pivot": [0.49067598581314087, 0.66650390625], "position": [-177.95245361328125, -116.57147216796875], "raw": true, "rawSize": [2048.0, 1290.0], "view": [669.8923950195312, 1535.71435546875]}, "z35_4_rw": {"size": [2048.0, 1894.0], "pivot": [0.49067598581314087, 0.66650390625], "position": [-192.89999389648438, 353.0], "rawSize": [2048.0, 1894.0]}}