{"u31_2": {"size": [5132.0, 3298.0], "pivot": [0.49067598581314087, 0.66650390625], "position": [-582.4429931640625, -311.6537170410156], "raw": true, "rawSize": [2048.0, 1316.0], "view": [1055.0802001953125, 2418.749755859375]}, "u31_2_rw": {"size": [2048.0, 1506.0], "pivot": [0.49067598581314087, 0.66650390625], "position": [-81.0, 32.099998474121094], "rawSize": [2048.0, 1506.0]}}