{"z52_2": {"size": [5298.0, 3474.0], "pivot": [0.49067598581314087, 0.66650390625], "position": [-480.56170654296875, 321.5889892578125], "raw": true, "rawSize": [2048.0, 1343.0], "view": [578.1262817382812, 1325.3424072265625]}, "z52_2_rw": {"size": [1182.0, 2048.0], "pivot": [0.49067598581314087, 0.66650390625], "position": [-182.60000610351562, 449.6000061035156], "rawSize": [1182.0, 2048.0]}}