{"botelan_g": {"size": [1024.0, 1005.0], "pivot": [0.384765625, 0.5815920233726501], "position": [-102.99992370605469, 64.0], "rawSize": [1024.0, 1005.0], "view": [406.0, 810.0]}}