{"ruyue": {"size": [804.0, 1024.0], "pivot": [0.3905472755432129, 0.5625], "position": [-117.99980926513672, 57.0], "rawSize": [804.0, 1024.0], "view": [443.0, 879.0]}}