{"xiaotiane_4": {"size": [843.0, 1024.0], "pivot": [0.40747329592704773, 0.701171875], "position": [-148.99984741210938, 111.0], "rawSize": [843.0, 1024.0], "view": [373.0, 855.0]}}