{"weiyan_2": {"size": [1400.0, 1319.0], "pivot": [0.49785715341567993, 0.5545868277549744], "position": [-84.00005340576172, 55.0], "rawSize": [1400.0, 1319.0], "view": [579.7999877929688, 1329.5999755859375]}}