{"weixi": {"size": [2048.0, 1610.0], "pivot": [0.587890625, 0.4832298159599304], "position": [-197.0, -69.0], "rawSize": [2048.0, 1610.0], "view": [361.29998779296875, 828.7000122070312]}}