{"saidelici_6": {"size": [2048.0, 1882.0], "pivot": [0.49067598581314087, 0.66650390625], "position": [-7.909151077270508, 76.91468048095703], "rawSize": [2048.0, 1882.0], "view": [329.712646484375, 755.8593139648438]}}