{"changfeng": {"size": [2048.0, 1354.0], "pivot": [0.49067598581314087, 0.66650390625], "position": [-170.78646850585938, -62.75735092163086], "rawSize": [2048.0, 1354.0], "view": [409.7400207519531, 939.3204345703125]}}