{"u47_3": {"size": [1400.0, 1322.0], "pivot": [0.4770714342594147, 0.5753403902053833], "position": [-175.70001220703125, 111.9000015258789], "rawSize": [1400.0, 1322.0], "view": [348.7099914550781, 799.5999755859375]}}