{"bisimai_2": {"size": [1024.0, 995.0], "pivot": [0.45527344942092896, 0.6035175919532776], "position": [-188.0001678466797, 22.0], "rawSize": [1024.0, 995.0], "view": [357.0, 818.0]}}