{"gaoxiong_h": {"size": [810.0, 1024.0], "pivot": [0.5432098507881165, 0.5927734375], "position": [-85.99971008300781, 109.0], "rawSize": [810.0, 1024.0], "view": [337.0, 774.0]}}