{"hemin_3": {"size": [2048.0, 1971.0], "pivot": [0.55517578125, 0.6400304436683655], "position": [-84.00006103515625, 29.0], "raw": true, "rawSize": [2048.0, 1971.0], "view": [573.5, 1314.5999755859375]}}