{"z23_10": {"size": [2048.0, 1764.0], "pivot": [0.49067598581314087, 0.66650390625], "position": [-367.5882873535156, -242.4119415283203], "rawSize": [2048.0, 1764.0], "view": [620.6355590820312, 1422.7940673828125]}}