{"vtuber_fubuki_2": {"size": [1024.0, 1014.0], "pivot": [0.4970703125, 0.5710059404373169], "position": [-23.99997901916504, 7.0], "raw": true, "rawSize": [1024.0, 1014.0], "view": [401.8999938964844, 921.5999755859375]}}