{"luna_doa": {"size": [3100.0, 3134.0], "pivot": [0.49067598581314087, 0.66650390625], "position": [-233.76475524902344, 419.20068359375], "rawSize": [2026.0, 2048.0], "view": [727.6417236328125, 1668.103515625]}, "luna_doa_rw": {"size": [2048.0, 1868.0], "pivot": [0.49067598581314087, 0.66650390625], "position": [115.0, 560.0], "rawSize": [2048.0, 1868.0]}}