{"lei_2": {"size": [819.0, 1024.0], "pivot": [0.44505494832992554, 0.6591796875], "position": [-64.00013732910156, 129.0], "rawSize": [819.0, 1024.0], "view": [446.0, 788.0]}}