{"qianwei": {"size": [4748.0, 4170.0], "pivot": [0.49067598581314087, 0.66650390625], "position": [-321.13800048828125, -284.552001953125], "rawSize": [2048.0, 1799.0], "view": [727.6417236328125, 1668.103515625]}, "qianwei_rw": {"size": [1954.0, 2048.0], "pivot": [0.49067598581314087, 0.66650390625], "position": [88.80000305175781, -240.8000030517578], "rawSize": [1954.0, 2048.0]}}