{"buli_super_2": {"size": [4532.0, 2592.0], "pivot": [0.49067598581314087, 0.66650390625], "position": [-452.38470458984375, 95.07682800292969], "raw": true, "rawSize": [2048.0, 1171.0], "view": [649.2803344726562, 1488.4615478515625]}, "buli_super_2_rw": {"size": [1694.0, 2048.0], "pivot": [0.49067598581314087, 0.66650390625], "position": [-235.89999389648438, 384.5], "rawSize": [1694.0, 2048.0]}}