{"lvzi": {"size": [2048.0, 2028.0], "pivot": [0.4642496705055237, 0.4909346103668213], "position": [-128.78065490722656, 20.423927307128906], "rawSize": [2048.0, 2028.0], "view": [534.2179565429688, 1224.68359375]}}