{"shensu_2": {"size": [2048.0, 1520.0], "pivot": [0.49853515625, 0.5473684072494507], "position": [-192.0, -43.0], "rawSize": [2048.0, 1520.0], "view": [465.20001220703125, 1066.9000244140625]}}