{"xishao_2": {"size": [3616.0, 3450.0], "pivot": [0.49067598581314087, 0.66650390625], "position": [-471.2064208984375, 122.11888885498047], "rawSize": [2048.0, 1954.0], "view": [753.62890625, 1727.6787109375]}, "xishao_2_rw": {"size": [1004.0, 2048.0], "pivot": [0.49067598581314087, 0.66650390625], "position": [-165.0, 317.0], "rawSize": [1004.0, 2048.0]}}