{"yixian": {"size": [717.0, 1023.0], "pivot": [0.23500697314739227, 0.5674486756324768], "position": [-192.0, 64.0], "rawSize": [718.0, 1024.0], "view": [356.0, 672.0]}}