{"hao_5": {"size": [2048.0, 1840.0], "pivot": [0.49067598581314087, 0.66650390625], "position": [-52.434844970703125, -119.52183532714844], "rawSize": [2048.0, 1840.0], "view": [458.73065185546875, 1051.63037109375]}}