{"jiahe_7": {"size": [2047.0, 2047.0], "pivot": [0.4732530117034912, 0.6810547113418579], "position": [-87.86285400390625, 7.739522933959961], "rawSize": [2047.0, 2047.0], "view": [576.5889282226562, 1325.3424072265625]}}