{"weiqita_3": {"size": [2048.0, 1926.0], "pivot": [0.49853515625, 0.5373831987380981], "position": [-162.00001525878906, -76.0], "rawSize": [2048.0, 1926.0], "view": [500.1000061035156, 1146.9000244140625]}}