{"binxifaniya_2": {"size": [1676.0, 2048.0], "pivot": [0.49067598581314087, 0.66650390625], "position": [-69.16500854492188, 167.67007446289062], "rawSize": [1676.0, 2048.0], "view": [435.084716796875, 997.4226684570312]}}