{"lisailiu_3": {"size": [1976.0, 2048.0], "pivot": [0.6427125334739685, 0.42041015625], "position": [-270.0, -164.0], "rawSize": [1976.0, 2048.0], "view": [331.0, 1211.0]}}