{"z35_3": {"size": [2048.0, 2026.0], "pivot": [0.49067598581314087, 0.66650390625], "position": [-394.916748046875, -23.4168643951416], "rawSize": [2048.0, 2026.0], "view": [879.2337646484375, 2015.625]}}