{"beifeng_4": {"size": [1942.0, 2048.0], "pivot": [0.49067598581314087, 0.66650390625], "position": [-51.13798904418945, -44.15995788574219], "rawSize": [1942.0, 2048.0], "view": [508.4725341796875, 1165.6627197265625]}}