{"boyixi_5": {"size": [2048.0, 1808.0], "pivot": [0.49067598581314087, 0.66650390625], "position": [-220.70973205566406, -168.32273864746094], "raw": true, "rawSize": [2048.0, 1808.0], "view": [680.6970825195312, 1560.48388671875]}}