{"wushiling_6": {"size": [2048.0, 1706.0], "pivot": [0.49067598581314087, 0.66650390625], "position": [-110.63642883300781, -35.72737121582031], "rawSize": [2048.0, 1706.0], "view": [479.58203125, 1099.431884765625]}}