{"xifujiniya_g": {"size": [3550.0, 3304.0], "pivot": [0.49067598581314087, 0.66650390625], "position": [-137.96392822265625, 428.8674011230469], "rawSize": [2048.0, 1906.0], "view": [508.4725341796875, 1165.6627197265625]}, "xifujiniya_g_front": {"size": [3550.0, 3304.0], "pivot": [0.49067598581314087, 0.66650390625], "position": [-33.099998474121094, 551.5], "rawSize": [2048.0, 1906.0]}, "xifujiniya_g_rw": {"size": [2048.0, 1814.0], "pivot": [0.49067598581314087, 0.66650390625], "position": [-71.0, 430.0], "rawSize": [2048.0, 1814.0]}}