{"fulici": {"size": [6852.0, 4816.0], "pivot": [0.49067598581314087, 0.66650390625], "position": [-334.2933044433594, -120.78204345703125], "rawSize": [2048.0, 1439.0], "view": [634.6348266601562, 1454.8870849609375]}, "fulici_rw": {"size": [1564.0, 2048.0], "pivot": [0.49067598581314087, 0.66650390625], "position": [-392.79998779296875, -118.0], "rawSize": [1564.0, 2048.0]}}