{"lingbo_10": {"size": [2048.0, 1702.0], "pivot": [0.501953125, 0.5329024791717529], "position": [-205.0, 92.0], "rawSize": [2048.0, 1702.0], "view": [542.5999755859375, 1244.199951171875]}}