{"diliyasite": {"size": [2048.0, 1742.0], "pivot": [0.49067598581314087, 0.66650390625], "position": [-9.643735885620117, 159.12637329101562], "rawSize": [2048.0, 1742.0], "view": [485.094482421875, 1112.0689697265625]}}