{"molisen": {"size": [2048.0, 1780.0], "pivot": [0.59619140625, 0.5308988690376282], "position": [-165.0, 68.0], "rawSize": [2048.0, 1780.0], "view": [331.0, 765.2999877929688]}}