{"fushun": {"size": [1019.0, 1024.0], "pivot": [0.46565261483192444, 0.5859375], "position": [-44.99957275390625, 54.0], "rawSize": [1019.0, 1024.0], "view": [345.0, 790.0]}}