{"moli": {"size": [682.0, 949.0], "pivot": [0.34457477927207947, 0.6074815392494202], "position": [-145.00010681152344, 77.0], "rawSize": [682.0, 949.0], "view": [474.0, 830.0]}}