{"haitian_4": {"size": [3370.0, 2910.0], "pivot": [0.49067598581314087, 0.66650390625], "position": [-646.2064208984375, 88.1903305053711], "rawSize": [2048.0, 1768.0], "view": [669.8923950195312, 1535.71435546875]}, "haitian_4_rw": {"size": [2000.0, 2048.0], "pivot": [0.49067598581314087, 0.66650390625], "position": [65.0, 97.0], "rawSize": [2000.0, 2048.0]}, "haitian_4_front": {"size": [3370.0, 2910.0], "pivot": [0.49067598581314087, 0.66650390625], "position": [-31.0, 483.0], "rawSize": [2048.0, 1768.0]}}