{"z11": {"size": [2048.0, 2020.0], "pivot": [0.49067598581314087, 0.66650390625], "position": [-111.06256103515625, 246.37490844726562], "rawSize": [2048.0, 2020.0], "view": [659.42529296875, 1511.71875]}}