{"jianye_5": {"size": [4254.0, 2660.0], "pivot": [0.49067598581314087, 0.66650390625], "position": [-397.9529113769531, 114.82254791259766], "raw": true, "rawSize": [2048.0, 1281.0], "view": [659.42529296875, 1511.71875]}, "jianye_5_rw": {"size": [1168.0, 2048.0], "pivot": [0.49067598581314087, 0.66650390625], "position": [-360.29998779296875, 468.1000061035156], "rawSize": [1168.0, 2048.0]}}