{"gangute_2": {"size": [1282.0, 1400.0], "pivot": [0.5413416624069214, 0.6349999904632568], "position": [-163.0, 147.0], "rawSize": [1282.0, 1400.0], "view": [520.9000244140625, 1194.4000244140625]}}