{"yueke_g": {"size": [1024.0, 939.0], "pivot": [0.4921875, 0.710543155670166], "position": [-68.99996948242188, 92.0], "rawSize": [1024.0, 939.0], "view": [317.0, 727.0]}}