{"dashan": {"size": [4894.0, 3418.0], "pivot": [0.49067598581314087, 0.66650390625], "position": [-338.176513671875, 82.56542205810547], "rawSize": [2048.0, 1430.0], "view": [649.2803344726562, 1488.4615478515625]}, "dashan_rw": {"size": [2048.0, 2010.0], "pivot": [0.49067598581314087, 0.66650390625], "position": [-108.0, 179.0], "rawSize": [2048.0, 2010.0]}}