{"weizhang_3": {"size": [4728.0, 3492.0], "pivot": [0.49067598581314087, 0.66650390625], "position": [-118.35928344726562, 237.2426300048828], "raw": true, "rawSize": [2048.0, 1513.0], "view": [409.7400207519531, 939.3204345703125]}, "weizhang_3_rw": {"size": [1656.0, 2048.0], "pivot": [0.49067598581314087, 0.66650390625], "position": [-117.0999984741211, 175.60000610351562], "rawSize": [1656.0, 2048.0]}}