{"huixing": {"size": [863.0, 1155.0], "pivot": [0.46407878398895264, 0.5978354811668396], "position": [-113.99950408935547, 100.0], "rawSize": [760.0, 1024.0], "view": [473.0, 947.0]}}