{"zhenmei": {"size": [2048.0, 1962.0], "pivot": [0.5472515225410461, 0.5545791983604431], "position": [-59.353004455566406, 108.82337951660156], "rawSize": [2048.0, 1962.0], "view": [496.50848388671875, 1138.2352294921875]}}