{"aimannuaier": {"size": [1784.0, 2048.0], "pivot": [0.49067598581314087, 0.66650390625], "position": [-106.18373107910156, -123.71430969238281], "rawSize": [1784.0, 2048.0], "view": [430.64508056640625, 987.244873046875]}}