{"changbo_5": {"size": [4314.0, 2440.0], "pivot": [0.49067598581314087, 0.66650390625], "position": [-95.38715362548828, 0.7095808982849121], "raw": true, "rawSize": [2048.0, 1158.0], "view": [680.6970825195312, 1560.48388671875]}, "changbo_5_rw": {"size": [2048.0, 1390.0], "pivot": [0.49067598581314087, 0.66650390625], "position": [40.099998474121094, 343.70001220703125], "rawSize": [2048.0, 1390.0]}}