{"xia_2_doa": {"size": [2048.0, 1640.0], "pivot": [0.457275390625, 0.4659756124019623], "position": [-273.0000305175781, -193.0], "rawSize": [2048.0, 1640.0], "view": [474.0, 1086.9000244140625]}}