{"jiafuerbojue": {"size": [1400.0, 1259.0], "pivot": [0.5557143092155457, 0.4644162058830261], "position": [-30.000038146972656, -87.0], "rawSize": [1400.0, 1259.0], "view": [346.5, 794.5999755859375]}}