{"xianggelila_3": {"size": [4870.0, 3159.0], "pivot": [0.19985626637935638, 0.18458372354507446], "position": [-1622.0001220703125, -1082.0], "rawSize": [4870.0, 3159.0], "view": [325.3999938964844, 746.2000122070312]}, "xianggelila_3_n": {"size": [2048.0, 1328.0], "pivot": [0.49067598581314087, 0.66650390625], "position": [-1635.9000244140625, -1144.0], "rawSize": [2048.0, 1328.0]}}