{"andelieyaduoliya_alter": {"size": [3890.0, 2606.0], "pivot": [0.49067598581314087, 0.66650390625], "position": [-163.2821044921875, -28.000045776367188], "rawSize": [2048.0, 1372.0], "view": [541.0669555664062, 1240.3846435546875]}, "andelieyaduoliya_alter_rw": {"size": [2048.0, 1864.0], "pivot": [0.49067598581314087, 0.66650390625], "position": [-122.69999694824219, 78.0], "rawSize": [2048.0, 1864.0]}}