{"mayebuleize_2": {"size": [2014.0, 2048.0], "pivot": [0.49067598581314087, 0.66650390625], "position": [-438.071533203125, 70.92851257324219], "rawSize": [2014.0, 2048.0], "view": [376.814453125, 863.8392944335938]}}