{"ajiakesi_3": {"size": [2048.0, 1714.0], "pivot": [0.3720703125, 0.5058342814445496], "position": [-244.9999237060547, -101.0], "rawSize": [2048.0, 1714.0], "view": [549.0999755859375, 1258.800048828125]}}