{"chicheng_5": {"size": [2048.0, 2026.0], "pivot": [0.49067598581314087, 0.66650390625], "position": [-35.400062561035156, 80.79987335205078], "rawSize": [2048.0, 2026.0], "view": [422.0321960449219, 967.5]}}