{"yanzhan_3": {"size": [1952.0, 2048.0], "pivot": [0.5348360538482666, 0.50537109375], "position": [-143.00001525878906, -158.0], "rawSize": [1952.0, 2048.0], "view": [704.4000244140625, 1615.199951171875]}}