{"fulici_2": {"size": [5158.0, 2744.0], "pivot": [0.49067598581314087, 0.66650390625], "position": [-22.131637573242188, 234.63153076171875], "raw": true, "rawSize": [2048.0, 1090.0], "view": [555.3055419921875, 1273.0263671875]}, "fulici_2_rw": {"size": [1982.0, 2048.0], "pivot": [0.49067598581314087, 0.66650390625], "position": [-190.60000610351562, 296.20001220703125], "rawSize": [1982.0, 2048.0]}}