{"jialadiya": {"size": [907.0, 1275.0], "pivot": [0.4525909721851349, 0.5839215517044067], "position": [-130.00009155273438, 158.0], "rawSize": [729.0, 1024.0], "view": [519.0, 983.0]}}