{"kangkede_2": {"size": [779.0, 1024.0], "pivot": [0.6116816401481628, 0.7080078125], "position": [-15.99968147277832, 8.0], "rawSize": [779.0, 1024.0], "view": [462.0, 1058.0]}}