{"fengyun_3": {"size": [2048.0, 1822.0], "pivot": [0.5300641655921936, 0.4577997028827667], "position": [-387.00006103515625, -158.00006103515625], "rawSize": [2048.0, 1822.0], "view": [602.9031372070312, 1382.142822265625]}}