{"beierfasite_h": {"size": [1800.0, 1357.0], "pivot": [0.2829444408416748, 0.6857037544250488], "position": [-475.00030517578125, 246.0], "rawSize": [1800.0, 1357.0], "view": [350.0, 803.0]}}