{"chicheng_3": {"size": [680.0, 1024.0], "pivot": [0.5029411911964417, 0.638671875], "position": [-60.999900817871094, 101.0], "rawSize": [683.0, 1024.0], "view": [294.0, 676.0]}}