{"taiyuan_3": {"size": [3968.0, 2642.0], "pivot": [0.49067598581314087, 0.66650390625], "position": [-248.29510498046875, 14.713333129882812], "raw": true, "rawSize": [2048.0, 1364.0], "view": [691.1588134765625, 1584.4671630859375]}, "taiyuan_3_rw": {"size": [1598.0, 2048.0], "pivot": [0.49067598581314087, 0.66650390625], "position": [0.6000000238418579, 301.20001220703125], "rawSize": [1598.0, 2048.0]}}