{"shancheng": {"size": [871.0, 1024.0], "pivot": [0.4506314694881439, 0.529296875], "position": [-71.00030517578125, 4.0], "rawSize": [871.0, 1024.0], "view": [410.0, 840.0]}}