{"lian_2": {"size": [2048.0, 1960.0], "pivot": [0.49067598581314087, 0.66650390625], "position": [-159.50006103515625, 111.99988555908203], "rawSize": [2048.0, 1960.0], "view": [527.5402221679688, 1209.375]}}