{"sunying_alter": {"size": [2048.0, 1822.0], "pivot": [0.49067598581314087, 0.66650390625], "position": [-292.00006103515625, 91.63407897949219], "rawSize": [2048.0, 1822.0], "view": [514.6734008789062, 1179.8780517578125]}}