{"hude": {"size": [2048.0, 1683.0], "pivot": [0.45166015625, 0.6283422708511353], "position": [-117.0001220703125, 140.0], "rawSize": [2048.0, 1683.0], "view": [538.0, 1174.0]}}