{"qikaluofu_2": {"size": [2048.0, 1930.0], "pivot": [0.49067598581314087, 0.66650390625], "position": [-12.543539047241211, 9.825958251953125], "rawSize": [2048.0, 1930.0], "view": [458.73065185546875, 1051.63037109375]}}