{"aoliege": {"size": [2148.0, 2598.0], "pivot": [0.49067598581314087, 0.66650390625], "position": [-180.07699584960938, 250.46145629882812], "rawSize": [1694.0, 2048.0], "view": [649.2803344726562, 1488.4615478515625]}, "aoliege_rw": {"size": [1926.0, 2048.0], "pivot": [0.49067598581314087, 0.66650390625], "position": [125.69999694824219, 270.29998779296875], "rawSize": [1926.0, 2048.0]}}