{"lingbo_4": {"size": [1024.0, 989.0], "pivot": [0.5166015625, 0.5485338568687439], "position": [-44.99964904785156, 68.0], "rawSize": [1024.0, 989.0], "view": [292.0, 669.0]}}