{"keerke": {"size": [954.0, 1024.0], "pivot": [0.374213844537735, 0.5732421875], "position": [-114.00017547607422, 57.0], "rawSize": [954.0, 1024.0], "view": [394.0, 905.0]}}