{"yade": {"size": [1930.0, 2048.0], "pivot": [0.4732530117034912, 0.6810547113418579], "position": [-52.36878204345703, -84.51465606689453], "rawSize": [1930.0, 2048.0], "view": [408.65045166015625, 939.3204345703125]}}