{"zhumo": {"size": [2048.0, 2032.0], "pivot": [0.49067598581314087, 0.66650390625], "position": [64.53839874267578, 57.05487823486328], "rawSize": [2048.0, 2032.0], "view": [463.7716369628906, 1063.186767578125]}}