{"erdaimu": {"size": [4420.0, 3928.0], "pivot": [0.49067598581314087, 0.66650390625], "position": [-472.342529296875, -176.49319458007812], "rawSize": [2048.0, 1820.0], "view": [578.1262817382812, 1325.3424072265625]}, "erdaimu_rw": {"size": [2048.0, 2634.0], "pivot": [0.49067598581314087, 0.66650390625], "position": [-281.5, 281.5], "rawSize": [2048.0, 2634.0]}}