{"monika_2_doa": {"size": [1718.0, 2048.0], "pivot": [0.4760768413543701, 0.4598144590854645], "position": [-154.0, -209.0], "rawSize": [1718.0, 2048.0], "view": [427.3999938964844, 980.0999755859375]}}