{"lingbo_g": {"size": [864.0, 1024.0], "pivot": [0.6168981194496155, 0.578125], "position": [94.9997329711914, 92.0], "rawSize": [864.0, 1024.0], "view": [311.0, 713.0]}}