{"shengluyisi": {"size": [1356.0, 2048.0], "pivot": [0.5187503695487976, 0.6938372850418091], "position": [-161.42933654785156, 433.0], "rawSize": [1356.0, 2048.0], "view": [631.2000122070312, 1129.0999755859375]}}