{"saiwasituoboer_2": {"size": [2048.0, 1860.0], "pivot": [0.49067598581314087, 0.66650390625], "position": [-327.6667175292969, -219.4667510986328], "rawSize": [2048.0, 1860.0], "view": [562.7095947265625, 1290.0]}}