{"pangpeimagenuo_2": {"size": [4884.0, 5708.0], "pivot": [0.49067598581314087, 0.66650390625], "position": [-380.7209777832031, 458.5115051269531], "rawSize": [1752.0, 2048.0], "view": [981.47021484375, 2250.0]}, "pangpeimagenuo_2_rw": {"size": [2048.0, 1900.0], "pivot": [0.49067598581314087, 0.66650390625], "position": [59.0, 859.0999755859375], "rawSize": [2048.0, 1900.0]}}