{"sitelasibao_2": {"size": [4086.0, 2556.0], "pivot": [0.49067598581314087, 0.66650390625], "position": [-674.2152099609375, -286.7342224121094], "rawSize": [2048.0, 1281.0], "view": [534.2179565429688, 1224.6834716796875]}, "sitelasibao_2_rw": {"size": [2048.0, 1238.0], "pivot": [0.49067598581314087, 0.66650390625], "position": [-613.2999877929688, -130.5], "rawSize": [2048.0, 1238.0]}}