{"suweiailuoxiya_2": {"size": [1882.0, 2048.0], "pivot": [0.5324123501777649, 0.51953125], "position": [-127.00001525878906, -70.0], "rawSize": [1882.0, 2048.0], "view": [454.70001220703125, 1042.4000244140625]}}