{"biluokexi_4": {"size": [2013.0, 2048.0], "pivot": [0.4985096752643585, 0.53515625], "position": [-287.00006103515625, 100.0], "rawSize": [2013.0, 2048.0], "view": [448.5, 1028.5]}}