{"nake_2": {"size": [2048.0, 1718.0], "pivot": [0.49853515625, 0.5419092178344727], "position": [-276.00006103515625, 144.0], "rawSize": [2048.0, 1718.0], "view": [505.8999938964844, 1160.0]}}