{"jingang_3": {"size": [1954.0, 2048.0], "pivot": [0.4984646737575531, 0.53515625], "position": [-355.9999694824219, -160.0], "rawSize": [1954.0, 2048.0], "view": [551.2000122070312, 1264.0]}}