{"dunkeerke": {"size": [1400.0, 1255.0], "pivot": [0.4335714280605316, 0.4848605692386627], "position": [-217.9998321533203, -47.0], "rawSize": [1400.0, 1255.0], "view": [290.0, 666.0]}}