{"huangchao_3": {"size": [2048.0, 1712.0], "pivot": [0.5262311100959778, 0.702690064907074], "position": [-108.49431610107422, 323.2643127441406], "rawSize": [2048.0, 1712.0], "view": [485.094482421875, 1112.0689697265625]}}