{"wuzang_2": {"size": [4362.0, 4041.0], "pivot": [0.49067598581314087, 0.66650390625], "position": [-409.3288269042969, 679.1232299804688], "rawSize": [2048.0, 1897.0], "view": [578.1262817382812, 1325.3424072265625]}, "wuzang_2_rw": {"size": [1846.0, 2048.0], "pivot": [0.49067598581314087, 0.66650390625], "position": [12.0, 672.0], "rawSize": [1846.0, 2048.0]}}