{"canglong": {"size": [1337.0, 1443.0], "pivot": [0.30104711651802063, 0.6108801364898682], "position": [-324.00006103515625, 141.0], "rawSize": [950.0, 1024.0], "view": [355.0, 898.0]}}