{"xipeierhaijunshangjiang": {"size": [861.0, 1024.0], "pivot": [0.37804877758026123, 0.6025390625], "position": [-101.99983215332031, 98.0], "rawSize": [861.0, 1024.0], "view": [307.0, 780.0]}}