{"shengluyisi_2": {"size": [809.0, 1024.0], "pivot": [0.4616810977458954, 0.634765625], "position": [-104.00011444091797, 151.0], "rawSize": [809.0, 1024.0], "view": [326.0, 748.0]}}