{"keerke_2": {"size": [832.0, 1024.0], "pivot": [0.42067307233810425, 0.5478515625], "position": [-47.99986267089844, 57.0], "rawSize": [832.0, 1024.0], "view": [369.0, 844.0]}}