{"kin": {"size": [794.0, 1024.0], "pivot": [0.379093199968338, 0.4453125], "position": [-105.9998779296875, -43.0], "rawSize": [794.0, 1024.0], "view": [470.0, 824.0]}}