{"lafei_4": {"size": [1111.0, 1200.0], "pivot": [0.5390639305114746, 0.6206666827201843], "position": [-19.000425338745117, 24.0], "rawSize": [1111.0, 1200.0], "view": [397.0, 910.0]}}