{"salatuojia_8": {"size": [2048.0, 1646.0], "pivot": [0.69091796875, 0.5145807862281799], "position": [-74.99999237060547, -73.0], "rawSize": [2048.0, 1646.0], "view": [331.0, 1316.5]}}