{"fuerban": {"size": [900.0, 1024.0], "pivot": [0.6388888955116272, 0.5888671875], "position": [40.99969482421875, 93.0], "rawSize": [900.0, 1024.0], "view": [320.0, 733.0]}}