{"jifu_2": {"size": [3664.0, 3584.0], "pivot": [0.49067598581314087, 0.66650390625], "position": [-32.06499481201172, -261.61334228515625], "rawSize": [2048.0, 2003.0], "view": [578.126220703125, 1325.3424072265625]}, "jifu_2_rw": {"size": [1472.0, 2048.0], "pivot": [0.49067598581314087, 0.66650390625], "position": [-113.19999694824219, -26.600000381469727], "rawSize": [1472.0, 2048.0]}}