{"gaoxiong_4": {"size": [904.0, 1024.0], "pivot": [0.47345131635665894, 0.5341796875], "position": [-223.0004425048828, 68.0], "rawSize": [904.0, 1024.0], "view": [442.0, 1013.0]}}