{"mabuerheide_2": {"size": [1400.0, 1383.0], "pivot": [0.49785715341567993, 0.5520607233047485], "position": [-30.00005340576172, -178.0], "rawSize": [1400.0, 1383.0], "view": [406.20001220703125, 931.5]}}