{"shengtafei_2": {"size": [3628.0, 2232.0], "pivot": [0.49067598581314087, 0.66650390625], "position": [-114.73379516601562, -115.4901123046875], "raw": true, "rawSize": [2048.0, 1260.0], "view": [879.2337646484375, 2015.625]}, "face": {"size": [803.0, 675.0], "pivot": [0.7507888078689575, 0.6312717795372009], "position": [380.8500061035156, 724.7000122070312], "rawSize": [803.0, 675.0], "list": [0, 1, 2, 3, 4, 5, 6, 7]}, "shengtafei_2_bj": {"size": [3628.0, 2232.0], "pivot": [0.49067598581314087, 0.66650390625], "position": [-33.827999114990234, 371.6400146484375], "rawSize": [2048.0, 1260.0]}, "shengtafei_2_rw": {"size": [1982.0, 2048.0], "pivot": [0.49067598581314087, 0.66650390625], "position": [-71.5, 296.6000061035156], "rawSize": [1982.0, 2048.0]}}