{"zhongjian_2": {"size": [2048.0, 1890.0], "pivot": [0.49067598581314087, 0.66650390625], "position": [-230.73500061035156, -288.1556701660156], "rawSize": [2048.0, 1890.0], "view": [534.2178955078125, 1224.6834716796875]}}