{"yanusi": {"size": [2048.0, 1906.0], "pivot": [0.49067598581314087, 0.66650390625], "position": [-152.00006103515625, -40.551055908203125], "rawSize": [2048.0, 1906.0], "view": [430.64508056640625, 987.244873046875]}}