{"i26": {"size": [1024.0, 960.0], "pivot": [0.3125, 0.49270832538604736], "position": [-171.99981689453125, -21.0], "rawSize": [1024.0, 960.0], "view": [324.0, 743.0]}}