{"aersasi": {"size": [7460.0, 4880.0], "pivot": [0.49067598581314087, 0.66650390625], "position": [-288.0257263183594, 8.153761863708496], "rawSize": [2048.0, 1340.0], "view": [541.0669555664062, 1240.3846435546875]}, "aersasi_rw": {"size": [1830.0, 2048.0], "pivot": [0.49067598581314087, 0.66650390625], "position": [263.0, 214.0], "rawSize": [1830.0, 2048.0]}, "aersasi_bj1": {"size": [7460.0, 4880.0], "pivot": [0.49067598581314087, 0.66650390625], "position": [-47.060001373291016, 709.0], "rawSize": [2048.0, 1340.0]}, "aersasi_bj": {"size": [1249.0, 1492.0], "pivot": [0.49067598581314087, 0.66650390625], "position": [-786.0999755859375, 435.1000061035156], "rawSize": [1249.0, 1492.0]}}