{"lupuleixite_2": {"size": [4351.0, 4376.0], "pivot": [0.49067598581314087, 0.66650390625], "position": [-285.33599853515625, -606.1680908203125], "rawSize": [2036.0, 2048.0], "view": [796.2871704101562, 1825.471923828125]}, "lupuleixite_2_rw": {"size": [1260.0, 2048.0], "pivot": [0.49067598581314087, 0.66650390625], "position": [-113.0, -265.0], "rawSize": [1260.0, 2048.0]}}