{"sikula_4": {"size": [4532.0, 2916.0], "pivot": [0.49067598581314087, 0.66650390625], "position": [-297.12054443359375, 104.53004455566406], "rawSize": [2048.0, 1318.0], "view": [508.4725341796875, 1165.6627197265625]}, "sikula_4_rw": {"size": [2048.0, 1782.0], "pivot": [0.49067598581314087, 0.66650390625], "position": [-474.5, 183.39999389648438], "rawSize": [2048.0, 1782.0]}, "sikula_4_bj": {"size": [4532.0, 2916.0], "pivot": [0.49067598581314087, 0.66650390625], "position": [-42.25600051879883, 477.5], "rawSize": [2048.0, 1318.0]}}