{"huben": {"size": [2048.0, 1766.0], "pivot": [0.49067598581314087, 0.66650390625], "position": [-76.51813507080078, 26.4577579498291], "rawSize": [2048.0, 1766.0], "view": [508.4725341796875, 1165.6627197265625]}}