{"z1": {"size": [848.0, 1265.0], "pivot": [0.525943398475647, 0.5988142490386963], "position": [-78.00037384033203, 147.0], "rawSize": [686.0, 1024.0], "view": [530.0, 1029.0]}}