{"u1206": {"size": [2048.0, 1904.0], "pivot": [0.49067598581314087, 0.66650390625], "position": [-159.58935546875, -1.6607589721679688], "rawSize": [2048.0, 1904.0], "view": [376.814453125, 863.8392944335938]}}