{"sanli_2": {"size": [865.0, 1024.0], "pivot": [0.43988439440727234, 0.63671875], "position": [-35.99989318847656, 151.0], "rawSize": [865.0, 1024.0], "view": [305.0, 702.0]}}