{"shiluopujun": {"size": [836.0, 1024.0], "pivot": [0.5478469133377075, 0.6279296875], "position": [-18.999881744384766, 111.0], "rawSize": [836.0, 1024.0], "view": [360.0, 736.0]}}