{"kelifulan_2": {"size": [977.0, 1024.0], "pivot": [0.39866939187049866, 0.60546875], "position": [-95.00031280517578, 96.0], "rawSize": [977.0, 1024.0], "view": [390.0, 773.0]}}