{"gaoxiong_6": {"size": [5054.0, 5036.0], "pivot": [0.49067598581314087, 0.66650390625], "position": [-517.6897583007812, -543.172607421875], "rawSize": [2048.0, 2041.0], "view": [727.6417236328125, 1668.103515625]}, "gaoxiong_6_rw_ex": {"size": [2048.0, 1828.0], "pivot": [0.49067598581314087, 0.66650390625], "position": [-252.0, -73.0], "rawSize": [2048.0, 1828.0]}}