{"zhixiao_doa": {"size": [1946.0, 2048.0], "pivot": [0.6017471551895142, 0.57861328125], "position": [28.99993896484375, 79.0], "rawSize": [1946.0, 2048.0], "view": [507.79998779296875, 1164.4000244140625]}}