{"tiancheng_cv_2": {"size": [6418.0, 3828.0], "pivot": [0.49067598581314087, 0.66650390625], "position": [-385.75006103515625, 34.499961853027344], "raw": true, "rawSize": [2048.0, 1222.0], "view": [527.5402221679688, 1209.375]}, "tiancheng_cv_2_rw": {"size": [1834.0, 2048.0], "pivot": [0.49067598581314087, 0.66650390625], "position": [-484.20001220703125, 181.10000610351562], "rawSize": [1834.0, 2048.0]}}