{"lulutiye_2": {"size": [1024.0, 1024.0], "pivot": [0.541015625, 0.5458984375], "position": [41.99995422363281, 7.0], "rawSize": [1024.0, 1024.0], "view": [333.0, 764.0]}}