{"aheye_2": {"size": [1259.0, 1400.0], "pivot": [0.5397140383720398, 0.6614285707473755], "position": [-224.99996948242188, 158.0], "rawSize": [1259.0, 1400.0], "view": [501.29998779296875, 1149.5999755859375]}}