{"naximofu": {"size": [4210.0, 3092.0], "pivot": [0.49067598581314087, 0.66650390625], "position": [-51.44450759887695, -695.7778930664062], "rawSize": [2048.0, 1504.0], "view": [468.9246826171875, 1075.0]}, "naximofu_rw": {"size": [1500.0, 2048.0], "pivot": [0.49067598581314087, 0.66650390625], "position": [12.100000381469727, 74.37999725341797], "rawSize": [1500.0, 2048.0]}}