{"zhenhai_4": {"size": [2776.0, 3740.0], "pivot": [0.49067598581314087, 0.66650390625], "position": [-142.86265563964844, -74.14642333984375], "raw": true, "rawSize": [1520.0, 2048.0], "view": [669.8922729492188, 1535.71435546875]}, "zhenhai_4_rw": {"size": [2048.0, 2012.0], "pivot": [0.49067598581314087, 0.66650390625], "position": [219.89999389648438, 7.099999904632568], "rawSize": [2048.0, 2012.0]}}