{"z46_6": {"size": [1850.0, 2048.0], "pivot": [0.49067598581314087, 0.66650390625], "position": [-133.52783203125, 46.02765655517578], "rawSize": [1850.0, 2048.0], "view": [586.1558227539062, 1343.75]}}