{"changbo": {"size": [1400.0, 1207.0], "pivot": [0.5621428489685059, 0.6284175515174866], "position": [-85.99998474121094, 77.0], "rawSize": [1400.0, 1207.0], "view": [457.1000061035156, 1048.199951171875]}}