{"yuhei_2": {"size": [2048.0, 1556.0], "pivot": [0.49067598581314087, 0.66650390625], "position": [-105.46160125732422, -42.35910415649414], "rawSize": [2048.0, 1556.0], "view": [541.0669555664062, 1240.3846435546875]}}