{"ximu_4": {"size": [839.0, 1024.0], "pivot": [0.4964243173599243, 0.5703125], "position": [-118.9998779296875, 51.0], "rawSize": [839.0, 1024.0], "view": [409.0, 937.0]}}