{"hude_5": {"size": [4350.0, 3630.0], "pivot": [0.49067598581314087, 0.66650390625], "position": [-373.47064208984375, -9.617728233337402], "rawSize": [2048.0, 1709.0], "view": [620.6355590820312, 1422.7940673828125]}, "hude_5_rw": {"size": [2048.0, 1990.0], "pivot": [0.49067598581314087, 0.66650390625], "position": [55.0, -30.899999618530273], "rawSize": [2048.0, 1990.0]}}