{"xiefeierde_2": {"size": [1200.0, 1091.0], "pivot": [0.40391668677330017, 0.6626031398773193], "position": [-169.0001220703125, 70.0], "rawSize": [1200.0, 1091.0], "view": [340.0, 780.0]}}