{"gecheng_3": {"size": [3476.0, 2748.0], "pivot": [0.49067598581314087, 0.66650390625], "position": [46.07010269165039, 418.8418884277344], "rawSize": [2048.0, 1619.0], "view": [740.4073486328125, 1697.3682861328125]}, "gecheng_3_rw": {"size": [1723.0, 2048.0], "pivot": [0.49067598581314087, 0.66650390625], "position": [312.5, 592.7999877929688], "rawSize": [1723.0, 2048.0]}, "gecheng_3_mid": {"size": [3476.0, 2748.0], "pivot": [0.49067598581314087, 0.66650390625], "position": [-36.20000076293945, 457.54998779296875], "rawSize": [2048.0, 1619.0]}}