{"xixuegui_3": {"size": [1024.0, 974.0], "pivot": [0.486328125, 0.5102669596672058], "position": [-40.99980163574219, -17.0], "rawSize": [1024.0, 974.0], "view": [370.0, 848.0]}}