{"kelifulan_idol": {"size": [1420.0, 1400.0], "pivot": [0.4978873133659363, 0.6029285788536072], "position": [-132.00001525878906, 85.0], "rawSize": [1420.0, 1400.0], "view": [498.3999938964844, 1142.800048828125]}}