{"aerbien_3": {"size": [2766.0, 2144.0], "pivot": [0.49067598581314087, 0.66650390625], "position": [-442.2631530761719, -173.5484161376953], "rawSize": [2048.0, 1587.0], "view": [534.2178955078125, 1224.6834716796875]}, "aerbien_3_rw": {"size": [2048.0, 1654.0], "pivot": [0.49067598581314087, 0.66650390625], "position": [341.0, 48.0], "rawSize": [2048.0, 1654.0]}}