{"fusang": {"size": [901.0, 1024.0], "pivot": [0.3734739124774933, 0.5732421875], "position": [-105.9996337890625, 53.0], "rawSize": [901.0, 1024.0], "view": [355.0, 728.0]}}