{"salatuojia_6": {"size": [2048.0, 2024.0], "pivot": [0.54736328125, 0.5098814368247986], "position": [-97.00009155273438, -16.0], "rawSize": [2048.0, 2024.0], "view": [538.4000244140625, 1234.699951171875]}, "face": {"size": [182.0, 180.0], "pivot": [0.5, 0.5], "position": [59.0, 328.0], "rawSize": [182.0, 180.0], "list": [0, 1, 2, 3, 4]}}