{"haman_4": {"size": [2048.0, 1864.0], "pivot": [0.49853515625, 0.5386266112327576], "position": [-164.99998474121094, 99.0], "rawSize": [2048.0, 1864.0], "view": [662.5999755859375, 1519.5999755859375]}}