{"jiejinsi": {"size": [597.0, 1024.0], "pivot": [0.45812395215034485, 0.5986328125], "position": [-97.00028991699219, 130.0], "rawSize": [597.0, 1024.0], "view": [429.0, 757.0]}}