{"feiteliekaer": {"size": [4148.0, 4132.0], "pivot": [0.49067598581314087, 0.66650390625], "position": [-132.6165008544922, -44.16447067260742], "rawSize": [2048.0, 2040.0], "view": [578.1262817382812, 1325.3424072265625]}, "feiteliekaer_rw": {"size": [1716.0, 2048.0], "pivot": [0.49067598581314087, 0.66650390625], "position": [-56.599998474121094, -101.12999725341797], "rawSize": [1716.0, 2048.0]}, "feiteliekaer_bj": {"size": [4148.0, 4132.0], "pivot": [0.49067598581314087, 0.66650390625], "position": [-38.099998474121094, 686.4000244140625], "rawSize": [2048.0, 2040.0]}}