{"aosiben_g": {"size": [2048.0, 1920.0], "pivot": [0.49067598581314087, 0.66650390625], "position": [-233.76475524902344, -117.41184997558594], "rawSize": [2048.0, 1920.0], "view": [620.6355590820312, 1422.7940673828125]}}