{"qiye_6": {"size": [2048.0, 1866.0], "pivot": [0.49853515625, 0.608896017074585], "position": [-97.0, 160.0], "rawSize": [2048.0, 1866.0], "view": [381.8999938964844, 875.7000122070312]}}