{"dujiaoshou_6": {"size": [4534.0, 3396.0], "pivot": [0.4530216157436371, 0.5212014317512512], "position": [-572.9999389648438, 25.0], "rawSize": [2048.0, 1534.0], "view": [772.2000122070312, 1770.800048828125]}, "dujiaoshou_6_n": {"size": [1750.0, 2048.0], "pivot": [0.49067598581314087, 0.66650390625], "position": [96.30000305175781, 256.70001220703125], "rawSize": [1750.0, 2048.0]}}