{"rangbaer_2": {"size": [1127.0, 1400.0], "pivot": [0.46086958050727844, 0.5852857232093811], "position": [-167.99998474121094, 88.0], "rawSize": [1127.0, 1400.0], "view": [399.1000061035156, 915.2000122070312]}}