{"chicheng_2": {"size": [946.0, 1024.0], "pivot": [0.560782253742218, 0.6845703125], "position": [1.9995527267456055, 69.0], "rawSize": [946.0, 1024.0], "view": [275.0, 789.0]}}