{"aierdeliqi_2": {"size": [1022.0, 1024.0], "pivot": [0.44227007031440735, 0.5234375], "position": [-68.99957275390625, 20.0], "rawSize": [1022.0, 1024.0], "view": [367.0, 839.0]}}