{"aierbin": {"size": [2790.0, 2976.0], "pivot": [0.49067598581314087, 0.66650390625], "position": [-153.74118041992188, -109.05060577392578], "rawSize": [1920.0, 2048.0], "view": [541.06689453125, 1240.3846435546875]}, "aierbin_rw": {"size": [2012.0, 2048.0], "pivot": [0.49067598581314087, 0.66650390625], "position": [5.0, 139.0], "rawSize": [2012.0, 2048.0]}}