{"banjiu_2": {"size": [2722.0, 2484.0], "pivot": [0.49067598581314087, 0.66650390625], "position": [-281.8837890625, -320.8944396972656], "rawSize": [2048.0, 1869.0], "view": [508.4725341796875, 1165.6627197265625]}, "banjiu_2_rw": {"size": [2722.0, 2048.0], "pivot": [0.49067598581314087, 0.66650390625], "position": [-25.3799991607666, 124.0], "rawSize": [2722.0, 2048.0]}}