{"aerjiliya_2": {"size": [1400.0, 1163.0], "pivot": [0.47350001335144043, 0.47987958788871765], "position": [-107.00003051757812, 80.0], "raw": true, "rawSize": [1400.0, 1163.0], "view": [419.29998779296875, 995.5999755859375]}}