{"chaijun_4": {"size": [7334.0, 6238.0], "pivot": [0.49067598581314087, 0.66650390625], "position": [-64.3077392578125, 323.5383605957031], "rawSize": [2048.0, 1742.0], "view": [811.6004028320312, 1860.5770263671875]}, "chaijun_4_bj": {"size": [3594.0, 3198.0], "pivot": [0.49067598581314087, 0.66650390625], "position": [429.0, 103.0], "rawSize": [2048.0, 1822.0]}, "chaijun_4_rw": {"size": [1064.0, 2048.0], "pivot": [0.49067598581314087, 0.66650390625], "position": [173.0, 481.0], "rawSize": [1064.0, 2048.0]}}