{"bulaimodun_h": {"size": [3534.0, 2958.0], "pivot": [0.49067598581314087, 0.66650390625], "position": [-312.15155029296875, 225.63632202148438], "rawSize": [2048.0, 1714.0], "view": [639.4426879882812, 1465.9090576171875]}, "bulaimodun_h_rw": {"size": [1476.0, 2048.0], "pivot": [0.49067598581314087, 0.66650390625], "position": [108.0, 365.0], "rawSize": [1476.0, 2048.0]}}