{"jialisuoniye_4": {"size": [2048.0, 1582.0], "pivot": [0.6171875, 0.5455120205879211], "position": [-116.00003051757812, -107.0], "rawSize": [2048.0, 1582.0], "view": [539.0999755859375, 1236.199951171875]}}