{"biluokexi_5": {"size": [2048.0, 1972.0], "pivot": [0.55810546875, 0.5339756608009338], "position": [-337.3999938964844, 35.0], "raw": true, "rawSize": [2048.0, 1972.0], "view": [638.4000244140625, 1013.7000122070312]}}