{"xinnong_5": {"size": [2908.0, 2522.0], "pivot": [0.49067598581314087, 0.66650390625], "position": [-52.208396911621094, 72.41657257080078], "rawSize": [2048.0, 1776.0], "view": [439.61688232421875, 1007.8125]}, "xinnong_5_rw": {"size": [1784.0, 2048.0], "pivot": [0.49067598581314087, 0.66650390625], "position": [-80.5999984741211, 453.1000061035156], "rawSize": [1784.0, 2048.0]}}