{"hermit": {"size": [2048.0, 1464.0], "pivot": [0.5768066644668579, 0.4959016442298889], "position": [8.000044822692871, -130.0], "rawSize": [2048.0, 1464.0], "view": [370.5, 849.7999877929688]}}