{"aerjiliya": {"size": [2048.0, 1670.0], "pivot": [0.49853515625, 0.6556886434555054], "position": [-106.9999771118164, 65.0], "rawSize": [2048.0, 1670.0], "view": [518.4000244140625, 1230.9000244140625]}}