{"duwei_2": {"size": [1024.0, 812.0], "pivot": [0.380859375, 0.5107142925262451], "position": [-151.0, 0.0], "rawSize": [1024.0, 812.0], "view": [351.5, 805.9000244140625]}}