{"baiyanjuren": {"size": [2430.0, 2446.0], "pivot": [0.49067598581314087, 0.66650390625], "position": [-189.56861877441406, 138.1674041748047], "rawSize": [2035.0, 2048.0], "view": [594.4115600585938, 1362.6761474609375]}, "baiyanjuren_rw": {"size": [1364.0, 2048.0], "pivot": [0.49067598581314087, 0.66650390625], "position": [-28.0, 140.0], "rawSize": [1364.0, 2048.0]}}