{"longxiang": {"size": [1007.0, 1024.0], "pivot": [0.46226415038108826, 0.517578125], "position": [-37.99971008300781, -12.0], "rawSize": [1007.0, 1024.0], "view": [263.0, 623.0]}}