{"z2": {"size": [1024.0, 738.0], "pivot": [0.3248046934604645, 0.5205962061882019], "position": [-183.99977111816406, -53.0], "rawSize": [1024.0, 738.0], "view": [428.0, 858.0]}}