{"jialisuoniye_3": {"size": [2048.0, 1178.0], "pivot": [0.49067598581314087, 0.66650390625], "position": [-136.7647705078125, -15.7647705078125], "rawSize": [2048.0, 1178.0], "view": [496.5084533691406, 1138.2352294921875]}}