{"z9_2": {"size": [3780.0, 2230.0], "pivot": [0.49067598581314087, 0.66650390625], "position": [-152.7762908935547, -52.38294219970703], "rawSize": [2048.0, 1208.0], "view": [740.4073486328125, 1697.368408203125]}, "z9_2_rw": {"size": [2048.0, 1800.0], "pivot": [0.49067598581314087, 0.66650390625], "position": [26.0, 343.0], "rawSize": [2048.0, 1800.0]}}