{"ruihe_4": {"size": [4880.0, 3072.0], "pivot": [0.49067598581314087, 0.66650390625], "position": [-284.6543884277344, -23.612653732299805], "rawSize": [2048.0, 1289.0], "view": [541.0669555664062, 1240.3846435546875]}, "ruihe_4_rw": {"size": [1386.0, 2048.0], "pivot": [0.49067598581314087, 0.66650390625], "position": [219.0, 281.3999938964844], "rawSize": [1386.0, 2048.0]}}