{"maoyue": {"size": [799.0, 1024.0], "pivot": [0.341051310300827, 0.5185546875], "position": [-140.9996337890625, 39.0], "rawSize": [799.0, 1024.0], "view": [381.0, 873.0]}}