{"mengfeisi": {"size": [988.0, 1024.0], "pivot": [0.5192307829856873, 0.748046875], "position": [-74.00003814697266, 139.0], "rawSize": [988.0, 1024.0], "view": [332.0, 763.0]}}