{"tierbici_5": {"size": [1728.0, 2048.0], "pivot": [0.49067598581314087, 0.66650390625], "position": [-84.80493927001953, 169.31700134277344], "rawSize": [1728.0, 2048.0], "view": [514.6734008789062, 1179.8780517578125]}}