{"xiaoyue_2": {"size": [1024.0, 650.0], "pivot": [0.501953125, 0.5446153879165649], "position": [-29.999845504760742, -58.0], "rawSize": [1024.0, 650.0], "view": [376.0, 861.0]}}