{"xiaoyue_2": {"view": [548.09375, 1256.4935302734375], "position": [-252.84422302246094, 132.7791748046875]}}