{"zhuiganzhe_2": {"size": [955.0, 1024.0], "pivot": [0.558219850063324, 0.5624023675918579], "position": [7.0003485679626465, -98.0], "rawSize": [955.0, 1024.0], "view": [395.0, 905.0]}}