{"wushiling": {"size": [658.0, 1264.0], "pivot": [0.4179331362247467, 0.6115506291389465], "position": [-52.99974060058594, 142.0], "rawSize": [533.0, 1024.0], "view": [377.0, 898.0]}}