{"ankeleiqi_3": {"size": [2798.0, 2938.0], "pivot": [0.49067598581314087, 0.66650390625], "position": [-425.6311950683594, -49.964630126953125], "rawSize": [1950.0, 2048.0], "view": [727.6416625976562, 1668.1033935546875]}, "ankeleiqi_3_rw": {"size": [2048.0, 2032.0], "pivot": [0.49067598581314087, 0.66650390625], "position": [298.3999938964844, 95.5999984741211], "rawSize": [2048.0, 2032.0]}}