{"z21": {"size": [773.0, 1024.0], "pivot": [0.34734800457954407, 0.4462890625], "position": [-217.000244140625, -7.0], "rawSize": [773.0, 1024.0], "view": [367.0, 935.0]}}