{"abeikelongbi_2": {"size": [1018.0, 1400.0], "pivot": [0.4970530569553375, 0.5514285564422607], "position": [-77.99996948242188, -78.0], "rawSize": [1018.0, 1400.0], "view": [349.3999938964844, 801.0999755859375]}}