{"yikaluosi_2": {"size": [2048.0, 1832.0], "pivot": [0.54443359375, 0.4192139804363251], "position": [-219.9999542236328, -79.0], "rawSize": [2048.0, 1832.0], "view": [737.5, 1691.199951171875]}}