{"beierfasite_4": {"size": [908.0, 1200.0], "pivot": [0.49669602513313293, 0.652999997138977], "position": [-142.10000610351562, 145.3000030517578], "rawSize": [908.0, 1200.0], "view": [390.7699890136719, 896.0599975585938]}}