{"hufeng": {"size": [916.0, 1024.0], "pivot": [0.32751092314720154, 0.517578125], "position": [-262.0000915527344, 64.0], "rawSize": [916.0, 1024.0], "view": [295.0, 676.0]}}