{"haerfude": {"size": [6900.0, 6424.0], "pivot": [0.49067598581314087, 0.66650390625], "position": [-802.3524169921875, -688.5869140625], "rawSize": [2048.0, 1907.0], "view": [796.2872314453125, 1825.4716796875]}, "haerfude_bj": {"size": [6900.0, 6424.0], "pivot": [0.49067598581314087, 0.66650390625], "position": [-64.0, 1071.02001953125], "rawSize": [2048.0, 1907.0]}, "haerfude_rw": {"size": [1894.0, 2048.0], "pivot": [0.49067598581314087, 0.66650390625], "position": [-426.3999938964844, -271.3999938964844], "rawSize": [1894.0, 2048.0]}}