{"ruoye_3": {"size": [2048.0, 1654.0], "pivot": [0.49067598581314087, 0.66650390625], "position": [-362.75347900390625, -137.3151092529297], "rawSize": [2048.0, 1654.0], "view": [578.1262817382812, 1325.3424072265625]}}