{"juanbo": {"size": [1024.0, 1021.0], "pivot": [0.6083984375, 0.6116552352905273], "position": [25.999984741210938, 29.0], "rawSize": [1024.0, 1021.0], "view": [434.0, 994.0]}}