{"luyisiweier": {"size": [3848.0, 3228.0], "pivot": [0.49067598581314087, 0.66650390625], "position": [-638.7308349609375, 153.73065185546875], "rawSize": [2048.0, 1718.0], "view": [811.6004028320312, 1860.5770263671875]}, "luyisiweier_rw": {"size": [1350.0, 2048.0], "pivot": [0.49067598581314087, 0.66650390625], "position": [-226.0, 293.0], "rawSize": [1350.0, 2048.0]}}