{"nvjiang_g": {"size": [2048.0, 1544.0], "pivot": [0.49853515625, 0.5466321110725403], "position": [31.00006103515625, 92.0], "rawSize": [2048.0, 1544.0], "view": [543.2000122070312, 1245.699951171875]}}