{"kelaimengsuo_2": {"size": [2952.0, 2824.0], "pivot": [0.49067598581314087, 0.66650390625], "position": [-264.6471252441406, 334.05865478515625], "rawSize": [2048.0, 1959.0], "view": [620.6355590820312, 1422.7940673828125]}, "kelaimengsuo_2_rw": {"size": [664.0, 2048.0], "pivot": [0.49067598581314087, 0.66650390625], "position": [-26.0, 301.0], "rawSize": [664.0, 2048.0]}}