{"fuluoxiluofu_3": {"size": [3158.0, 1890.0], "pivot": [0.49067598581314087, 0.66650390625], "position": [-56.174652099609375, -40.44493865966797], "raw": true, "rawSize": [2048.0, 1226.0], "view": [669.8923950195312, 1535.71435546875]}, "fuluoxiluofu_3_rw": {"size": [2048.0, 1328.0], "pivot": [0.49067598581314087, 0.66650390625], "position": [59.79999923706055, 184.8000030517578], "rawSize": [2048.0, 1328.0]}}