{"shiyu_2": {"size": [959.0, 1024.0], "pivot": [0.549009382724762, 0.51953125], "position": [-97.99998474121094, 28.0], "rawSize": [959.0, 1024.0], "view": [514.0, 907.0]}}