{"guinu": {"size": [921.0, 1024.0], "pivot": [0.4967426657676697, 0.7210937738418579], "position": [-114.99996948242188, 153.0], "rawSize": [921.0, 1024.0], "view": [306.5, 702.7000122070312]}}