{"zi_shanluan": {"size": [3192.0, 3178.0], "pivot": [0.49067598581314087, 0.66650390625], "position": [-533.0274658203125, 67.87762451171875], "rawSize": [2048.0, 2039.0], "view": [649.2803344726562, 1488.4615478515625]}, "zi_shanluan_rw_ex": {"size": [2920.0, 2048.0], "pivot": [0.49067598581314087, 0.66650390625], "position": [95.0, 174.0], "rawSize": [2920.0, 2048.0]}, "zi_shanluan_front": {"size": [3192.0, 3178.0], "pivot": [0.49067598581314087, 0.66650390625], "position": [-29.761999130249023, 529.1500244140625], "rawSize": [2048.0, 2039.0]}}