{"shancheng_g": {"size": [940.0, 1024.0], "pivot": [0.4297872483730316, 0.552734375], "position": [-80.9999771118164, 14.0], "rawSize": [940.0, 1024.0], "view": [404.0, 830.0]}}