{"bulvxieer_3": {"size": [4390.0, 3920.0], "pivot": [0.49067598581314087, 0.66650390625], "position": [-389.794189453125, -526.5114135742188], "rawSize": [2048.0, 1829.0], "view": [620.6355590820312, 1422.7940673828125]}, "bulvxieer_3_rw": {"size": [2048.0, 1464.0], "pivot": [0.49067598581314087, 0.66650390625], "position": [337.0, 116.30000305175781], "rawSize": [2048.0, 1464.0]}, "bulvxieer_3_bj": {"size": [4390.0, 3920.0], "pivot": [0.49067598581314087, 0.66650390625], "position": [-41.0, 649.0], "rawSize": [2048.0, 1829.0]}}