{"gubixuefu_2": {"size": [3500.0, 4134.0], "pivot": [0.49067598581314087, 0.66650390625], "position": [-119.00006103515625, 513.9998168945312], "rawSize": [1734.0, 2048.0], "view": [844.0643920898438, 1935.0]}, "gubixuefu_2_rw2": {"size": [2048.0, 1615.0], "pivot": [1.0, 1.0], "position": [1118.0, 37.0], "rawSize": [2048.0, 1615.0]}, "gubixuefu_2_rw": {"size": [2048.0, 1701.0], "pivot": [0.49067598581314087, 0.66650390625], "position": [75.0, 940.0], "rawSize": [2048.0, 1701.0]}}