{"huan_doa": {"size": [4490.0, 4170.0], "pivot": [0.49067598581314087, 0.66650390625], "position": [-26.411828994750977, 223.67408752441406], "rawSize": [2048.0, 1902.0], "view": [649.2803344726562, 1488.4615478515625]}, "huan_doa_rw": {"size": [694.0, 2048.0], "pivot": [0.49067598581314087, 0.66650390625], "position": [70.4000015258789, 194.3000030517578], "rawSize": [694.0, 2048.0]}}