{"mingqu_2": {"size": [2048.0, 1620.0], "pivot": [0.49067598581314087, 0.66650390625], "position": [-314.8572082519531, -113.00016021728516], "rawSize": [2048.0, 1620.0], "view": [753.62890625, 1727.6785888671875]}}