{"feiniao": {"size": [3176.0, 3058.0], "pivot": [0.49067598581314087, 0.66650390625], "position": [-195.41275024414062, 510.41259765625], "rawSize": [2048.0, 1972.0], "view": [669.8923950195312, 1535.71435546875]}, "feiniao_rw": {"size": [1494.0, 2048.0], "pivot": [0.49067598581314087, 0.66650390625], "position": [-180.0, 561.0], "rawSize": [1494.0, 2048.0]}}