{"z23_9": {"size": [2048.0, 1690.0], "pivot": [0.5791015625, 0.4893491268157959], "position": [-12.00006103515625, -6.000030517578125], "rawSize": [2048.0, 1690.0], "view": [422.0321960449219, 967.5]}}