{"yangyan_g": {"size": [1024.0, 984.0], "pivot": [0.380859375, 0.5609756112098694], "position": [-145.99984741210938, 79.0], "rawSize": [1024.0, 983.0], "view": [322.0, 739.0]}}