{"yamei_2": {"size": [1996.0, 2048.0], "pivot": [0.4156149923801422, 0.49008554220199585], "position": [-193.05625915527344, -8.119049072265625], "raw": true, "rawSize": [1996.0, 2048.0], "view": [479.58203125, 1099.431884765625]}}