{"jiyi": {"size": [3379.0, 2329.0], "pivot": [0.49853515625, 0.6781869530677795], "position": [-143.0000762939453, 142.0], "rawSize": [2048.0, 1412.0], "view": [557.9000244140625, 1279.4000244140625]}, "jiyi_n": {"size": [1819.0, 2048.0], "pivot": [0.49067598581314087, 0.66650390625], "position": [-150.0, 481.5], "rawSize": [1819.0, 2048.0]}}