{"lafei_9": {"size": [3429.0, 2264.0], "pivot": [0.2775065302848816, 0.740959882736206], "position": [-452.38470458984375, 202.76919555664062], "rawSize": [2048.0, 1352.0], "view": [649.2803344726562, 1488.4615478515625]}, "lafei_9_rw": {"size": [2048.0, 1694.0], "pivot": [0.49067598581314087, 0.66650390625], "position": [-77.4000015258789, 567.0499877929688], "rawSize": [2048.0, 1694.0]}, "lafei_9_middle": {"size": [3429.0, 2264.0], "pivot": [0.49067598581314087, 0.66650390625], "position": [-31.972000122070312, 376.9599914550781], "rawSize": [2048.0, 1352.0]}}