{"zhenming_4": {"size": [2048.0, 1966.0], "pivot": [0.6162109375, 0.5941505432128906], "position": [-171.0, 72.0], "rawSize": [2048.0, 1966.0], "view": [507.8999938964844, 1164.800048828125]}}