{"huangjiafangzhou": {"size": [1166.0, 1327.0], "pivot": [0.4425385892391205, 0.677844762802124], "position": [-48.999755859375, 183.0], "rawSize": [1166.0, 1327.0], "view": [525.0, 905.0]}}