{"xuebugui_2": {"size": [3192.0, 3052.0], "pivot": [0.49067598581314087, 0.66650390625], "position": [-284.3016357421875, 56.444297790527344], "rawSize": [2048.0, 1958.0], "view": [669.8923950195312, 1535.71435546875]}, "xuebugui_2_rw": {"size": [1138.0, 2048.0], "pivot": [0.49067598581314087, 0.66650390625], "position": [-41.0, 103.0], "rawSize": [1138.0, 2048.0]}, "xuebugui_2_front": {"size": [3192.0, 3052.0], "pivot": [0.49067598581314087, 0.66650390625], "position": [-29.761999130249023, 508.1700134277344], "rawSize": [2048.0, 1958.0]}}