{"shiyu": {"size": [869.0, 1219.0], "pivot": [0.413693904876709, 0.5377358198165894], "position": [-130.99911499023438, 48.0], "rawSize": [730.0, 1024.0], "view": [578.0, 983.0]}}