{"lisailiu": {"size": [2048.0, 1408.0], "pivot": [0.49853515625, 0.4752840995788574], "position": [-136.0, -89.0], "rawSize": [2048.0, 1408.0], "view": [360.79998779296875, 827.2999877929688]}}