{"qibolin": {"size": [1019.0, 1024.0], "pivot": [0.4941118657588959, 0.5986328125], "position": [-9.999789237976074, 91.0], "rawSize": [1019.0, 1024.0], "view": [261.0, 664.0]}}