{"temperance": {"size": [2048.0, 2008.0], "pivot": [0.6485840082168579, 0.7554780840873718], "position": [-61.00001525878906, 373.0], "rawSize": [2048.0, 2008.0], "view": [463.79998779296875, 1063.699951171875]}}