{"heichao": {"size": [982.0, 1024.0], "pivot": [0.4949083626270294, 0.64453125], "position": [-11.999683380126953, 116.0], "rawSize": [982.0, 1024.0], "view": [355.0, 814.0]}}