{"ouruola_2": {"size": [845.0, 1024.0], "pivot": [0.39112424850463867, 0.716796875], "position": [-163.99998474121094, 152.0], "rawSize": [845.0, 1024.0], "view": [317.0, 725.0]}}