{"asituoliya": {"size": [1024.0, 1024.0], "pivot": [0.4140625, 0.583984375], "position": [-227.00030517578125, 97.0], "rawSize": [1024.0, 1024.0], "view": [343.0, 788.0]}}