{"xiangbin_2": {"size": [1800.0, 2048.0], "pivot": [0.7377777695655823, 0.55712890625], "position": [72.99999237060547, 68.0], "rawSize": [1800.0, 2048.0], "view": [500.79998779296875, 1148.199951171875]}}