{"kuersike_3": {"size": [2676.0, 3306.0], "pivot": [0.49067598581314087, 0.66650390625], "position": [-37.845130920410156, 117.63375854492188], "raw": true, "rawSize": [1658.0, 2048.0], "view": [594.4115600585938, 1362.6761474609375]}, "kuersike_3_rw": {"size": [1938.0, 2048.0], "pivot": [0.49067598581314087, 0.66650390625], "position": [-275.0, 253.5], "rawSize": [1938.0, 2048.0]}}