{"beiyaen": {"size": [2048.0, 1363.0], "pivot": [0.49853515625, 0.5528246760368347], "position": [-106.9999771118164, 64.0], "rawSize": [2048.0, 1363.0], "view": [416.1000061035156, 988.0]}}