{"jiqi_2": {"size": [1024.0, 869.0], "pivot": [0.3662109375, 0.529919445514679], "position": [-174.0, 40.99980163574219], "rawSize": [1024.0, 869.0], "view": [400.0, 919.0]}}