{"shengli_3": {"size": [1878.0, 2048.0], "pivot": [0.48296058177948, 0.49365234375], "position": [-96.99994659423828, -71.0], "rawSize": [1878.0, 2048.0], "view": [458.0, 1050.0]}}