{"vtuber_ayame": {"size": [1200.0, 1039.0], "pivot": [0.42500001192092896, 0.5950914025306702], "position": [-247.9999542236328, 68.0], "rawSize": [1200.0, 1039.0], "view": [349.6000061035156, 801.7000122070312]}}