{"kasabulanka_2": {"size": [1372.0, 1400.0], "pivot": [0.5546647310256958, 0.6728571653366089], "position": [-209.99996948242188, 73.0], "raw": true, "rawSize": [1372.0, 1400.0], "view": [548.2999877929688, 1257.0]}}