{"teluntuo_2": {"size": [1024.0, 788.0], "pivot": [0.4970703125, 0.5913705825805664], "position": [-68.99998474121094, -37.0], "rawSize": [1024.0, 788.0], "view": [406.8999938964844, 933.2000122070312]}}