{"feilikesishuerci_2": {"size": [3816.0, 3306.0], "pivot": [0.49067598581314087, 0.66650390625], "position": [-21.528358459472656, -321.77374267578125], "rawSize": [2048.0, 1774.0], "view": [796.2872314453125, 1825.4718017578125]}, "feilikesishuerci_2_rw": {"size": [2048.0, 1628.0], "pivot": [0.49067598581314087, 0.66650390625], "position": [293.5, -16.5], "rawSize": [2048.0, 1628.0]}}