{"adiliao_3": {"size": [2864.0, 2570.0], "pivot": [0.49067598581314087, 0.66650390625], "position": [-146.7755584716797, -227.77572631835938], "rawSize": [2048.0, 1838.0], "view": [479.58203125, 1099.431884765625]}, "adiliao_3_rw": {"size": [1754.0, 2048.0], "pivot": [0.49067598581314087, 0.66650390625], "position": [126.08999633789062, 596.0], "rawSize": [1754.0, 2048.0]}}