{"aierdeliqi_7": {"size": [1594.0, 2048.0], "pivot": [0.49067598581314087, 0.66650390625], "position": [-282.1795349121094, -63.641151428222656], "rawSize": [1594.0, 2048.0], "view": [562.7096557617188, 1290.0001220703125]}}