{"z23_3": {"size": [774.0, 1024.0], "pivot": [0.590697705745697, 0.6025390625], "position": [-22.000192642211914, 119.0], "rawSize": [774.0, 1024.0], "view": [356.0, 817.0]}}