{"z9": {"size": [3418.0, 4178.0], "pivot": [0.49067598581314087, 0.66650390625], "position": [-241.4445037841797, 302.47607421875], "rawSize": [1675.0, 2048.0], "view": [669.8923950195312, 1535.71435546875]}, "z9_rw": {"size": [2048.0, 1878.0], "pivot": [0.49067598581314087, 0.66650390625], "position": [65.0, 566.2000122070312], "rawSize": [2048.0, 1878.0]}}