{"feiteliedadi": {"size": [2048.0, 1468.0], "pivot": [0.49072265625, 0.5719345808029175], "position": [-85.00023651123047, -20.0], "rawSize": [2048.0, 1468.0], "view": [330.0, 756.0]}}