{"jiafuerbojue_2": {"size": [2048.0, 1702.0], "pivot": [0.54052734375, 0.4159812033176422], "position": [-214.00001525878906, -146.0], "rawSize": [2048.0, 1702.0], "view": [331.0, 1179.300048828125]}}