{"yanusi_4": {"size": [2956.0, 3138.0], "pivot": [0.49067598581314087, 0.66650390625], "position": [-254.79576110839844, 365.2257080078125], "raw": true, "rawSize": [1929.0, 2048.0], "view": [703.386962890625, 1612.4998779296875]}, "yanusi_4_rw": {"size": [1607.0, 2048.0], "pivot": [0.49067598581314087, 0.66650390625], "position": [-672.0, -124.0], "rawSize": [1607.0, 2048.0]}}