{"daofeng_4": {"size": [2536.0, 2517.0], "pivot": [0.49067598581314087, 0.66650390625], "position": [-176.60580444335938, 166.01425170898438], "rawSize": [2048.0, 2033.0], "view": [453.7980651855469, 1040.3226318359375]}, "daofeng_4_rw": {"size": [2048.0, 1918.0], "pivot": [0.49067598581314087, 0.66650390625], "position": [-239.0, 141.0], "rawSize": [2048.0, 1918.0]}}