{"fuerban_2": {"size": [1024.0, 962.0], "pivot": [0.4345703125, 0.5862785577774048], "position": [-183.99977111816406, 105.0], "rawSize": [1024.0, 962.0], "view": [336.0, 770.0]}}