{"luao_2": {"size": [1024.0, 1021.0], "pivot": [0.48066407442092896, 0.5020567774772644], "position": [-90.000244140625, -77.0], "rawSize": [1024.0, 1021.0], "view": [327.0, 749.0]}}