{"luodeni": {"size": [2020.0, 1819.0], "pivot": [0.17079207301139832, 0.6126992702484131], "position": [-327.0001525878906, 285.0], "rawSize": [2020.0, 1819.0], "view": [331.0, 1424.300048828125]}}