{"zhuifeng_2": {"size": [2048.0, 2024.0], "pivot": [0.49067598581314087, 0.66650390625], "position": [-337.51953125, -170.98715209960938], "rawSize": [2048.0, 2024.0], "view": [548.09375, 1256.4935302734375]}}