{"fanji": {"size": [1144.0, 1225.0], "pivot": [0.4729020893573761, 0.6673469543457031], "position": [-14.99972915649414, 188.0], "rawSize": [957.0, 1024.0], "view": [525.0, 902.0]}}