{"fengyun_2": {"size": [2048.0, 1980.0], "pivot": [0.49067598581314087, 0.66650390625], "position": [-105.43379974365234, -119.32545471191406], "rawSize": [2048.0, 1980.0], "view": [508.4725341796875, 1165.66259765625]}}