{"liekexingdun": {"size": [1533.0, 1043.0], "pivot": [0.458577960729599, 0.6150501370429993], "position": [-46.11616516113281, 36.0], "rawSize": [1024.0, 697.0], "view": [586.0, 1008.0]}}