{"chuyun_2": {"size": [940.0, 1024.0], "pivot": [0.3989361822605133, 0.748046875], "position": [-175.0000762939453, 102.0], "rawSize": [940.0, 1024.0], "view": [350.0, 804.0]}}