{"jingjishen": {"size": [898.0, 1024.0], "pivot": [0.4665924310684204, 0.5234375], "position": [-111.00004577636719, 12.0], "rawSize": [898.0, 1024.0], "view": [407.20001220703125, 905.9000244140625]}}