{"aerhangeersike_3": {"size": [2048.0, 1558.0], "pivot": [0.49067598581314087, 0.66650390625], "position": [-129.6531219482422, -128.81639099121094], "rawSize": [2048.0, 1558.0], "view": [430.64508056640625, 987.244873046875]}}