{"i25": {"size": [911.0, 1024.0], "pivot": [0.49670690298080444, 0.5703125], "position": [-62.00040054321289, 71.0], "rawSize": [911.0, 1024.0], "view": [378.0, 867.0]}}