{"hailunna_2": {"size": [964.0, 1200.0], "pivot": [0.42323651909828186, 0.7513332962989807], "position": [-136.0001220703125, 235.0], "rawSize": [964.0, 1200.0], "view": [315.0, 722.0]}}