{"wokelan_4": {"size": [2048.0, 1564.0], "pivot": [0.49067598581314087, 0.66650390625], "position": [-202.8140106201172, -74.04668426513672], "rawSize": [2048.0, 1564.0], "view": [490.735107421875, 1125.0]}}