{"zhaohe_3": {"size": [2983.0, 2825.0], "pivot": [0.49067598581314087, 0.66650390625], "position": [-399.1539306640625, -791.923583984375], "rawSize": [2048.0, 1940.0], "view": [844.0642700195312, 1934.999755859375]}, "zhaohe_3_rw": {"size": [2048.0, 1026.0], "pivot": [0.49067598581314087, 0.66650390625], "position": [-74.0, -454.0], "rawSize": [2048.0, 1026.0]}}