{"duli_g": {"size": [1984.0, 2048.0], "pivot": [0.47580644488334656, 0.5259765386581421], "position": [-293.8999938964844, 40.0], "rawSize": [1984.0, 2048.0], "view": [331.0, 679.2999877929688]}}