{"pulinsidun_alter": {"size": [3908.0, 2854.0], "pivot": [0.49067598581314087, 0.66650390625], "position": [-264.99688720703125, 12.833703994750977], "rawSize": [2048.0, 1496.0], "view": [611.640869140625, 1402.1739501953125]}, "pulinsidun_alter_rw": {"size": [2048.0, 1724.0], "pivot": [0.49067598581314087, 0.66650390625], "position": [-235.0, 47.0], "rawSize": [2048.0, 1724.0]}}