{"quejie_4": {"size": [3625.0, 2817.0], "pivot": [0.4991724193096161, 0.52555912733078], "position": [-250.99996948242188, -52.0], "rawSize": [2048.0, 1592.0], "view": [699.7999877929688, 1604.800048828125]}, "quejie_4_front": {"size": [1081.0, 1400.0], "pivot": [0.49067598581314087, 0.66650390625], "position": [-91.30000305175781, 219.6999969482422], "rawSize": [1081.0, 1400.0]}}