{"ninghai_8": {"size": [2846.0, 2594.0], "pivot": [0.49067598581314087, 0.66650390625], "position": [-243.03179931640625, 111.99990844726562], "rawSize": [2048.0, 1867.0], "view": [669.8923950195312, 1535.71435546875]}, "ninghai_8_rw": {"size": [1156.0, 2048.0], "pivot": [0.49067598581314087, 0.66650390625], "position": [53.0, 492.0], "rawSize": [1156.0, 2048.0]}, "ninghai_8_bj": {"size": [2846.0, 2594.0], "pivot": [0.49067598581314087, 0.66650390625], "position": [-30.0, 432.0], "rawSize": [2048.0, 1867.0]}}