{"bulaimodun_6": {"size": [3786.0, 3110.0], "pivot": [0.49067598581314087, 0.66650390625], "position": [-445.2979736328125, 43.27646255493164], "raw": true, "rawSize": [2048.0, 1682.0], "view": [897.9408569335938, 2058.5107421875]}, "bulaimodun_6_rw": {"size": [1828.0, 2048.0], "pivot": [0.49067598581314087, 0.66650390625], "position": [-150.5, 381.5], "rawSize": [1828.0, 2048.0]}}