{"qiabayefu_4": {"size": [2048.0, 1798.0], "pivot": [0.49067598581314087, 0.66650390625], "position": [-208.36370849609375, 10.86355972290039], "rawSize": [2048.0, 1798.0], "view": [479.58203125, 1099.431884765625]}}