{"heitaizi_4": {"size": [2020.0, 2048.0], "pivot": [0.18415841460227966, 0.70458984375], "position": [-328.9999694824219, 446.0], "rawSize": [2020.0, 2048.0], "view": [331.0, 1295.300048828125]}}