{"fuerban_4": {"size": [1400.0, 1323.0], "pivot": [0.49785715341567993, 0.5544217824935913], "position": [-257.9999694824219, 33.0], "rawSize": [1400.0, 1323.0], "view": [562.9000244140625, 1290.800048828125]}}