{"jiaweisi": {"size": [2048.0, 1816.0], "pivot": [0.49067598581314087, 0.66650390625], "position": [-36.795982360839844, -153.30615234375], "rawSize": [2048.0, 1816.0], "view": [430.64508056640625, 987.244873046875]}}