{"xiaotiane_3": {"size": [1024.0, 792.0], "pivot": [0.4365234375, 0.5555555820465088], "position": [-84.00032043457031, 31.0], "rawSize": [1024.0, 792.0], "view": [348.0, 794.0]}}