{"tianhou": {"size": [925.0, 1060.0], "pivot": [0.4470270276069641, 0.4849056005477905], "position": [-100.99946594238281, -28.0], "rawSize": [894.0, 1024.0], "view": [614.0, 1102.0]}}