{"bangkeshan": {"size": [1200.0, 850.0], "pivot": [0.5389999747276306, 0.7114117741584778], "position": [-12.000041961669922, 109.0], "rawSize": [1200.0, 850.0], "view": [283.0, 650.0]}}