{"keliaopeitela": {"size": [3816.0, 2776.0], "pivot": [0.49067598581314087, 0.66650390625], "position": [-309.38812255859375, -159.79110717773438], "rawSize": [2048.0, 1490.0], "view": [629.8988037109375, 1444.02978515625]}, "keliaopeitela_rw": {"size": [924.0, 2048.0], "pivot": [0.49067598581314087, 0.66650390625], "position": [-161.5, -23.0], "rawSize": [924.0, 2048.0]}}