{"pinghai_g": {"size": [883.0, 1024.0], "pivot": [0.427519828081131, 0.529296875], "position": [-91.99981689453125, 30.0], "rawSize": [883.0, 1024.0], "view": [310.0, 710.0]}}