{"aogusite_2": {"size": [2048.0, 2038.0], "pivot": [0.49067598581314087, 0.66650390625], "position": [-192.56707763671875, 83.6493911743164], "rawSize": [2048.0, 2038.0], "view": [435.084716796875, 997.4226684570312]}}