{"huajia_2": {"size": [4014.0, 3284.0], "pivot": [0.49067598581314087, 0.66650390625], "position": [-235.00006103515625, -502.4001770019531], "rawSize": [2048.0, 1675.0], "view": [844.0643920898438, 1935.0]}, "huajia_2_bj": {"size": [162.0, 1387.0], "pivot": [0.49067598581314087, 0.66650390625], "position": [-387.5, 893.5], "raw": true, "rawSize": [162.0, 1387.0]}, "huajia_2_rw": {"size": [2048.0, 1894.0], "pivot": [0.49067598581314087, 0.66650390625], "position": [276.0, 29.5], "rawSize": [2048.0, 1894.0]}}