{"chuchun_4": {"size": [2048.0, 1558.0], "pivot": [0.49067598581314087, 0.66650390625], "position": [-197.55413818359375, -235.90037536621094], "rawSize": [2048.0, 1558.0], "view": [629.8988037109375, 1444.02978515625]}}