{"junhe_5": {"size": [1144.0, 1200.0], "pivot": [0.5631119012832642, 0.5792499780654907], "position": [-150.99998474121094, 67.0], "rawSize": [1144.0, 1200.0], "view": [319.6000061035156, 732.7999877929688]}}