{"talin_3": {"size": [2048.0, 1880.0], "pivot": [0.49853515625, 0.5382978916168213], "position": [-136.9999542236328, -259.0], "rawSize": [2048.0, 1880.0], "view": [469.6000061035156, 1076.9000244140625]}}