{"yilishabai": {"size": [1931.0, 1232.0], "pivot": [0.4347488284111023, 0.6087662577629089], "position": [-139.00030517578125, 99.0], "rawSize": [2048.0, 1306.0], "view": [416.0, 941.0]}}