{"dingan_3": {"size": [5364.0, 3378.0], "pivot": [0.49067598581314087, 0.66650390625], "position": [-100.17466735839844, 194.5395965576172], "rawSize": [2048.0, 1290.0], "view": [669.8923950195312, 1535.71435546875]}, "dingan_3_rw": {"size": [728.0, 2048.0], "pivot": [0.49067598581314087, 0.66650390625], "position": [26.399999618530273, 296.6000061035156], "rawSize": [728.0, 2048.0]}}