{"buqu_2": {"size": [1896.0, 2048.0], "pivot": [0.49067598581314087, 0.66650390625], "position": [-148.32749938964844, -246.40724182128906], "rawSize": [1896.0, 2048.0], "view": [373.4798278808594, 856.1947021484375]}}