{"weiershiqinwang_4": {"size": [1177.0, 1200.0], "pivot": [0.6064570546150208, 0.7691666483879089], "position": [67.99964904785156, 172.0], "rawSize": [1177.0, 1200.0], "view": [375.0, 859.0]}}