{"lansaiyu": {"size": [1400.0, 1395.0], "pivot": [0.49785715341567993, 0.551612913608551], "position": [-197.0000457763672, 45.0], "rawSize": [1400.0, 1395.0], "view": [432.79998779296875, 992.2000122070312]}}