{"linuo_2": {"size": [1930.0, 2048.0], "pivot": [0.5381864905357361, 0.626513659954071], "position": [-141.99993896484375, 171.0], "rawSize": [1930.0, 2048.0], "view": [529.2999877929688, 1213.800048828125]}}