{"ougen_idol": {"size": [2640.0, 2970.0], "pivot": [0.49067598581314087, 0.66650390625], "position": [-53.98930740356445, 238.88165283203125], "rawSize": [1820.0, 2048.0], "view": [453.7980651855469, 1040.3226318359375]}, "ougen_idol_rw": {"size": [1992.0, 2048.0], "pivot": [0.49067598581314087, 0.66650390625], "position": [9.199999809265137, 463.5], "rawSize": [1992.0, 2048.0]}}