{"shengmading_2": {"size": [4074.0, 3704.0], "pivot": [0.49067598581314087, 0.66650390625], "position": [88.7142333984375, -368.9524841308594], "rawSize": [2048.0, 1862.0], "view": [669.8923950195312, 1535.71435546875]}, "shengmading_2_rw": {"size": [1965.0, 2048.0], "pivot": [0.49067598581314087, 0.66650390625], "position": [113.0, -27.0], "rawSize": [1965.0, 2048.0]}, "shengmading_2_front": {"size": [4074.0, 3704.0], "pivot": [0.49067598581314087, 0.66650390625], "position": [-38.20000076293945, 617.5], "rawSize": [2048.0, 1862.0]}}