{"duli_2": {"size": [995.0, 1200.0], "pivot": [0.5060301423072815, 0.7491666674613953], "position": [-51.99993896484375, 201.0], "rawSize": [995.0, 1200.0], "view": [371.0, 849.0]}}