{"aijiangcl": {"size": [785.0, 1024.0], "pivot": [0.5276433229446411, 0.7164062261581421], "position": [-34.0002326965332, 128.0], "rawSize": [785.0, 1024.0], "view": [340.0, 779.0]}}