{"leiming": {"size": [1844.0, 2048.0], "pivot": [0.5261388421058655, 0.4715820252895355], "position": [-41.0, -148.0], "rawSize": [1844.0, 2048.0], "view": [390.5, 895.4000244140625]}}