{"aoding_2": {"size": [2048.0, 1930.0], "pivot": [0.4423828125, 0.7352331876754761], "position": [-291.5, 260.0], "rawSize": [2048.0, 1930.0], "view": [832.2999877929688, 1177.300048828125]}}