{"aimierbeierding_g": {"size": [1400.0, 1237.0], "pivot": [0.49785715341567993, 0.5582053065299988], "position": [-143.9999237060547, 112.0], "rawSize": [1400.0, 1237.0], "view": [407.0, 932.0]}}