{"u81_3": {"size": [2048.0, 2022.0], "pivot": [0.49067598581314087, 0.66650390625], "position": [-209.820556640625, 26.102401733398438], "rawSize": [2048.0, 2022.0], "view": [541.0669555664062, 1240.3846435546875]}}