{"mayebuleize_3": {"size": [2048.0, 1864.0], "pivot": [0.49067598581314087, 0.66650390625], "position": [-234.3333740234375, -90.35311889648438], "rawSize": [2048.0, 1864.0], "view": [562.7095947265625, 1290.0]}}