{"wensensi_2": {"size": [640.0, 1024.0], "pivot": [0.4398437440395355, 0.7323242425918579], "position": [-74.99981689453125, 159.60000610351562], "rawSize": [640.0, 1024.0], "view": [318.5, 731.5]}}