{"xia_alter": {"size": [3748.0, 3528.0], "pivot": [0.49067598581314087, 0.66650390625], "position": [-264.9032897949219, -244.4517059326172], "rawSize": [2048.0, 1928.0], "view": [680.6970825195312, 1560.48388671875]}, "xia_alter_rw": {"size": [1006.0, 2048.0], "pivot": [0.49067598581314087, 0.66650390625], "position": [-47.900001525878906, -95.80000305175781], "rawSize": [1006.0, 2048.0]}}