{"nengdai": {"size": [1071.0, 1200.0], "pivot": [0.4971988797187805, 0.5600000023841858], "position": [-145.0, 92.0], "rawSize": [1071.0, 1200.0], "view": [348.3999938964844, 798.7999877929688]}}