{"rixiang_g": {"size": [1400.0, 779.0], "pivot": [0.43214285373687744, 0.5243902206420898], "position": [-88.9996109008789, 28.0], "rawSize": [1400.0, 779.0], "view": [305.0, 697.0]}}