{"haerbin_h": {"size": [3222.0, 2938.0], "pivot": [0.49067598581314087, 0.66650390625], "position": [-275.57147216796875, 386.9998779296875], "rawSize": [2048.0, 1867.0], "view": [753.62890625, 1727.6785888671875]}, "haerbin_h_rw": {"size": [2048.0, 1827.0], "pivot": [0.49067598581314087, 0.66650390625], "position": [-389.0, -250.19000244140625], "rawSize": [2048.0, 1827.0]}}