{"u410_2": {"size": [2044.0, 2048.0], "pivot": [0.4985322952270508, 0.53515625], "position": [-165.00001525878906, -99.0], "rawSize": [2044.0, 2048.0], "view": [596.7999877929688, 1368.4000244140625]}}