{"nananpudun_2": {"size": [1400.0, 1316.0], "pivot": [0.49785715341567993, 0.5547112226486206], "position": [-156.99996948242188, 66.0], "rawSize": [1400.0, 1316.0], "view": [426.20001220703125, 977.5]}}