{"aerhangeersike_2": {"size": [3480.0, 2368.0], "pivot": [0.49067598581314087, 0.66650390625], "position": [-429.820556640625, 19.692153930664062], "rawSize": [2048.0, 1394.0], "view": [541.0669555664062, 1240.3846435546875]}, "aerhangeersike_2_rw": {"size": [1980.0, 2048.0], "pivot": [0.49067598581314087, 0.66650390625], "position": [-22.5, 311.0], "rawSize": [1980.0, 2048.0]}}