{"kaiersheng": {"size": [1652.0, 2048.0], "pivot": [0.49067598581314087, 0.66650390625], "position": [143.8571014404297, 212.57135009765625], "rawSize": [1652.0, 2048.0], "view": [602.9031372070312, 1382.142822265625]}, "kaiersheng_jz": {"size": [3380.0, 2654.0], "pivot": [0.49067598581314087, 0.66650390625], "position": [365.0, 528.0], "rawSize": [2048.0, 1608.0]}}