{"vtuber_fubuki": {"size": [1400.0, 1153.0], "pivot": [0.5282142758369446, 0.5498698949813843], "position": [-149.00003051757812, 11.0], "rawSize": [1400.0, 1153.0], "view": [354.20001220703125, 812.2000122070312]}}