{"fuxu": {"size": [2048.0, 1450.0], "pivot": [0.49067598581314087, 0.66650390625], "position": [-147.47625732421875, 210.09521484375], "rawSize": [2048.0, 1450.0], "view": [401.9354553222656, 921.4285888671875]}}