{"beiqi_3": {"size": [906.0, 1400.0], "pivot": [0.5473510026931763, 0.5514285564422607], "position": [-110.00006866455078, 12.0], "raw": true, "rawSize": [906.0, 1400.0], "view": [447.79998779296875, 1026.800048828125]}}