{"dahuangfeng_alter": {"size": [3134.0, 2142.0], "pivot": [0.49067598581314087, 0.66650390625], "position": [-466.4444885253906, 246.7221221923828], "rawSize": [2048.0, 1400.0], "view": [586.1558227539062, 1343.75]}, "dahuangfeng_alter_rw": {"size": [2048.0, 1944.0], "pivot": [0.49067598581314087, 0.66650390625], "position": [-83.9000015258789, 334.5], "rawSize": [2048.0, 1944.0]}}