{"canglong_alter": {"size": [2048.0, 1476.0], "pivot": [0.49067598581314087, 0.66650390625], "position": [-91.28577423095703, 34.85702133178711], "rawSize": [2048.0, 1476.0], "view": [401.9354553222656, 921.4285888671875]}}