{"feiyu": {"size": [3442.0, 2898.0], "pivot": [0.49067598581314087, 0.66650390625], "position": [-320.2821350097656, 35.23930358886719], "rawSize": [2048.0, 1724.0], "view": [639.4427490234375, 1465.9090576171875]}, "feiyu_rw": {"size": [906.0, 2048.0], "pivot": [0.49067598581314087, 0.66650390625], "position": [-139.8000030517578, 226.89999389648438], "rawSize": [906.0, 2048.0]}}