{"xiao_2": {"size": [1024.0, 899.0], "pivot": [0.455078125, 0.6245828866958618], "position": [-28.000198364257812, 100.0], "rawSize": [1024.0, 899.0], "view": [301.0, 691.0]}}