{"hdn302_2": {"size": [922.0, 1024.0], "pivot": [0.6843817830085754, 0.521484375], "position": [-44.99969482421875, 129.0], "rawSize": [922.0, 1024.0], "view": [344.0, 790.0]}}