{"z16_2": {"size": [2048.0, 1806.0], "pivot": [0.49067598581314087, 0.66650390625], "position": [-59.24496078491211, -74.73472595214844], "rawSize": [2048.0, 1806.0], "view": [430.64508056640625, 987.244873046875]}}