{"chuyue_2": {"size": [2048.0, 1782.0], "pivot": [0.49067598581314087, 0.66650390625], "position": [-187.56610107421875, -225.73626708984375], "rawSize": [2048.0, 1782.0], "view": [796.2872314453125, 1825.4718017578125]}}