{"yalisangna_alter": {"size": [3617.0, 3272.0], "pivot": [0.49067598581314087, 0.66650390625], "position": [-254.15692138671875, 156.8035888671875], "rawSize": [2048.0, 1853.0], "view": [703.386962890625, 1612.4998779296875]}, "yalisangna_alter_rw": {"size": [1948.0, 2048.0], "pivot": [0.49067598581314087, 0.66650390625], "position": [63.29999923706055, 215.0], "rawSize": [1948.0, 2048.0]}}