{"huisheng": {"size": [810.0, 1024.0], "pivot": [0.4407407343387604, 0.5830078125], "position": [-161.0001983642578, 59.0], "rawSize": [810.0, 1024.0], "view": [416.0, 953.0]}}