{"qian_2": {"size": [2048.0, 1558.0], "pivot": [0.49067598581314087, 0.66650390625], "position": [-225.00006103515625, 63.99991989135742], "rawSize": [2048.0, 1558.0], "view": [562.7095947265625, 1290.0]}}