{"aierdeliqi_g": {"size": [2956.0, 2798.0], "pivot": [0.49067598581314087, 0.66650390625], "position": [-302.1283264160156, 51.74335479736328], "rawSize": [2048.0, 1939.0], "view": [541.0669555664062, 1240.3846435546875]}, "aierdeliqi_g_bj": {"size": [2956.0, 2798.0], "pivot": [0.49067598581314087, 0.66650390625], "position": [-21.700000762939453, 452.0], "rawSize": [2048.0, 1939.0]}, "aierdeliqi_g_rw": {"size": [2048.0, 2002.0], "pivot": [0.49067598581314087, 0.66650390625], "position": [-153.0, 490.0], "rawSize": [2048.0, 2002.0]}}