{"dachao_3": {"size": [753.0, 1024.0], "pivot": [0.4960159361362457, 0.5703125], "position": [-136.69998168945312, 95.19999694824219], "rawSize": [753.0, 1024.0], "view": [328.55999755859375, 753.4199829101562]}}