{"sizhannvshen_2": {"size": [2048.0, 1632.0], "pivot": [0.49067598581314087, 0.66650390625], "position": [-244.22227478027344, -43.555572509765625], "rawSize": [2048.0, 1632.0], "view": [390.7705383300781, 895.8333129882812]}}