{"mojiaduoer": {"size": [3586.0, 3186.0], "pivot": [0.49067598581314087, 0.66650390625], "position": [-447.0000915527344, 63.69485855102539], "rawSize": [2048.0, 1820.0], "view": [357.6544189453125, 819.915283203125]}, "mojiaduoer_rw": {"size": [2048.0, 1536.0], "pivot": [0.49067598581314087, 0.66650390625], "position": [-112.4000015258789, 155.0], "rawSize": [2048.0, 1536.0]}, "mojiaduoer_bj": {"size": [3586.0, 3186.0], "pivot": [0.49067598581314087, 0.66650390625], "position": [-37.0, 528.0], "rawSize": [2048.0, 1820.0]}}