{"deyizhi": {"size": [970.0, 1024.0], "pivot": [0.44536083936691284, 0.58984375], "position": [-127.99984741210938, 114.0], "rawSize": [1024.0, 1012.0], "view": [295.0, 753.0]}}