{"dafeng_3": {"size": [2048.0, 1916.0], "pivot": [0.49067598581314087, 0.66650390625], "position": [-138.17652893066406, 4.646966934204102], "rawSize": [2048.0, 1916.0], "view": [620.6355590820312, 1422.7940673828125]}}