{"huajian": {"size": [4524.0, 4234.0], "pivot": [0.49067598581314087, 0.66650390625], "position": [-385.6420593261719, 198.53805541992188], "rawSize": [2048.0, 1917.0], "view": [788.84521484375, 1808.4111328125]}, "huajian_rw": {"size": [2048.0, 1916.0], "pivot": [0.49067598581314087, 0.66650390625], "position": [-14.289999961853027, 551.6599731445312], "rawSize": [2048.0, 1916.0]}}