{"hongliang": {"size": [2048.0, 1610.0], "pivot": [0.49853515625, 0.544720470905304], "position": [-210.99989318847656, -66.0], "rawSize": [2048.0, 1610.0], "view": [565.9000244140625, 1297.5999755859375]}}