{"yilishabai_5": {"size": [2048.0, 1784.0], "pivot": [0.529296875, 0.5297085046768188], "position": [12.999944686889648, -38.0], "rawSize": [2048.0, 1784.0], "view": [555.5, 1273.699951171875]}}