{"danfo": {"size": [901.0, 1024.0], "pivot": [0.3401775658130646, 0.6435546875], "position": [-116.99967193603516, 129.0], "rawSize": [901.0, 1024.0], "view": [345.0, 791.0]}}