{"anshan_g": {"size": [1918.0, 2048.0], "pivot": [0.49067598581314087, 0.66650390625], "position": [-293.0159912109375, -135.5879364013672], "rawSize": [1918.0, 2048.0], "view": [453.79803466796875, 1040.322509765625]}}