{"chuyue": {"size": [2930.0, 3122.0], "pivot": [0.49067598581314087, 0.66650390625], "position": [-235.35623168945312, -209.9179229736328], "rawSize": [1922.0, 2048.0], "view": [578.1262817382812, 1325.3424072265625]}, "chuyue_rw": {"size": [2048.0, 2358.0], "pivot": [0.49067598581314087, 0.66650390625], "position": [14.0, 81.0], "rawSize": [2048.0, 2358.0]}}