{"longwu_2": {"size": [2048.0, 1680.0], "pivot": [0.49067598581314087, 0.66650390625], "position": [-129.55819702148438, -290.32562255859375], "rawSize": [2048.0, 1680.0], "view": [490.735107421875, 1125.0]}}