{"longwu_2": {"size": [2828.0, 2010.0], "pivot": [0.49067598581314087, 0.66650390625], "position": [-123.13642883300781, -96.14187622070312], "rawSize": [2048.0, 1456.0], "view": [496.5084228515625, 1138.2352294921875]}, "longwu_2_rw": {"size": [2048.0, 1680.0], "pivot": [0.49067598581314087, 0.66650390625], "position": [-22.200000762939453, 339.1000061035156], "rawSize": [2048.0, 1680.0]}}