{"haman": {"size": [888.0, 1291.0], "pivot": [0.37612614035606384, 0.5247870087623596], "position": [-217.0, 32.0], "rawSize": [697.0, 1023.0], "view": [458.0, 1165.0]}}