{"u556": {"size": [1024.0, 1023.0], "pivot": [0.4091796875, 0.36412513256073], "position": [-154.0001220703125, -185.0], "rawSize": [1024.0, 1023.0], "view": [353.0, 808.0]}}