{"songdiao_2": {"size": [2048.0, 1864.0], "pivot": [0.49067598581314087, 0.66650390625], "position": [-166.74363708496094, 14.179332733154297], "raw": true, "rawSize": [2048.0, 1864.0], "view": [541.0669555664062, 1240.3846435546875]}}