{"alabama": {"size": [1640.0, 1381.0], "pivot": [0.5597561001777649, 0.4934829771518707], "position": [59.000030517578125, -8.0], "rawSize": [1640.0, 1381.0], "view": [335.0, 769.0]}}