{"akasita_4": {"size": [2048.0, 2002.0], "pivot": [0.572265625, 0.5284715294837952], "position": [-261.0, 11.0], "rawSize": [2048.0, 2002.0], "view": [331.0, 1140.199951171875]}}