{"jiluofu_3": {"size": [2856.0, 2540.0], "pivot": [0.49067598581314087, 0.66650390625], "position": [-231.09097290039062, 176.77268981933594], "rawSize": [2048.0, 1821.0], "view": [479.58203125, 1099.431884765625]}, "jiluofu_3_rw": {"size": [2048.0, 1286.0], "pivot": [0.49067598581314087, 0.66650390625], "position": [-137.5, 410.20001220703125], "rawSize": [2048.0, 1286.0]}}