{"haman_6": {"size": [4904.0, 2868.0], "pivot": [0.49067598581314087, 0.66650390625], "position": [-238.29039001464844, 41.515933990478516], "raw": true, "rawSize": [2048.0, 1198.0], "view": [680.6970825195312, 1560.48388671875]}, "haman_6_bj": {"size": [4904.0, 2868.0], "pivot": [0.49067598581314087, 0.66650390625], "position": [-55.0, 484.0], "rawSize": [2048.0, 1198.0]}, "haman_6_rw": {"size": [1428.0, 2048.0], "pivot": [0.49067598581314087, 0.66650390625], "position": [-286.5, 144.10000610351562], "rawSize": [1428.0, 2048.0]}}