{"empress": {"size": [2048.0, 1814.0], "pivot": [0.52587890625, 0.5512679219245911], "position": [-97.00006103515625, 112.0], "rawSize": [2048.0, 1814.0], "view": [359.0, 823.0]}}