{"boyixi_3": {"size": [3626.0, 4544.0], "pivot": [0.49067598581314087, 0.66650390625], "position": [-442.71435546875, -530.857177734375], "rawSize": [1634.0, 2048.0], "view": [602.9031372070312, 1382.142822265625]}, "face": {"size": [449.0, 470.0], "pivot": [0.5, 0.5], "position": [-365.5, 2.0], "rawSize": [449.0, 470.0], "list": [0, 1, 2, 3, 4, 5, 6]}, "boyixi_3_rw": {"size": [1396.0, 2048.0], "pivot": [0.49067598581314087, 0.66650390625], "position": [-315.0, -445.0], "rawSize": [1396.0, 2048.0]}}