{"wuqi_2": {"size": [2048.0, 1735.0], "pivot": [0.57421875, 0.6020172834396362], "position": [-106.99996948242188, 64.0], "rawSize": [2048.0, 1735.0], "view": [565.0999755859375, 1296.0]}}