{"keluoladuo_4": {"size": [3528.0, 2104.0], "pivot": [0.49067598581314087, 0.66650390625], "position": [-267.9091491699219, -6.182092666625977], "raw": true, "rawSize": [2048.0, 1222.0], "view": [767.3312377929688, 1759.0908203125]}, "keluoladuo_4_rw": {"size": [2048.0, 1826.0], "pivot": [0.49067598581314087, 0.66650390625], "position": [-323.0, 183.3000030517578], "rawSize": [2048.0, 1826.0]}, "face": {"size": [383.0, 333.0], "pivot": [0.5, 0.5], "position": [219.6999969482422, 624.0999755859375], "rawSize": [383.0, 333.0], "list": [0, 1, 2, 3, 4, 5]}, "keluoladuo_4_bj": {"size": [3528.0, 2104.0], "pivot": [0.49067598581314087, 0.66650390625], "position": [-34.29999923706055, 351.20001220703125], "rawSize": [2048.0, 1222.0]}}