{"genaisennao_2": {"size": [1600.0, 1444.0], "pivot": [0.49812498688697815, 0.549861490726471], "position": [-102.80003356933594, 25.600000381469727], "rawSize": [1600.0, 1444.0], "view": [309.1600036621094, 708.9299926757812]}}