{"yuhei": {"size": [1880.0, 2048.0], "pivot": [0.49067598581314087, 0.66650390625], "position": [-220.58982849121094, 321.9999084472656], "rawSize": [1880.0, 2048.0], "view": [541.0669555664062, 1240.3846435546875]}}