{"maoyin_2": {"size": [1024.0, 1024.0], "pivot": [0.5888671875, 0.583984375], "position": [90.99983215332031, 52.0], "rawSize": [1024.0, 1024.0], "view": [448.0, 1027.0]}}