{"manchesite": {"size": [1886.0, 2048.0], "pivot": [0.49067598581314087, 0.66650390625], "position": [-204.9365692138672, 305.6507568359375], "rawSize": [1886.0, 2048.0], "view": [669.8923950195312, 1535.71435546875]}}