{"xiefeierde_idol": {"size": [945.0, 1024.0], "pivot": [0.4968253970146179, 0.5703125], "position": [-144.0, 67.0], "rawSize": [945.0, 1024.0], "view": [386.6000061035156, 886.5999755859375]}}