{"jialimaoxian": {"size": [4708.0, 3810.0], "pivot": [0.49067598581314087, 0.66650390625], "position": [-141.4445037841797, 80.25382995605469], "rawSize": [2048.0, 1657.0], "view": [669.8923950195312, 1535.71435546875]}, "jialimaoxian_rw": {"size": [2048.0, 2034.0], "pivot": [0.49067598581314087, 0.66650390625], "position": [12.2, 195.5], "rawSize": [2048.0, 2034.0]}, "jialimaoxian_front": {"size": [4708.0, 3810.0], "pivot": [0.49067598581314087, 0.66650390625], "position": [-38.8, 632.5], "rawSize": [2048.0, 1657.0]}}