{"xuequan": {"size": [3364.0, 3250.0], "pivot": [0.49067598581314087, 0.66650390625], "position": [-776.166748046875, 118.24987030029297], "rawSize": [2048.0, 1979.0], "view": [879.2337646484375, 2015.625]}, "xuequan_rw_ex": {"size": [1932.0, 2048.0], "pivot": [0.49067598581314087, 0.66650390625], "position": [-735.0, 332.0], "rawSize": [1932.0, 2048.0]}}