{"fubo_2": {"size": [5024.0, 3298.0], "pivot": [0.49067598581314087, 0.66650390625], "position": [-262.52679443359375, -268.66058349609375], "rawSize": [2048.0, 1344.0], "view": [879.2337646484375, 2015.625]}, "fubo_2_rw": {"size": [2048.0, 1482.0], "pivot": [0.49067598581314087, 0.66650390625], "position": [-24.799999237060547, -45.099998474121094], "rawSize": [2048.0, 1482.0]}, "face": {"size": [846.0, 948.0], "pivot": [0.5, 0.5], "position": [-27.700000762939453, -25.9000244140625], "rawSize": [846.0, 948.0], "list": [0, 1, 10, 2, 3, 4, 5, 6, 7, 8, 9]}}