{"yueke_2": {"size": [801.0, 1024.0], "pivot": [0.49625468254089355, 0.5703125], "position": [-125.80001068115234, 28.100000381469727], "rawSize": [801.0, 1024.0], "view": [279.55999755859375, 641.030029296875]}}