{"bailong_3": {"size": [3662.0, 3408.0], "pivot": [0.49067598581314087, 0.66650390625], "position": [-218.7391815185547, -498.8697509765625], "rawSize": [2048.0, 1906.0], "view": [917.4613037109375, 2103.2607421875]}, "bailong_3_rw": {"size": [2046.0, 2048.0], "pivot": [0.49067598581314087, 0.66650390625], "position": [-197.3000030517578, -183.6999969482422], "rawSize": [2046.0, 2048.0]}}