{"haerxibaoweier": {"size": [1400.0, 1284.0], "pivot": [0.49785715341567993, 0.5560747385025024], "position": [-268.0, 69.0], "rawSize": [1400.0, 1284.0], "view": [445.5, 1021.4000244140625]}}