{"kubo_3": {"size": [2048.0, 1906.0], "pivot": [0.49853515625, 0.537775456905365], "position": [38.99998474121094, 2.0], "rawSize": [2048.0, 1906.0], "view": [714.4000244140625, 1638.0999755859375]}}