{"moermansike_2": {"size": [1672.0, 2048.0], "pivot": [0.4982057511806488, 0.53515625], "position": [-230.99993896484375, -237.0], "raw": true, "rawSize": [1672.0, 2048.0], "view": [450.0, 1031.800048828125]}, "moermansike_2_front": {"size": [1672.0, 2048.0], "pivot": [0.49067598581314087, 0.66650390625], "position": [-15.699999809265137, 342.0], "rawSize": [1672.0, 2048.0]}}