{"guangrong_alter": {"size": [4506.0, 2908.0], "pivot": [0.49067598581314087, 0.66650390625], "position": [-253.9445037841797, 195.33323669433594], "rawSize": [2048.0, 1322.0], "view": [586.1558227539062, 1343.75]}, "guangrong_alter_rw": {"size": [1366.0, 2048.0], "pivot": [0.49067598581314087, 0.66650390625], "position": [66.0, 266.79998779296875], "rawSize": [1366.0, 2048.0]}}