{"makeboluo": {"size": [4074.0, 3604.0], "pivot": [0.5673825740814209, 0.5631901621818542], "position": [93.19994354248047, 129.15541076660156], "rawSize": [2048.0, 1812.0], "view": [562.7095336914062, 1290.0]}, "makeboluo_jz1": {"size": [4074.0, 3604.0], "pivot": [0.49067598581314087, 0.66650390625], "position": [-37.986000061035156, 600.0800170898438], "rawSize": [2048.0, 1812.0]}, "makeboluo_rw": {"size": [1502.0, 2048.0], "pivot": [0.49067598581314087, 0.66650390625], "position": [-9.600000381469727, 206.3000030517578], "rawSize": [1502.0, 2048.0]}, "makeboluo_tx3": {"size": [4074.0, 3604.0], "pivot": [0.49067598581314087, 0.66650390625], "position": [-37.986000061035156, 600.0800170898438], "rawSize": [2048.0, 1812.0]}, "makeboluo_tx2": {"size": [4074.0, 3604.0], "pivot": [0.49067598581314087, 0.66650390625], "position": [-49.099998474121094, 605.0], "rawSize": [2048.0, 1812.0]}}