{"lanli": {"size": [794.0, 1238.0], "pivot": [0.35894206166267395, 0.631663978099823], "position": [-105.00011444091797, 135.0], "rawSize": [658.0, 1024.0], "view": [370.0, 943.0]}}