{"chunyue": {"size": [970.0, 1024.0], "pivot": [0.5175257921218872, 0.4775390625], "position": [-71.99974060058594, 2.0], "rawSize": [970.0, 1024.0], "view": [285.0, 652.0]}}