{"nabulesi": {"size": [5170.0, 4436.0], "pivot": [0.49067598581314087, 0.66650390625], "position": [433.92205810546875, 337.5782775878906], "rawSize": [2048.0, 1757.0], "view": [453.7980651855469, 1040.3226318359375]}, "nabulesi_rw": {"size": [1954.0, 2048.0], "pivot": [0.49067598581314087, 0.66650390625], "position": [111.66000366210938, 198.5], "rawSize": [1954.0, 2048.0]}}