{"tashigan_2": {"size": [1400.0, 1085.0], "pivot": [0.37285715341567993, 0.47511520981788635], "position": [-190.9999542236328, -53.0], "raw": true, "rawSize": [1400.0, 1085.0], "view": [539.5, 1237.199951171875]}, "face": {"size": [302.0, 463.0], "pivot": [0.5, 0.5], "position": [-72.0, 282.5], "rawSize": [302.0, 463.0], "list": [0, 1, 2, 3, 4]}}