{"jiagu_g": {"size": [991.0, 1024.0], "pivot": [0.42936426401138306, 0.5205078125], "position": [-55.000404357910156, 9.0], "rawSize": [991.0, 1024.0], "view": [416.0, 955.0]}}