{"telinida": {"size": [4122.0, 4004.0], "pivot": [0.49067598581314087, 0.66650390625], "position": [-293.72137451171875, 190.6884307861328], "rawSize": [2048.0, 1990.0], "view": [691.8560180664062, 1586.0655517578125]}, "telinida_bj": {"size": [4122.0, 4004.0], "pivot": [0.49067598581314087, 0.66650390625], "position": [-38.400001525878906, 666.0999755859375], "rawSize": [2048.0, 1990.0]}, "telinida_rw": {"size": [760.0, 2048.0], "pivot": [0.49067598581314087, 0.66650390625], "position": [-65.19999694824219, 256.5], "rawSize": [760.0, 2048.0]}}