{"i168_2": {"size": [1014.0, 1024.0], "pivot": [0.5920118093490601, 0.5907226800918579], "position": [-30.999622344970703, 53.0], "rawSize": [1014.0, 1024.0], "view": [407.0, 932.0]}}