{"i168_2": {"size": [1014.0, 1024.0], "pivot": [0.5920118093490601, 0.5907226800918579], "position": [-30.999622344970703, 53.0], "rawSize": [1014.0, 1024.0], "view": [407.0, 932.0]}, "face": {"size": [169.0, 218.0], "pivot": [0.5, 0.5], "position": [133.5, 305.0], "rawSize": [169.0, 218.0], "list": [0, 1, 2, 3, 4, 5, 6]}}