{"xianghe_2": {"size": [1200.0, 1083.0], "pivot": [0.4975000023841858, 0.6419206261634827], "position": [-125.89996337890625, 126.0], "rawSize": [1200.0, 1083.0], "view": [343.1300048828125, 786.8300170898438]}}