{"nandaketa_2": {"size": [1400.0, 1384.0], "pivot": [0.19928571581840515, 0.5563583970069885], "position": [-433.9998474121094, 61.0], "rawSize": [1400.0, 1384.0], "view": [324.0, 746.0]}}