{"u47_6": {"size": [4625.0, 4032.0], "pivot": [0.49067598581314087, 0.66650390625], "position": [517.3477783203125, 513.739013671875], "rawSize": [2048.0, 1785.0], "view": [917.4613037109375, 2103.2607421875]}, "u47_6_rw": {"size": [2016.0, 2048.0], "pivot": [0.49067598581314087, 0.66650390625], "position": [275.0, 847.0], "rawSize": [2016.0, 2048.0]}}