{"lingbo_5": {"size": [1200.0, 1052.0], "pivot": [0.43141669034957886, 0.6740493774414062], "position": [-136.0000457763672, 82.0], "rawSize": [1200.0, 1052.0], "view": [330.0, 757.0]}}