{"banrenma_3": {"size": [939.0, 1300.0], "pivot": [0.5608093738555908, 0.7503077387809753], "position": [-30.000076293945312, 142.0], "rawSize": [939.0, 1300.0], "view": [439.0, 1005.0]}}