{"moye": {"size": [1024.0, 883.0], "pivot": [0.47265625, 0.6404303312301636], "position": [-67.00025177001953, 114.0], "rawSize": [1024.0, 883.0], "view": [384.0, 646.0]}}