{"kalvbudisi": {"size": [2048.0, 2030.0], "pivot": [0.49067598581314087, 0.66650390625], "position": [-171.3555450439453, 314.5585632324219], "rawSize": [2048.0, 2030.0], "view": [629.8987426757812, 1444.02978515625]}}