{"z35": {"size": [1024.0, 1024.0], "pivot": [0.4951171875, 0.560546875], "position": [-179.9995880126953, 25.0], "rawSize": [1024.0, 1024.0], "view": [421.0, 965.0]}}