{"siwanshi_2": {"size": [4582.00048828125, 2980.090087890625], "pivot": [0.49067598581314087, 0.66650390625], "position": [-69.13121032714844, -47.01648712158203], "raw": true, "rawSize": [2048.0, 1332.0], "view": [691.8560180664062, 1586.0655517578125]}, "siwanshi_2_rw": {"size": [2048.0, 1632.0], "pivot": [0.49067598581314087, 0.66650390625], "position": [229.10000610351562, 336.5], "rawSize": [2048.0, 1632.0]}, "siwanshi_2_bj": {"size": [2048.0, 1332.0], "pivot": [0.49067598581314087, 0.66650390625], "position": [-1286.0999755859375, -602.260009765625], "rawSize": [2048.0, 1332.0]}}