{"siwanshi_2": {"size": [2048.0, 1988.0], "pivot": [0.49067598581314087, 0.66650390625], "position": [-69.76502227783203, -231.06076049804688], "rawSize": [2048.0, 1988.0], "view": [555.3055419921875, 1273.0263671875]}}