{"hemin_5": {"size": [5370.0, 4978.0], "pivot": [0.49067598581314087, 0.66650390625], "position": [-67.17549896240234, 440.070068359375], "rawSize": [2048.0, 1898.0], "view": [740.4073486328125, 1697.368408203125]}, "hemin_5_rw": {"size": [1004.0, 2048.0], "pivot": [0.49067598581314087, 0.66650390625], "position": [280.0, 490.0], "rawSize": [1004.0, 2048.0]}}