{"suweiaibeilaluosi_3": {"size": [4112.0, 2272.0], "pivot": [0.49067598581314087, 0.66650390625], "position": [-386.4916076660156, -31.05095863342285], "raw": true, "rawSize": [2048.0, 1132.0], "view": [715.308837890625, 1639.83056640625]}, "suweiaibeilaluosi_3_rw": {"size": [1950.0, 2048.0], "pivot": [0.49067598581314087, 0.66650390625], "position": [322.0, 380.79998779296875], "rawSize": [1950.0, 2048.0]}}