{"huonululu_3": {"size": [978.0, 1024.0], "pivot": [0.5490797758102417, 0.494140625], "position": [-91.0002670288086, -42.0], "rawSize": [978.0, 1024.0], "view": [377.0, 866.0]}}