{"leiming_2": {"size": [2048.0, 1802.0], "pivot": [0.49853515625, 0.5399556159973145], "position": [-140.99996948242188, -194.0], "rawSize": [2048.0, 1802.0], "view": [401.5, 920.5999755859375]}}