{"yanzhan_2": {"size": [1224.0, 1400.0], "pivot": [0.3415032625198364, 0.5862143039703369], "position": [-280.9998474121094, -9.0], "rawSize": [1224.0, 1400.0], "view": [424.0, 972.0]}}