{"liwupu": {"size": [3588.0, 3742.0], "pivot": [0.49067598581314087, 0.66650390625], "position": [-411.9180908203125, 63.306121826171875], "rawSize": [1964.0, 2048.0], "view": [669.8923950195312, 1535.71435546875]}, "liwupu_rw": {"size": [2048.0, 2038.0], "pivot": [0.49067598581314087, 0.66650390625], "position": [-241.8000030517578, 71.69999694824219], "rawSize": [2048.0, 2038.0]}}