{"mingqu_3": {"size": [3684.0, 3008.0], "pivot": [0.49067598581314087, 0.66650390625], "position": [-556.0079345703125, 503.15789794921875], "rawSize": [2048.0, 1672.0], "view": [639.4426879882812, 1465.9090576171875]}, "mingqu_3_rw": {"size": [1384.0, 2048.0], "pivot": [0.49067598581314087, 0.66650390625], "position": [-263.8999938964844, 579.0], "rawSize": [1384.0, 2048.0]}}