{"bominghan_4": {"size": [1944.0, 2048.0], "pivot": [0.5349794030189514, 0.470703125], "position": [-72.99995422363281, -120.0], "raw": true, "rawSize": [1944.0, 2048.0], "view": [425.6000061035156, 975.9000244140625]}}