{"weixi_5": {"size": [6078.0, 4140.0], "pivot": [0.49067598581314087, 0.66650390625], "position": [59.530548095703125, -339.22454833984375], "raw": true, "rawSize": [2048.0, 1395.0], "view": [861.2901611328125, 1974.48974609375]}, "weixi_5_rw": {"size": [1136.0, 2048.0], "pivot": [0.49067598581314087, 0.66650390625], "position": [239.1999969482422, -160.0], "rawSize": [1136.0, 2048.0]}}