{"zhala_2": {"size": [824.0, 1024.0], "pivot": [0.4963592290878296, 0.5703125], "position": [-142.00003051757812, 94.0], "rawSize": [824.0, 1024.0], "view": [385.20001220703125, 883.4000244140625]}}