{"shenfeng": {"size": [897.0, 1024.0], "pivot": [0.3149386942386627, 0.5859375], "position": [-186.9998779296875, 89.0], "rawSize": [897.0, 1024.0], "view": [369.0, 733.0]}}