{"nazhi_g": {"size": [3192.0, 2510.0], "pivot": [0.49067598581314087, 0.66650390625], "position": [-180.82359313964844, 6.117511749267578], "rawSize": [2048.0, 1610.0], "view": [620.6355590820312, 1422.7940673828125]}, "nazhi_g_rw": {"size": [1138.0, 2048.0], "pivot": [0.49067598581314087, 0.66650390625], "position": [-79.0, 150.0], "rawSize": [1138.0, 2048.0]}}