{"boertawa_2": {"size": [3776.0, 3028.0], "pivot": [0.49067598581314087, 0.66650390625], "position": [-354.5472412109375, -247.24542236328125], "rawSize": [2048.0, 1642.0], "view": [796.2872314453125, 1825.4718017578125]}, "boertawa_2_rw": {"size": [2048.0, 2000.0], "pivot": [0.49067598581314087, 0.66650390625], "position": [-476.0, -121.0], "rawSize": [2048.0, 2000.0]}}