{"qiabayefu_2": {"size": [1698.0, 2048.0], "pivot": [0.510613203048706, 0.505810558795929], "position": [-17.00002670288086, -18.0], "rawSize": [1698.0, 2048.0], "view": [260.8800048828125, 598.239990234375]}}