{"yishi": {"size": [867.0, 1024.0], "pivot": [0.5196078419685364, 0.5771484375], "position": [-20.000137329101562, 100.0], "rawSize": [867.0, 1024.0], "view": [331.0, 758.0]}}