{"wudao_5": {"size": [1954.0, 2048.0], "pivot": [0.4984646737575531, 0.53515625], "position": [-158.0, -150.0], "rawSize": [1954.0, 2048.0], "view": [511.29998779296875, 1172.5999755859375]}}