{"jingang": {"size": [910.0, 1024.0], "pivot": [0.5142857432365417, 0.70654296875], "position": [-50.000308990478516, 90.0], "rawSize": [910.0, 1024.0], "view": [322.0, 638.0]}}