{"gin_2": {"size": [1352.0, 1400.0], "pivot": [0.5710059404373169, 0.4214285612106323], "position": [10.999975204467773, -193.0], "rawSize": [1352.0, 1400.0], "view": [401.79998779296875, 921.0]}}