{"wululu": {"size": [1400.0, 1180.0], "pivot": [0.5185714364051819, 0.6262711882591248], "position": [26.000059127807617, 101.0], "rawSize": [1400.0, 1180.0], "view": [413.0, 947.0]}}