{"kuersike_2": {"size": [3200.0, 2930.0], "pivot": [0.49067598581314087, 0.66650390625], "position": [-337.8006896972656, 1.74542236328125], "rawSize": [2048.0, 1875.0], "view": [669.8923950195312, 1535.71435546875]}, "kuersike_2_rw": {"size": [1515.0, 2048.0], "pivot": [0.49067598581314087, 0.66650390625], "position": [-218.0, 110.0], "rawSize": [1515.0, 2048.0]}}