{"wokelan": {"size": [2048.0, 1933.0], "pivot": [0.501953125, 0.5289705395698547], "position": [-195.99990844726562, -1.0], "rawSize": [2048.0, 1933.0], "view": [687.0999755859375, 1575.699951171875]}}