{"changmen_5": {"size": [2048.0, 1818.0], "pivot": [0.49067598581314087, 0.66650390625], "position": [-209.15060424804688, -172.62368774414062], "rawSize": [2048.0, 1818.0], "view": [453.7980651855469, 1040.3226318359375]}}