{"changbo_4": {"size": [2048.0, 1112.0], "pivot": [0.49067598581314087, 0.66650390625], "position": [-409.21246337890625, 36.51321792602539], "raw": true, "rawSize": [2048.0, 1112.0], "view": [373.4798278808594, 856.1947021484375]}}