{"xiongye_4": {"size": [1926.0, 2048.0], "pivot": [0.49067598581314087, 0.66650390625], "position": [-150.96832275390625, -186.41275024414062], "rawSize": [1926.0, 2048.0], "view": [669.8923950195312, 1535.71435546875]}}