{"buzhihuo_g": {"size": [936.0, 1024.0], "pivot": [0.5106837749481201, 0.5439453125], "position": [-100.99974060058594, 22.0], "rawSize": [936.0, 1024.0], "view": [329.0, 754.0]}}