{"jiluofu_alter": {"size": [3090.0, 2490.0], "pivot": [0.49067598581314087, 0.66650390625], "position": [-322.00006103515625, 88.315673828125], "rawSize": [2048.0, 1650.0], "view": [555.3055419921875, 1273.0263671875]}, "jiluofu_alter_rw": {"size": [1688.0, 2048.0], "pivot": [0.49067598581314087, 0.66650390625], "position": [161.0, 309.0], "rawSize": [1688.0, 2048.0]}}