{"neihuada_2": {"size": [2048.0, 1642.0], "pivot": [0.49067598581314087, 0.66650390625], "position": [-79.53974151611328, 27.872970581054688], "rawSize": [2048.0, 1642.0], "view": [669.8923950195312, 1535.71435546875]}}