{"xipeierhaijunshangjiang_3": {"size": [1784.0, 2048.0], "pivot": [0.49067598581314087, 0.66650390625], "position": [-225.84622192382812, 24.69219207763672], "raw": true, "rawSize": [1784.0, 2048.0], "view": [541.0669555664062, 1240.3846435546875]}}