{"nvjiang": {"size": [909.0, 1330.0], "pivot": [0.3877887725830078, 0.6278195381164551], "position": [-123.00016021728516, 174.0], "rawSize": [700.0, 1024.0], "view": [488.0, 967.0]}}