{"beikaluolaina": {"size": [1024.0, 858.0], "pivot": [0.5390625, 0.6270396113395691], "position": [38.99994659423828, 91.0], "rawSize": [1024.0, 858.0], "view": [258.0, 589.0]}}