{"kubo": {"size": [1172.0, 1400.0], "pivot": [0.49744027853012085, 0.706428587436676], "position": [-157.00001525878906, 156.0], "rawSize": [1172.0, 1400.0], "view": [495.79998779296875, 1137.0]}}