{"xingdengbao": {"size": [6430.0, 4580.0], "pivot": [0.49067598581314087, 0.66650390625], "position": [595.64697265625, 526.705810546875], "rawSize": [2048.0, 1459.0], "view": [620.6355590820312, 1422.7940673828125]}, "xingdengbao_rw": {"size": [1974.0, 2048.0], "pivot": [0.49067598581314087, 0.66650390625], "position": [459.3999938964844, 474.29998779296875], "rawSize": [1974.0, 2048.0]}}