{"xiefeierde_3": {"size": [1400.0, 1244.0], "pivot": [0.4000000059604645, 0.5827974081039429], "position": [-170.0, 73.0], "rawSize": [1400.0, 1244.0], "view": [399.70001220703125, 916.2999877929688], "raw": true}}