{"lafei_3": {"size": [759.0, 1024.0], "pivot": [0.38801053166389465, 0.60546875], "position": [-112.0003890991211, 55.0], "rawSize": [759.0, 1024.0], "view": [377.0, 865.0]}}