{"lumang": {"size": [1200.0, 1125.0], "pivot": [0.4208333194255829, 0.5995555520057678], "position": [-94.00045776367188, 80.0], "rawSize": [1200.0, 1125.0], "view": [348.0, 798.0]}}