{"ruoye_2": {"size": [1200.0, 1191.0], "pivot": [0.4975000023841858, 0.6057934761047363], "position": [-223.99996948242188, 111.0], "rawSize": [1200.0, 1191.0], "view": [427.8999938964844, 981.2000122070312]}}