{"zexi": {"size": [725.0, 1024.0], "pivot": [0.38413792848587036, 0.6103515625], "position": [-86.00029754638672, 129.0], "rawSize": [725.0, 1024.0], "view": [405.0, 803.0]}}