{"aimierbeierding_4": {"size": [2048.0, 2020.0], "pivot": [0.49067598581314087, 0.66650390625], "position": [-137.25979614257812, 73.0388412475586], "rawSize": [2048.0, 2020.0], "view": [548.09375, 1256.4935302734375]}}