{"aijier": {"size": [4074.0, 2916.0], "pivot": [0.25830078125, 0.5339699983596802], "position": [-585.53662109375, -146.6573486328125], "rawSize": [2048.0, 1466.0], "view": [620.6355590820312, 1422.7940673828125]}, "aijier_bg1": {"size": [4074.0, 2916.0], "pivot": [0.49067598581314087, 0.66650390625], "position": [-37.986000061035156, 485.5299987792969], "rawSize": [2048.0, 1466.0]}, "aijier_rw": {"size": [2048.0, 1730.0], "pivot": [0.49067598581314087, 0.66650390625], "position": [-159.0, -76.0], "rawSize": [2048.0, 1730.0]}}