{"aersasi_2": {"size": [2048.0, 1774.0], "pivot": [0.49067598581314087, 0.66650390625], "position": [-206.72979736328125, -152.9022216796875], "rawSize": [2048.0, 1774.0], "view": [566.4862060546875, 1298.6578369140625]}}