{"aersasi_2": {"size": [5860.0, 3414.0], "pivot": [0.49067598581314087, 0.66650390625], "position": [-161.5902099609375, 168.88510131835938], "raw": true, "rawSize": [2048.0, 1193.0], "view": [691.8560180664062, 1586.0655517578125]}, "aersasi_2_rw": {"size": [1744.0, 2048.0], "pivot": [0.49067598581314087, 0.66650390625], "position": [-154.5, 278.3999938964844], "rawSize": [1744.0, 2048.0]}}