{"qiye": {"size": [1518.0, 2064.0], "pivot": [0.4466403126716614, 0.507267415523529], "position": [-121.00030517578125, 47.0], "rawSize": [1518.0, 2064.0], "view": [495.0, 835.0]}}