{"z28": {"size": [2048.0, 1976.0], "pivot": [0.634765625, 0.6179149746894836], "position": [-333.0, 191.0], "rawSize": [2048.0, 1976.0], "view": [710.0, 1629.0]}}