{"tierbici": {"size": [1009.0, 1024.0], "pivot": [0.42765113711357117, 0.5732421875], "position": [-79.00035095214844, 71.0], "rawSize": [1009.0, 1024.0], "view": [282.0, 720.0]}}