{"i19_3": {"size": [1400.0, 1390.0], "pivot": [0.49785715341567993, 0.5517985820770264], "position": [-188.00003051757812, -7.0], "rawSize": [1400.0, 1390.0], "view": [688.7999877929688, 1579.5]}}