{"banerwei_3": {"size": [5906.0, 3920.0], "pivot": [0.49067598581314087, 0.66650390625], "position": [-336.6429443359375, 67.53559875488281], "raw": true, "rawSize": [2048.0, 1359.0], "view": [753.62890625, 1727.6785888671875]}, "banerwei_3_rw": {"size": [2048.0, 1752.0], "pivot": [0.49067598581314087, 0.66650390625], "position": [163.5, 291.20001220703125], "rawSize": [2048.0, 1752.0]}}