{"zi_2": {"size": [2048.0, 1940.0], "pivot": [0.4407552480697632, 0.5916829705238342], "position": [-238.89195251464844, 46.68461990356445], "rawSize": [2048.0, 1940.0], "view": [475.261474609375, 1089.5269775390625]}}