{"yamaijia_2": {"size": [751.0, 1024.0], "pivot": [0.5813581943511963, 0.7533203363418579], "position": [28.999706268310547, 172.0], "rawSize": [751.0, 1024.0], "view": [316.0, 722.0]}}