{"laibixi": {"size": [1024.0, 842.0], "pivot": [0.48857420682907104, 0.6984560489654541], "position": [-141.99974060058594, 70.0], "rawSize": [1006.0, 842.0], "view": [398.0, 700.0]}}