{"huangjiaxiangshu": {"size": [6010.0, 4380.0], "pivot": [0.49067598581314087, 0.66650390625], "position": [-36.07900619506836, 57.78917694091797], "rawSize": [2048.0, 1493.0], "view": [555.3055419921875, 1273.0263671875]}, "huangjiaxiangshu_rw": {"size": [2048.0, 1684.0], "pivot": [0.49067598581314087, 0.66650390625], "position": [-54.0, 53.0], "rawSize": [2048.0, 1684.0]}}