{"sipeibojue_4": {"size": [902.0, 1024.0], "pivot": [0.4966740608215332, 0.641894519329071], "position": [-144.9998016357422, 77.0], "rawSize": [902.0, 1024.0], "view": [406.0, 931.0]}}