{"rangbaer_5": {"size": [5692.0, 3154.0], "pivot": [0.49067598581314087, 0.66650390625], "position": [-469.5758361816406, 75.48471069335938], "raw": true, "rawSize": [2048.0, 1135.0], "view": [639.4426879882812, 1465.9090576171875]}, "rangbaer_5_rw": {"size": [2048.0, 1844.0], "pivot": [0.49067598581314087, 0.66650390625], "position": [-273.3999938964844, 103.0], "rawSize": [2048.0, 1844.0]}}