{"xili": {"size": [960.0, 1026.0], "pivot": [0.38749998807907104, 0.5311890840530396], "position": [-109.00007629394531, 19.0], "rawSize": [958.0, 1024.0], "view": [496.0, 916.0]}}