{"ximu": {"size": [574.0, 1024.0], "pivot": [0.2909407615661621, 0.6015625], "position": [-108.000244140625, 117.0], "rawSize": [543.0, 1024.0], "view": [310.0, 790.0]}}