{"xingzuo": {"size": [3418.0, 3848.0], "pivot": [0.49067598581314087, 0.66650390625], "position": [-210.0435333251953, 643.5216064453125], "rawSize": [1819.0, 2048.0], "view": [458.73065185546875, 1051.63037109375]}, "xingzuo_rw": {"size": [2023.0, 2048.0], "pivot": [0.49067598581314087, 0.66650390625], "position": [-7.0, 482.0], "rawSize": [2023.0, 2048.0]}, "xingzuo_bj": {"size": [3418.0, 3848.0], "pivot": [0.49067598581314087, 0.66650390625], "position": [-31.5, 639.5], "rawSize": [1819.0, 2048.0]}}