{"z1_g": {"size": [946.0, 1024.0], "pivot": [0.5095137357711792, 0.5908203125], "position": [10.000044822692871, 61.0], "rawSize": [946.0, 1024.0], "view": [361.0, 827.0]}}