{"saili": {"size": [3514.0, 3614.0], "pivot": [0.49067598581314087, 0.66650390625], "position": [-51.93985366821289, 324.0550842285156], "rawSize": [1991.0, 2048.0], "view": [669.8922729492188, 1535.7142333984375]}, "saili_rw": {"size": [2048.0, 2046.0], "pivot": [0.49067598581314087, 0.66650390625], "position": [-81.0, 462.0], "rawSize": [2048.0, 2046.0]}}