{"luna_2_doa": {"size": [2988.0, 2904.0], "pivot": [0.49067598581314087, 0.66650390625], "position": [-478.25006103515625, -246.33340454101562], "rawSize": [2048.0, 1990.0], "view": [879.2337646484375, 2015.625]}, "luna_2_doa_rw": {"size": [678.0, 2048.0], "pivot": [0.49067598581314087, 0.66650390625], "position": [-163.0, -58.0], "rawSize": [678.0, 2048.0]}}