{"xiusidun": {"size": [1124.0, 1293.0], "pivot": [0.38790035247802734, 0.6337973475456238], "position": [-150.99945068359375, 133.0], "rawSize": [890.0, 1024.0], "view": [534.0, 1039.0]}}