{"z28_3": {"size": [1908.0, 2048.0], "pivot": [0.5817610025405884, 0.67578125], "position": [-234.0, 260.0], "rawSize": [1908.0, 2048.0], "view": [614.0, 1407.0]}}