{"niaohai_2": {"size": [2048.0, 1746.0], "pivot": [0.49067598581314087, 0.66650390625], "position": [-348.21282958984375, 60.385276794433594], "rawSize": [2048.0, 1746.0], "view": [602.9031372070312, 1382.1429443359375]}}