{"nvtiangou_2_doa": {"size": [2048.0, 1810.0], "pivot": [0.4434570372104645, 0.5683978199958801], "position": [-244.0000457763672, 98.0], "rawSize": [2048.0, 1810.0], "view": [357.79998779296875, 820.5999755859375]}}