{"u110_4": {"size": [2048.0, 1928.0], "pivot": [0.49853515625, 0.5373443961143494], "position": [-149.0000457763672, 69.0], "rawSize": [2048.0, 1928.0], "view": [441.3999938964844, 1012.4000244140625]}}