{"u110": {"size": [1012.0, 1024.0], "pivot": [0.49703556299209595, 0.5703125], "position": [-68.00000762939453, 78.0], "rawSize": [1012.0, 1024.0], "view": [387.79998779296875, 889.0999755859375]}}