{"luoma_2": {"size": [2036.0, 2048.0], "pivot": [0.49067598581314087, 0.66650390625], "position": [-95.97965240478516, 89.14276123046875], "rawSize": [2036.0, 2048.0], "view": [430.64508056640625, 987.244873046875]}}