{"tulingen": {"size": [4550.0, 2884.0], "pivot": [0.49067598581314087, 0.66650390625], "position": [-135.46160888671875, 433.53839111328125], "rawSize": [2048.0, 1298.0], "view": [649.2803344726562, 1488.4615478515625]}, "tulingen_rw": {"size": [1668.0, 2048.0], "pivot": [0.49067598581314087, 0.66650390625], "position": [82.0, 390.0], "rawSize": [1668.0, 2048.0]}}