{"longfeng": {"size": [2048.0, 1520.0], "pivot": [0.49853515625, 0.6782894730567932], "position": [-199.0, 211.0], "rawSize": [2048.0, 1520.0], "view": [494.3999938964844, 1133.800048828125]}}