{"leigensibao": {"size": [6816.0, 5750.0], "pivot": [0.4732530117034912, 0.6810547113418579], "position": [-147.41160583496094, -197.94134521484375], "rawSize": [2048.0, 1728.0], "view": [618.9852294921875, 1422.7940673828125]}, "leigensibao_rw": {"size": [1146.0, 2048.0], "pivot": [0.4732530117034912, 0.6810547113418579], "position": [172.0, -120.0], "rawSize": [1146.0, 2048.0]}}