{"wuzang": {"size": [4040.0, 2319.0], "pivot": [0.49067598581314087, 0.66650390625], "position": [-438.11895751953125, 118.22373962402344], "rawSize": [2048.0, 1176.0], "view": [295.1274108886719, 676.5734252929688]}, "wuzang_front": {"size": [4040.0, 2319.0], "pivot": [0.49067598581314087, 0.66650390625], "position": [-37.66899871826172, 386.1199951171875], "rawSize": [2048.0, 1176.0]}, "wuzang_rw": {"size": [2048.0, 1416.0], "pivot": [0.49067598581314087, 0.66650390625], "position": [-196.60000610351562, 26.299999237060547], "rawSize": [2048.0, 1416.0]}}