{"chuixue_4": {"size": [853.0, 1024.0], "pivot": [0.5457209944725037, 0.6064453125], "position": [-31.000286102294922, -2.0], "rawSize": [853.0, 1024.0], "view": [395.0, 904.0]}}