{"kewei_6": {"size": [4246.0, 2390.0], "pivot": [0.49067598581314087, 0.66650390625], "position": [-246.1228790283203, -38.877296447753906], "raw": true, "rawSize": [2048.0, 1153.0], "view": [740.4073486328125, 1697.368408203125]}, "kewei_6_rw": {"size": [2048.0, 1964.0], "pivot": [0.49067598581314087, 0.66650390625], "position": [93.37999725341797, 153.4499969482422], "rawSize": [2048.0, 1964.0]}, "kewei_6_bj": {"size": [4246.0, 2390.0], "pivot": [0.49067598581314087, 0.66650390625], "position": [-37.400001525878906, 399.6000061035156], "rawSize": [2048.0, 1153.0]}}