{"juejiang": {"size": [1280.0, 1280.0], "pivot": [0.4976562559604645, 0.5562499761581421], "position": [-115.00050354003906, -3.0], "rawSize": [1280.0, 1280.0], "view": [426.0, 979.0]}}