{"hairong_2": {"size": [4882.0, 2962.0], "pivot": [0.49067598581314087, 0.66650390625], "position": [-194.29736328125, 311.99993896484375], "raw": true, "rawSize": [2048.0, 1243.0], "view": [570.3137817382812, 1307.432373046875]}, "hairong_2_rw": {"size": [1440.0, 2048.0], "pivot": [0.49067598581314087, 0.66650390625], "position": [189.5, 447.0], "rawSize": [1440.0, 2048.0]}}