{"luoma": {"size": [2048.0, 1954.0], "pivot": [0.49067598581314087, 0.66650390625], "position": [-133.33709716796875, 49.73603820800781], "rawSize": [2048.0, 1954.0], "view": [435.084716796875, 997.4226684570312]}}