{"qian_3": {"size": [3374.0, 3290.0], "pivot": [0.49067598581314087, 0.66650390625], "position": [-230.33340454101562, 139.77755737304688], "rawSize": [2048.0, 1997.0], "view": [781.5410766601562, 1791.6666259765625]}, "qian_3_rw": {"size": [2048.0, 1135.0], "pivot": [0.49067598581314087, 0.66650390625], "position": [383.0, 492.0], "rawSize": [2048.0, 1135.0]}}