{"luoli": {"size": [770.0, 927.0], "pivot": [0.5558441281318665, 0.5776699185371399], "position": [-45.000335693359375, 75.0], "rawSize": [770.0, 927.0], "view": [491.0, 751.0]}}