{"bailong": {"size": [3053.0, 2266.0], "pivot": [0.5065104365348816, 0.7266885638237], "position": [-162.342529296875, 68.72929382324219], "rawSize": [2048.0, 1520.0], "view": [527.5402221679688, 1209.375]}, "bailong_rw": {"size": [2048.0, 1706.0], "pivot": [0.49067598581314087, 0.66650390625], "position": [106.30000305175781, 152.1999969482422], "rawSize": [2048.0, 1706.0]}}