{"xibeifeng_2": {"size": [2048.0, 2046.0], "pivot": [0.49853515625, 0.47458454966545105], "position": [-133.0, 6.0], "rawSize": [2048.0, 2046.0], "view": [331.0, 1284.5]}}