{"dachao_2": {"view": [328.55999755859375, 753.4199829101562], "position": [-136.69998168945312, 95.19999694824219]}}