{"dachao_2": {"size": [937.0, 1024.0], "pivot": [0.47545358538627625, 0.5556640625], "position": [-137.99984741210938, -51.0], "rawSize": [937.0, 1024.0], "view": [458.0, 1049.0]}}