{"changmen_3": {"size": [2048.0, 1520.0], "pivot": [0.49853515625, 0.5473684072494507], "position": [-131.9999542236328, -16.0], "rawSize": [2048.0, 1520.0], "view": [428.70001220703125, 982.7999877929688]}}