{"shitelasai_2": {"size": [1680.0, 2048.0], "pivot": [0.6440476179122925, 0.6728515625], "position": [-110.99999237060547, 339.0], "rawSize": [1680.0, 2048.0], "view": [340.8999938964844, 781.7000122070312]}}