{"wuwei_2": {"size": [2048.0, 1896.0], "pivot": [0.63671875, 0.6656118035316467], "position": [-33.999977111816406, 177.0], "rawSize": [2048.0, 1896.0], "view": [691.2000122070312, 1585.0]}}