{"ouruola_h": {"size": [2048.0, 1574.0], "pivot": [0.49853515625, 0.5457433462142944], "position": [-179.99998474121094, -75.0], "raw": true, "rawSize": [2048.0, 1574.0], "view": [459.8999938964844, 1054.5999755859375]}}