{"ouruola_h": {"size": [2048.0, 1574.0], "pivot": [0.49853515625, 0.5457433462142944], "position": [-179.99998474121094, -75.0], "raw": true, "rawSize": [2048.0, 1574.0], "view": [459.8999938964844, 1054.5999755859375]}, "face": {"size": [380.0, 513.0], "pivot": [0.5, 0.5], "position": [-36.0, 150.0], "rawSize": [380.0, 513.0], "list": [0, 1, 2, 3, 4, 5, 6, 7, 8]}}