{"kasabulanka": {"size": [2048.0, 1521.0], "pivot": [0.482421875, 0.5992767810821533], "position": [-265.0000305175781, 153.0], "rawSize": [2048.0, 1521.0], "view": [501.5, 1150.0]}}