{"birui": {"size": [902.0, 1024.0], "pivot": [0.5221729278564453, 0.6123046875], "position": [-40.99993133544922, 135.0], "rawSize": [902.0, 1024.0], "view": [255.0, 647.0]}}