{"yamaijia": {"size": [925.0, 1024.0], "pivot": [0.43189188838005066, 0.630859375], "position": [-60.00002670288086, 144.0], "rawSize": [925.0, 1024.0], "view": [321.0, 735.0]}}