{"huajia": {"size": [1896.0, 2048.0], "pivot": [0.49067598581314087, 0.66650390625], "position": [-174.2650146484375, 102.37364196777344], "rawSize": [1896.0, 2048.0], "view": [541.0669555664062, 1240.384765625]}}