{"xia_g": {"size": [2048.0, 1918.0], "pivot": [0.6540005803108215, 0.5570573210716248], "position": [76.99993896484375, 94.99996948242188], "rawSize": [2048.0, 1918.0], "view": [422.0321960449219, 967.5]}}