{"luodeni_h": {"size": [2407.0, 2375.0], "pivot": [0.2670612931251526, 0.5889172554016113], "position": [-529.1282348632812, 72.87025451660156], "rawSize": [2048.0, 2021.0], "view": [393.9426574707031, 903.1052856445312]}, "luodeni_h_rw": {"size": [2048.0, 1460.0], "pivot": [0.49067598581314087, 0.66650390625], "position": [9.0, -1.0], "rawSize": [2048.0, 1460.0]}}