{"wudao_4": {"size": [986.0, 1400.0], "pivot": [0.496957391500473, 0.5514285564422607], "position": [-212.99998474121094, 27.0], "rawSize": [986.0, 1400.0], "view": [380.29998779296875, 872.0]}}