{"fusang_h": {"size": [4340.0, 2888.0], "pivot": [0.49067598581314087, 0.66650390625], "position": [-281.31787109375, 212.29420471191406], "rawSize": [2048.0, 1363.0], "view": [409.739990234375, 939.3203735351562]}, "fusang_h_rw": {"size": [1884.0, 2048.0], "pivot": [0.49067598581314087, 0.66650390625], "position": [-91.0999984741211, 363.1000061035156], "rawSize": [1884.0, 2048.0]}}