{"saidelici_7": {"size": [2048.0, 1884.0], "pivot": [0.49067598581314087, 0.66650390625], "position": [-258.90484619140625, 220.33326721191406], "rawSize": [2048.0, 1884.0], "view": [502.4193115234375, 1151.7857666015625]}}