{"dujiaoshou_7": {"size": [2048.0, 1894.0], "pivot": [0.6357421875, 0.35744455456733704], "position": [-202.0, -346.0], "rawSize": [2048.0, 1894.0], "view": [331.0, 1231.5999755859375]}}