{"qingbo_3": {"size": [1195.0, 1200.0], "pivot": [0.4974895417690277, 0.5600000023841858], "position": [-167.0, 30.0], "rawSize": [1195.0, 1200.0], "view": [434.5, 996.5]}}