{"kewei": {"size": [981.0, 1024.0], "pivot": [0.4969418942928314, 0.6534179449081421], "position": [-174.00003051757812, 106.0], "rawSize": [981.0, 1024.0], "view": [345.0, 791.0999755859375]}}