{"kebu": {"size": [3478.0, 3040.0], "pivot": [0.49067598581314087, 0.66650390625], "position": [-385.00006103515625, -334.00006103515625], "rawSize": [2048.0, 1790.0], "view": [844.0643920898438, 1935.0]}, "kebu_rw": {"size": [1764.0, 2048.0], "pivot": [0.49067598581314087, 0.66650390625], "position": [-63.0, -72.0], "rawSize": [1764.0, 2048.0]}}