{"daofeng_6": {"size": [4306.0, 2492.0], "pivot": [0.49067598581314087, 0.66650390625], "position": [-358.9048156738281, -65.77783203125], "raw": true, "rawSize": [2048.0, 1185.0], "view": [669.8923950195312, 1535.71435546875]}, "daofeng_6_rw": {"size": [2048.0, 1988.0], "pivot": [0.49067598581314087, 0.66650390625], "position": [-73.0, 182.0], "rawSize": [2048.0, 1988.0]}}