{"daofeng_6": {"size": [2048.0, 1988.0], "pivot": [0.49067598581314087, 0.66650390625], "position": [-333.0656433105469, 56.262046813964844], "rawSize": [2048.0, 1988.0], "view": [691.8560180664062, 1586.0655517578125]}}