{"huben_2": {"size": [3746.0, 3106.0], "pivot": [0.49067598581314087, 0.66650390625], "position": [-241.4445037841797, -562.07421875], "rawSize": [2048.0, 1698.0], "view": [781.5410766601562, 1791.6666259765625]}, "huben_2_rw": {"size": [1822.0, 2048.0], "pivot": [0.49067598581314087, 0.66650390625], "position": [-361.0, 37.0], "rawSize": [1822.0, 2048.0]}}