{"heiyansheshou": {"size": [4624.0, 3870.0], "pivot": [0.49067598581314087, 0.66650390625], "position": [-143.58828735351562, 73.52937316894531], "rawSize": [2048.0, 1714.0], "view": [496.5084533691406, 1138.2352294921875]}, "heiyansheshou_bj": {"size": [4624.0, 3870.0], "pivot": [0.49067598581314087, 0.66650390625], "position": [-43.11399841308594, 644.3699951171875], "rawSize": [2048.0, 1714.0]}, "heiyansheshou_rw": {"size": [2048.0, 1690.0], "pivot": [0.49067598581314087, 0.66650390625], "position": [171.5, 140.8000030517578], "rawSize": [2048.0, 1690.0]}}