{"nigulasi_3": {"size": [1024.0, 1006.0], "pivot": [0.54296875, 0.5412524938583374], "position": [-14.000415802001953, -57.0], "rawSize": [1024.0, 1006.0], "view": [351.0, 804.0]}}