{"youliang": {"size": [2048.0, 1284.0], "pivot": [0.49067598581314087, 0.66650390625], "position": [-323.44451904296875, -2.0217971801757812], "rawSize": [2048.0, 1284.0], "view": [422.03216552734375, 967.5]}}