{"qiershazhi_3": {"size": [6296.0, 3586.0], "pivot": [0.49067598581314087, 0.66650390625], "position": [-157.46160888671875, 382.76910400390625], "raw": true, "rawSize": [2048.0, 1166.0], "view": [649.2803344726562, 1488.4615478515625]}, "qiershazhi_3_rw": {"size": [1206.0, 2048.0], "pivot": [0.49067598581314087, 0.66650390625], "position": [3.0, 364.0], "rawSize": [1206.0, 2048.0]}}