{"guangrong_3": {"size": [2048.0, 1872.0], "pivot": [0.568359375, 0.3798076808452606], "position": [-56.999977111816406, -339.0], "raw": true, "rawSize": [2048.0, 1872.0], "view": [545.7999877929688, 1251.699951171875]}}