{"qibolin_2": {"size": [1024.0, 1024.0], "pivot": [0.5400390625, 0.5087890625], "position": [-57.00006103515625, -8.0], "rawSize": [1024.0, 1024.0], "view": [268.0, 614.0]}}