{"z23_7": {"size": [1400.0, 1312.0], "pivot": [0.5285000205039978, 0.49908536672592163], "position": [-107.99996948242188, -79.0], "raw": true, "rawSize": [1400.0, 1312.0], "view": [398.20001220703125, 913.2000122070312]}}