{"yanhucheng": {"size": [945.0, 1024.0], "pivot": [0.4079365134239197, 0.625], "position": [-111.00011444091797, 81.0], "rawSize": [945.0, 1024.0], "view": [427.0, 837.0]}}