{"ekelahema_2": {"size": [2048.0, 1898.0], "pivot": [0.49067598581314087, 0.66650390625], "position": [-98.1539077758789, 68.36225128173828], "rawSize": [2048.0, 1898.0], "view": [541.06689453125, 1240.3846435546875]}}