{"kangkede_3": {"size": [1319.0, 1400.0], "pivot": [0.49772554636001587, 0.5514285564422607], "position": [-241.99998474121094, -79.0], "rawSize": [1319.0, 1400.0], "view": [537.9000244140625, 1233.4000244140625]}}