{"lafei_5": {"size": [1024.0, 1009.0], "pivot": [0.4921875, 0.6137760281562805], "position": [-80.00028991699219, 60.0], "rawSize": [1024.0, 1009.0], "view": [405.0, 928.0]}}