{"xinyue_jp": {"size": [1024.0, 1006.0], "pivot": [0.4091796875, 0.4990059733390808], "position": [-120.99945068359375, -52.0], "rawSize": [1024.0, 1006.0], "view": [545.0, 964.0]}}