{"siwanshi": {"size": [4990.0, 5264.0], "pivot": [0.49067598581314087, 0.66650390625], "position": [-598.6129150390625, 415.2257080078125], "rawSize": [1942.0, 2048.0], "view": [680.6970825195312, 1560.48388671875]}, "siwanshi_rw": {"size": [1950.0, 2048.0], "pivot": [0.49067598581314087, 0.66650390625], "position": [-137.3000030517578, 566.5999755859375], "rawSize": [1950.0, 2048.0]}}