{"mingshi_4": {"size": [682.0, 1024.0], "pivot": [0.4621700942516327, 0.664257824420929], "position": [-116.00045013427734, -12.0], "rawSize": [682.0, 1024.0], "view": [436.0, 1001.0]}}