{"yuhei_3": {"size": [1866.0, 2048.0], "pivot": [0.49067598581314087, 0.66650390625], "position": [66.2352294921875, -193.88255310058594], "rawSize": [1866.0, 2048.0], "view": [620.6355590820312, 1422.7940673828125]}}