{"keleiwen_2": {"size": [737.0, 1024.0], "pivot": [0.4063771963119507, 0.626953125], "position": [-55.99957275390625, 131.0], "rawSize": [737.0, 1024.0], "view": [331.0, 758.0]}}