{"fengyun": {"size": [2048.0, 1738.0], "pivot": [0.5720930099487305, 0.486388623714447], "position": [-128.57901000976562, -18.526351928710938], "rawSize": [2048.0, 1738.0], "view": [444.2444152832031, 1018.4210815429688]}}