{"zhenhai_2": {"size": [2048.0, 1788.0], "pivot": [0.49067598581314087, 0.66650390625], "position": [-9.946483612060547, 23.696372985839844], "rawSize": [2048.0, 1788.0], "view": [376.814453125, 863.8392944335938]}}