{"sipengsi": {"size": [770.0, 1125.0], "pivot": [0.41818180680274963, 0.5933333039283752], "position": [-145.00064086914062, 52.0], "rawSize": [690.0, 1023.0], "view": [544.0, 971.0]}}