{"mengbiliai_3": {"size": [3463.0, 3592.0], "pivot": [0.35135650634765625, 0.48618361353874207], "position": [-279.71612548828125, -6.5185546875], "rawSize": [1974.0, 2048.0], "view": [521.0274047851562, 1194.4444580078125]}, "mengbiliai_3_rw": {"size": [2048.0, 1684.0], "pivot": [0.49067598581314087, 0.66650390625], "position": [116.80000305175781, 6.5], "rawSize": [2048.0, 1684.0]}}