{"dujiaoshou_10": {"size": [4164.0, 2388.0], "pivot": [0.49067598581314087, 0.66650390625], "position": [-60.8554801940918, 20.433692932128906], "raw": true, "rawSize": [2048.0, 1175.0], "view": [508.4725341796875, 1165.6627197265625]}, "dujiaoshou_10_rw": {"size": [2048.0, 1932.0], "pivot": [0.49067598581314087, 0.66650390625], "position": [-62.29999923706055, 144.3000030517578], "rawSize": [2048.0, 1932.0]}}