{"dujiaoshou_10": {"size": [2002.0, 2048.0], "pivot": [0.49067598581314087, 0.66650390625], "position": [-83.02156829833984, -23.483932495117188], "rawSize": [2002.0, 2048.0], "view": [453.7980651855469, 1040.3226318359375]}}