{"kin_2": {"size": [4348.0, 4490.0], "pivot": [0.49067598581314087, 0.66650390625], "position": [-764.624755859375, -1283.090576171875], "rawSize": [1983.0, 2048.0], "view": [1029.346923828125, 2359.756103515625]}, "kin_2_rw": {"size": [1894.0, 2048.0], "pivot": [0.49067598581314087, 0.66650390625], "position": [-308.0, -739.0], "rawSize": [1894.0, 2048.0]}, "kin_2_bj": {"size": [4348.0, 4490.0], "pivot": [0.49067598581314087, 0.66650390625], "position": [-32.70000076293945, 749.9000244140625], "rawSize": [1983.0, 2048.0]}}