{"linuo_4": {"size": [1882.0, 2048.0], "pivot": [0.49840596318244934, 0.53515625], "position": [-135.0000762939453, -140.0], "rawSize": [1882.0, 2048.0], "view": [580.2999877929688, 1330.699951171875]}}