{"kulasuo_g": {"size": [968.0, 1024.0], "pivot": [0.4969008266925812, 0.639941394329071], "position": [-105.60028839111328, 134.8000030517578], "rawSize": [968.0, 1024.0], "view": [329.20001220703125, 754.7000122070312]}}