{"aijier_younv": {"size": [5760.0, 3730.0], "pivot": [0.49067598581314087, 0.66650390625], "position": [-428.25006103515625, 674.4998168945312], "rawSize": [2048.0, 1326.0], "view": [879.2337646484375, 2015.625]}, "aijier_younv_rw": {"size": [1088.0, 2048.0], "pivot": [0.49067598581314087, 0.66650390625], "position": [-108.30000305175781, 1180.199951171875], "rawSize": [1088.0, 2048.0]}}