{"fanji_3": {"size": [4992.0, 3332.0], "pivot": [0.49067598581314087, 0.66650390625], "position": [-534.5000610351562, -43.35725784301758], "raw": true, "rawSize": [2048.0, 1367.0], "view": [753.62890625, 1727.6785888671875]}, "fanji_3_rw": {"size": [2048.0, 1416.0], "pivot": [0.49067598581314087, 0.66650390625], "position": [43.0, 259.0], "rawSize": [2048.0, 1416.0]}}