{"shengdiyage_2": {"size": [963.0, 1024.0], "pivot": [0.3400830626487732, 0.5859375], "position": [-134.99981689453125, 85.0], "rawSize": [963.0, 1024.0], "view": [349.0, 800.0]}}