{"yinghuochong_g": {"size": [2322.0, 2398.0], "pivot": [0.49067598581314087, 0.66650390625], "position": [-247.4412384033203, -186.0883331298828], "rawSize": [1984.0, 2048.0], "view": [620.6355590820312, 1422.7940673828125]}, "yinghuochong_g_rw": {"size": [1940.0, 2048.0], "pivot": [0.49067598581314087, 0.66650390625], "position": [-115.80000305175781, 361.20001220703125], "rawSize": [1940.0, 2048.0]}}