{"xifujiniya_3": {"size": [3746.0, 2568.0], "pivot": [0.49067598581314087, 0.66650390625], "position": [-202.88241577148438, 386.9999084472656], "raw": true, "rawSize": [2048.0, 1404.0], "view": [620.6355590820312, 1422.7940673828125]}, "xifujiniya_3_rw": {"size": [938.0, 2048.0], "pivot": [0.49067598581314087, 0.66650390625], "position": [23.5, 345.5], "rawSize": [938.0, 2048.0]}}