{"tianlangxing_5": {"size": [4160.0, 2560.0], "pivot": [0.49067598581314087, 0.66650390625], "position": [-214.2840118408203, -469.48162841796875], "raw": true, "rawSize": [2048.0, 1260.0], "view": [521.0274047851562, 1194.4444580078125]}, "tianlangxing_5_rw": {"size": [992.0, 2048.0], "pivot": [0.49067598581314087, 0.66650390625], "position": [-10.399999618530273, 561.0], "rawSize": [992.0, 2048.0]}}