{"aisaikesi_5": {"size": [2028.0, 2048.0], "pivot": [0.49852070212364197, 0.53515625], "position": [-116.00001525878906, -23.0], "rawSize": [2028.0, 2048.0], "view": [411.29998779296875, 943.2000122070312]}}