{"makeboluo_2": {"size": [1750.0, 2048.0], "pivot": [0.49067598581314087, 0.66650390625], "position": [-297.5155029296875, 107.25769805908203], "rawSize": [1750.0, 2048.0], "view": [435.084716796875, 997.4226684570312]}}