{"bulisituoer_3": {"size": [5648.0, 5184.0], "pivot": [0.49067598581314087, 0.66650390625], "position": [-339.6230163574219, -332.26239013671875], "rawSize": [2048.0, 1880.0], "view": [691.8560180664062, 1586.0655517578125]}, "bulisituoer_3_rw": {"size": [2048.0, 1850.0], "pivot": [0.49067598581314087, 0.66650390625], "position": [11.199999809265137, -88.80000305175781], "rawSize": [2048.0, 1850.0]}}