{"aifosen": {"size": [2958.0, 3188.0], "pivot": [0.49067598581314087, 0.66650390625], "position": [17.44438934326172, -324.6667175292969], "rawSize": [1900.0, 2048.0], "view": [468.9246826171875, 1075.0]}, "aifosen_rw": {"size": [2048.0, 1450.0], "pivot": [0.49067598581314087, 0.66650390625], "position": [88.19999694824219, -287.1000061035156], "rawSize": [2048.0, 1450.0]}}