{"manchao": {"size": [766.0, 1024.0], "pivot": [0.27545690536499023, 0.6015625], "position": [-156.0002899169922, 82.0], "rawSize": [766.0, 1024.0], "view": [408.0, 810.0]}}