{"nengdai_8": {"size": [3954.0, 3132.0], "pivot": [0.49067598581314087, 0.66650390625], "position": [-138.5385284423828, 36.61528778076172], "rawSize": [2048.0, 1622.0], "view": [649.2803344726562, 1488.4615478515625]}, "nengdai_8_rw": {"size": [1304.0, 2048.0], "pivot": [0.49067598581314087, 0.66650390625], "position": [-162.5, 75.5], "rawSize": [1304.0, 2048.0]}}