{"baoduoliuhua": {"size": [2048.0, 1764.0], "pivot": [0.49067598581314087, 0.66650390625], "position": [-207.58485412597656, 437.43853759765625], "rawSize": [2048.0, 1764.0], "view": [444.2444152832031, 1018.4210815429688]}}