{"haiyinlixi_4": {"size": [3600.0, 4370.0], "pivot": [0.4732530117034912, 0.6810547113418579], "position": [-49.39984893798828, -78.60012817382812], "raw": true, "rawSize": [1687.0, 2048.0], "view": [841.8198852539062, 1935.0]}, "haiyinlixi_4_rw": {"size": [2330.0, 3000.0], "pivot": [0.4732530117034912, 0.6810547113418579], "position": [-41.0, 185.0], "rawSize": [2330.0, 3000.0]}}