{"zaoshen_2": {"size": [714.0, 1024.0], "pivot": [0.28151261806488037, 0.5791015625], "position": [-155.9996795654297, 50.0], "rawSize": [714.0, 1024.0], "view": [313.0, 719.0]}}