{"bunao_2": {"size": [2048.0, 1704.0], "pivot": [0.49067598581314087, 0.66650390625], "position": [-147.5263671875, 29.894603729248047], "rawSize": [2048.0, 1704.0], "view": [444.2444152832031, 1018.4210815429688]}}