{"jiangfeng_alter": {"size": [3570.0, 2844.0], "pivot": [0.49067598581314087, 0.66650390625], "position": [8.063224792480469, 48.708824157714844], "rawSize": [2048.0, 1632.0], "view": [534.2179565429688, 1224.6834716796875]}, "jiangfeng_alter_rw": {"size": [2048.0, 1690.0], "pivot": [0.49067598581314087, 0.66650390625], "position": [447.3999938964844, 149.8000030517578], "rawSize": [2048.0, 1690.0]}, "jiangfeng_alter_bj": {"size": [3570.0, 2844.0], "pivot": [0.49067598581314087, 0.66650390625], "position": [-33.2869987487793, 467.8999938964844], "rawSize": [2048.0, 1632.0]}}