{"bisimai_h": {"size": [6458.0, 3966.0], "pivot": [0.49067598581314087, 0.66650390625], "position": [-137.59707641601562, 84.53722381591797], "raw": true, "rawSize": [2048.0, 1258.0], "view": [629.8988037109375, 1444.02978515625]}, "bisimai_h_bj3": {"size": [1374.0, 1989.0], "pivot": [0.49067598581314087, 0.66650390625], "position": [6.260005474090576, 368.3500061035156], "rawSize": [1374.0, 1989.0]}, "bisimai_h_bj1": {"size": [1696.0, 1260.0], "pivot": [0.49067598581314087, 0.66650390625], "position": [-1206.599853515625, -568.0], "rawSize": [1696.0, 1260.0]}, "bisimai_h_rw": {"size": [1506.0, 2048.0], "pivot": [0.49067598581314087, 0.66650390625], "position": [-32.599998474121094, 25.000080108642578], "rawSize": [1506.0, 2048.0]}, "bisimai_h_bj2": {"size": [1526.0, 2020.0], "pivot": [0.49067598581314087, 0.66650390625], "position": [609.9999389648438, -641.2000122070312], "rawSize": [1526.0, 2020.0]}}