{"yueke": {"size": [1023.0, 1179.0], "pivot": [0.40645161271095276, 0.7047498226165771], "position": [-169.0001983642578, 157.0], "rawSize": [888.0, 1021.0], "view": [460.0, 900.0]}}