{"jiaosuai": {"size": [3818.0, 3154.0], "pivot": [0.49067598581314087, 0.66650390625], "position": [-284.87884521484375, 65.03025817871094], "rawSize": [2048.0, 1692.0], "view": [639.4426879882812, 1465.9090576171875]}, "jiaosuai_rw": {"size": [992.0, 2048.0], "pivot": [0.49067598581314087, 0.66650390625], "position": [-113.5999984741211, 216.0], "rawSize": [992.0, 2048.0]}}