{"geliqiya": {"size": [4685.0, 3791.0], "pivot": [0.49067598581314087, 0.66650390625], "position": [-308.07696533203125, -27.037946701049805], "rawSize": [2048.0, 1657.0], "view": [669.8923950195312, 1535.71435546875]}, "geliqiya_rw": {"size": [1310.0, 2048.0], "pivot": [0.49067598581314087, 0.66650390625], "position": [-143.0, -41.09000015258789], "rawSize": [1310.0, 2048.0]}}