{"aidingbao_2": {"size": [720.0, 1024.0], "pivot": [0.2847222089767456, 0.626953125], "position": [-138.99996948242188, 115.0], "rawSize": [720.0, 1024.0], "view": [368.0, 842.0]}}