{"naimeizi": {"size": [2608.0, 1602.0], "pivot": [0.49067598581314087, 0.66650390625], "position": [-118.73918914794922, 191.13040161132812], "rawSize": [2048.0, 1258.0], "view": [366.9845275878906, 841.3043823242188]}, "naimeizi_rw": {"size": [2048.0, 1138.0], "pivot": [0.49067598581314087, 0.66650390625], "position": [-299.0, 298.0], "rawSize": [2048.0, 1138.0]}}