{"bisimai": {"size": [1400.0, 1250.0], "pivot": [0.5028571486473083, 0.5447999835014343], "position": [-90.0000991821289, 84.0], "rawSize": [1400.0, 1250.0], "view": [408.0, 933.0]}}