{"geliqiya_2": {"size": [3138.0, 2846.0], "pivot": [0.49067598581314087, 0.66650390625], "position": [-292.0000915527344, -23.224546432495117], "rawSize": [2048.0, 1857.0], "view": [879.233642578125, 2015.624755859375]}, "geliqiya_2_rw": {"size": [1606.0, 2048.0], "pivot": [0.49067598581314087, 0.66650390625], "position": [-169.8000030517578, 169.3000030517578], "rawSize": [1606.0, 2048.0]}}