{"pizibao": {"size": [4004.0, 3054.0], "pivot": [0.49067598581314087, 0.66650390625], "position": [-329.3529968261719, 286.99993896484375], "rawSize": [2048.0, 1562.0], "view": [620.6355590820312, 1422.7940673828125]}, "pizibao_rw": {"size": [1764.0, 2048.0], "pivot": [0.49067598581314087, 0.66650390625], "position": [-114.0, 235.2100067138672], "rawSize": [1764.0, 2048.0]}}