{"kalvbudisi_2": {"size": [2048.0, 2048.0], "pivot": [0.49067598581314087, 0.66650390625], "position": [-73.14385223388672, -56.772987365722656], "raw": true, "rawSize": [2048.0, 2048.0], "view": [586.1558227539062, 1343.75]}}