{"lila": {"size": [3906.0, 2917.0], "pivot": [0.49067598581314087, 0.66650390625], "position": [-185.35623168945312, -73.06857299804688], "rawSize": [2048.0, 1529.0], "view": [578.1262817382812, 1325.3424072265625]}, "lila_rw": {"size": [2048.0, 1872.0], "pivot": [0.49067598581314087, 0.66650390625], "position": [-64.0, 76.0], "rawSize": [2048.0, 1872.0]}}