{"heitaizi_5": {"size": [2048.0, 1782.0], "pivot": [0.49067598581314087, 0.66650390625], "position": [-165.85252380371094, 9.54088306427002], "rawSize": [2048.0, 1782.0], "view": [345.9280090332031, 793.0327758789062]}}