{"taiyuan_g": {"size": [1636.0, 2048.0], "pivot": [0.49067598581314087, 0.66650390625], "position": [36.912986755371094, 87.652099609375], "rawSize": [1636.0, 2048.0], "view": [366.9845275878906, 841.3043823242188]}}