{"xingdengbao_2": {"size": [2048.0, 1886.0], "pivot": [0.49067598581314087, 0.66650390625], "position": [-86.56716918945312, -63.397010803222656], "rawSize": [2048.0, 1886.0], "view": [639.4426879882812, 1465.9091796875]}}