{"ekelahema_g": {"size": [695.0, 1024.0], "pivot": [0.3863309323787689, 0.6103515625], "position": [-83.00037384033203, 111.0], "rawSize": [695.0, 1024.0], "view": [319.0, 731.0]}}