{"xianghe_h": {"size": [4348.0, 3066.0], "pivot": [0.49067598581314087, 0.66650390625], "position": [-141.82765197753906, 36.13777542114258], "rawSize": [2048.0, 1444.0], "view": [727.6417236328125, 1668.103515625]}, "xianghe_h_rw": {"size": [2048.0, 1484.0], "pivot": [0.49067598581314087, 0.66650390625], "position": [94.80000305175781, 252.10000610351562], "rawSize": [2048.0, 1484.0]}}