{"sanwei_2": {"size": [3314.0, 3266.0], "pivot": [0.49067598581314087, 0.66650390625], "position": [-490.181884765625, 379.04541015625], "rawSize": [2048.0, 2018.0], "view": [479.58203125, 1099.431884765625]}, "sanwei_2_rw": {"size": [2048.0, 1760.0], "pivot": [0.49067598581314087, 0.66650390625], "position": [-166.0, 598.0], "rawSize": [2048.0, 1760.0]}}