{"jian_3": {"size": [4444.0, 2560.0], "pivot": [0.49067598581314087, 0.66650390625], "position": [-332.2941589355469, 285.5293273925781], "raw": true, "rawSize": [2048.0, 1180.0], "view": [620.6355590820312, 1422.7940673828125]}, "jian_3_rw": {"size": [2048.0, 1890.0], "pivot": [0.49067598581314087, 0.66650390625], "position": [-63.5, 385.6000061035156], "rawSize": [2048.0, 1890.0]}}