{"sikula_3": {"size": [3536.0, 2362.0], "pivot": [0.49067598581314087, 0.66650390625], "position": [-361.00006103515625, 198.6665496826172], "rawSize": [2048.0, 1368.0], "view": [562.7095947265625, 1290.0]}, "sikula_3_rw": {"size": [1120.0, 2048.0], "pivot": [0.49067598581314087, 0.66650390625], "position": [-52.0, 181.0], "rawSize": [1120.0, 2048.0]}}