{"sizhannvshen": {"size": [1822.0, 2048.0], "pivot": [0.49067598581314087, 0.66650390625], "position": [-154.35299682617188, 284.05877685546875], "rawSize": [1822.0, 2048.0], "view": [620.6355590820312, 1422.7940673828125]}}