{"maliluosi_2_doa": {"size": [1792.0, 2048.0], "pivot": [0.4983258843421936, 0.53515625], "position": [-153.00006103515625, 7.0], "raw": true, "rawSize": [1792.0, 2048.0], "view": [723.2000122070312, 1658.0]}}