{"lingbo_h": {"size": [742.0, 1024.0], "pivot": [0.5242587327957153, 0.6455078125], "position": [-92.9998550415039, 103.0], "rawSize": [742.0, 1024.0], "view": [311.0, 713.0]}}