{"dewenjun": {"size": [5368.0, 4158.0], "pivot": [0.49067598581314087, 0.66650390625], "position": [-391.87188720703125, -71.33341217041016], "rawSize": [2048.0, 1586.0], "view": [541.0669555664062, 1240.3846435546875]}, "dewenjun_rw": {"size": [1370.0, 2048.0], "pivot": [0.49067598581314087, 0.66650390625], "position": [-65.4000015258789, -175.0], "rawSize": [1370.0, 2048.0]}}