{"baerdimo_4": {"size": [2048.0, 1914.0], "pivot": [0.49853515625, 0.7450366020202637], "position": [-252.0000762939453, 333.0], "rawSize": [2048.0, 1914.0], "view": [547.2000122070312, 1254.5999755859375]}}