{"nananpudun_3": {"size": [2048.0, 1784.0], "pivot": [0.49067598581314087, 0.66650390625], "position": [51.039146423339844, -110.54911041259766], "rawSize": [2048.0, 1784.0], "view": [413.7570495605469, 948.5294189453125]}}