{"lingbo_2": {"size": [1024.0, 774.0], "pivot": [0.4013671875, 0.5374677181243896], "position": [-124.09978485107422, 28.0], "rawSize": [1024.0, 774.0], "view": [278.0, 552.0999755859375]}}