{"ajiakesi_g": {"size": [791.0, 1024.0], "pivot": [0.4165613055229187, 0.5791015625], "position": [-69.9997329711914, 122.0], "rawSize": [791.0, 1024.0], "view": [293.0, 748.0]}}