{"wuerlixi_3": {"size": [3874.0, 3504.0], "pivot": [0.49067598581314087, 0.66650390625], "position": [-373.36370849609375, 362.9089050292969], "rawSize": [2048.0, 1852.0], "view": [767.3312377929688, 1759.0908203125]}, "wuerlixi_3_rw": {"size": [1346.0, 2048.0], "pivot": [0.49067598581314087, 0.66650390625], "position": [-264.0, 452.0], "rawSize": [1346.0, 2048.0]}}