{"zhuifeng_3": {"size": [2048.0, 2042.0], "pivot": [0.49169921875, 0.549461305141449], "position": [-462.9999694824219, 49.0], "rawSize": [2048.0, 2042.0], "view": [518.0, 1437.300048828125]}}