{"andelieyaduoliya_2": {"size": [2648.0, 2686.0], "pivot": [0.49067598581314087, 0.66650390625], "position": [-217.14291381835938, 110.53722381591797], "rawSize": [2019.0, 2048.0], "view": [629.8988037109375, 1444.0296630859375]}, "andelieyaduoliya_2_rw": {"size": [1286.0, 2048.0], "pivot": [0.49067598581314087, 0.66650390625], "position": [-54.20000076293945, 384.8999938964844], "rawSize": [1286.0, 2048.0]}}