{"lvzi_2": {"size": [2048.0, 1908.0], "pivot": [0.4196775257587433, 0.5904090404510498], "position": [-190.33340454101562, 189.33328247070312], "rawSize": [2048.0, 1908.0], "view": [562.7095947265625, 1290.0]}}