{"lulutiye": {"size": [1048.0, 1200.0], "pivot": [0.37881678342819214, 0.5733333230018616], "position": [-127.0001449584961, 42.0], "rawSize": [1048.0, 1200.0], "view": [389.0, 893.0]}}