{"tiancheng_younv": {"size": [2048.0, 1504.0], "pivot": [0.443359375, 0.5234707593917847], "position": [-321.9999694824219, 81.0], "rawSize": [2048.0, 1504.0], "view": [331.0, 1097.4000244140625]}}