{"dian_2": {"size": [910.0, 1024.0], "pivot": [0.3549450635910034, 0.6240234375], "position": [-113.99981689453125, 117.0], "rawSize": [910.0, 1024.0], "view": [478.0, 846.0]}}