{"xiangbin_h": {"size": [1894.0, 1900.0], "pivot": [0.49067598581314087, 0.66650390625], "position": [-84.28819274902344, -83.08480072021484], "raw": true, "rawSize": [1894.0, 1900.0], "view": [357.6544189453125, 819.915283203125]}, "xiangbin_h_2": {"size": [1894.0, 1105.0], "pivot": [0.49067598581314087, 0.66650390625], "position": [-17.600000381469727, 1680.5], "rawSize": [1894.0, 1105.0]}}