{"z20": {"size": [1024.0, 852.0], "pivot": [0.4013671875, 0.44600939750671387], "position": [-174.9995574951172, -18.0], "rawSize": [1024.0, 852.0], "view": [376.0, 963.0]}}