{"keluoladuo_3": {"size": [2766.0, 3394.0], "pivot": [0.49067598581314087, 0.66650390625], "position": [-223.38894653320312, 209.22216796875], "rawSize": [1669.0, 2048.0], "view": [586.1558227539062, 1343.75]}, "keluoladuo_3_rw": {"size": [884.0, 2048.0], "pivot": [0.49067598581314087, 0.66650390625], "position": [-116.5999984741211, 237.5], "rawSize": [884.0, 2048.0]}}