{"bailu_3": {"size": [5164.0, 3256.0], "pivot": [0.49067598581314087, 0.66650390625], "position": [-230.33340454101562, -370.2224426269531], "raw": true, "rawSize": [2048.0, 1291.0], "view": [937.849365234375, 2150.0]}, "bailu_3_rw": {"size": [2048.0, 1964.0], "pivot": [0.49067598581314087, 0.66650390625], "position": [203.0, -8.0], "rawSize": [2048.0, 1964.0]}}