{"sheshuiyu_3": {"size": [1868.0, 2048.0], "pivot": [0.6707708835601807, 0.551953136920929], "position": [-79.0000228881836, 54.0], "rawSize": [1868.0, 2048.0], "view": [331.0, 1579.199951171875]}}