{"haman_g": {"size": [733.0, 1024.0], "pivot": [0.3362892270088196, 0.6298828125], "position": [-135.0004425048828, 100.0], "rawSize": [733.0, 1024.0], "view": [474.0, 836.0]}}