{"biaoqiang_h": {"size": [1200.0, 1111.0], "pivot": [0.5841666460037231, 0.6998199820518494], "position": [24.00016975402832, 114.0], "rawSize": [1200.0, 1111.0], "view": [377.0, 865.0]}}