{"shentong": {"size": [1024.0, 966.0], "pivot": [0.4287109375, 0.5993788838386536], "position": [-78.9996566772461, 106.0], "rawSize": [1024.0, 966.0], "view": [395.0, 696.0]}}