{"qisheng": {"size": [2588.0, 2228.0], "pivot": [0.49067598581314087, 0.66650390625], "position": [-97.00006103515625, -66.225830078125], "rawSize": [2048.0, 1763.0], "view": [340.3485412597656, 780.241943359375]}, "qisheng_rw": {"size": [2048.0, 1064.0], "pivot": [0.49067598581314087, 0.66650390625], "position": [23.600000381469727, -78.80000305175781], "rawSize": [2048.0, 1064.0]}}