{"lanliii_2": {"size": [2038.0, 2048.0], "pivot": [0.49067598581314087, 0.66650390625], "position": [-106.52387237548828, 102.47599792480469], "rawSize": [2038.0, 2048.0], "view": [669.8923950195312, 1535.71435546875]}}