{"biaoqiang_6": {"size": [1308.0, 1400.0], "pivot": [0.5818042755126953, 0.5764285922050476], "position": [-33.99997329711914, 63.0], "rawSize": [1308.0, 1400.0], "view": [415.70001220703125, 953.0999755859375]}}