{"feiji_2": {"size": [864.0, 1024.0], "pivot": [0.59375, 0.5703125], "position": [-30.000476837158203, 51.0], "rawSize": [864.0, 1024.0], "view": [418.0, 961.0]}}