{"haiwangxing_2": {"size": [1400.0, 1400.0], "pivot": [0.49785715341567993, 0.7060714364051819], "position": [-112.00006866455078, 203.0], "raw": true, "rawSize": [1400.0, 1400.0], "view": [374.70001220703125, 859.2000122070312]}, "face": {"size": [501.0, 337.0], "pivot": [0.5, 0.5], "position": [-116.0, 531.5], "rawSize": [501.0, 337.0], "list": [0, 1, 2, 3, 4, 5, 6]}}