{"xuefeng": {"size": [912.0, 1024.0], "pivot": [0.36513158679008484, 0.568359375], "position": [-128.000244140625, 68.0], "rawSize": [1024.0, 1150.0], "view": [469.0, 839.0]}}