{"z23_5": {"size": [1321.0, 1400.0], "pivot": [0.49772900342941284, 0.5514285564422607], "position": [-185.99998474121094, 42.0], "rawSize": [1321.0, 1400.0], "view": [434.1000061035156, 995.5999755859375]}}