{"yinghuochong": {"size": [1079.0, 1138.0], "pivot": [0.5843373537063599, 0.6423550248146057], "position": [-72.00060272216797, 34.0], "rawSize": [971.0, 1024.0], "view": [622.0, 1105.0]}}