{"shancheng_3": {"size": [1009.0, 1024.0], "pivot": [0.41179385781288147, 0.5224609375], "position": [-88.00011444091797, 58.0], "rawSize": [1009.0, 1024.0], "view": [372.0, 854.0]}}