{"aoding": {"size": [2048.0, 1798.0], "pivot": [0.4755859375, 0.5812013149261475], "position": [-218.0, -86.0], "rawSize": [2048.0, 1798.0], "view": [464.3999938964844, 1064.800048828125]}}