{"maikaoer": {"size": [804.0, 787.0], "pivot": [0.44527363777160645, 0.5190597176551819], "position": [-72.9996109008789, 43.0], "rawSize": [804.0, 787.0], "view": [422.0, 773.0]}}