{"shenxue_3": {"size": [2048.0, 1620.0], "pivot": [0.49067598581314087, 0.66650390625], "position": [-540.8919677734375, 81.48625183105469], "raw": true, "rawSize": [2048.0, 1620.0], "view": [508.4725341796875, 1165.6627197265625]}}