{"diguo": {"size": [2036.0, 2048.0], "pivot": [0.49067598581314087, 0.66650390625], "position": [-160.49403381347656, 171.99989318847656], "rawSize": [2036.0, 2048.0], "view": [508.4725341796875, 1165.6627197265625]}}