{"xiangbin": {"size": [3356.0, 2202.0], "pivot": [0.5110250115394592, 0.5985468029975891], "position": [-117.99994659423828, 9.0], "raw": true, "rawSize": [2048.0, 1344.0], "view": [493.20001220703125, 1130.9000244140625]}, "xiangbin_n": {"size": [2033.0, 2048.0], "pivot": [0.49067598581314087, 0.66650390625], "position": [-69.4000015258789, 456.0], "rawSize": [2033.0, 2048.0]}}