{"shanfeng": {"size": [2048.0, 2038.0], "pivot": [0.49067598581314087, 0.66650390625], "position": [-84.36848449707031, -228.00009155273438], "rawSize": [2048.0, 2038.0], "view": [444.2444152832031, 1018.4210815429688]}, "face": {"size": [326.0, 262.0], "pivot": [0.5, 0.5], "position": [120.0, 123.0], "rawSize": [326.0, 262.0], "list": [0, 1, 2, 3, 4, 5, 6, 7]}}