{"bailu_2": {"size": [911.0, 1024.0], "pivot": [0.4736553132534027, 0.5771484375], "position": [-69.99974060058594, 44.0], "rawSize": [911.0, 1024.0], "view": [388.0, 891.0]}}