{"changbo_3": {"size": [2048.0, 1272.0], "pivot": [0.1455078125, 0.4492138624191284], "position": [-527.0001220703125, -67.0], "raw": true, "rawSize": [2048.0, 1272.0], "view": [331.0, 1080.9000244140625]}}