{"xiao": {"size": [621.0, 1024.0], "pivot": [0.266505628824234, 0.6416015625], "position": [-135.9999542236328, 131.0], "rawSize": [621.0, 1024.0], "view": [372.0, 721.0]}}