{"saili_2": {"size": [5435.0, 6155.0], "pivot": [0.49067598581314087, 0.66650390625], "position": [-372.00006103515625, -581.0770263671875], "rawSize": [1808.0, 2048.0], "view": [811.6002807617188, 1860.576904296875]}, "saili_2_rw": {"size": [1526.0, 2048.0], "pivot": [0.49067598581314087, 0.66650390625], "position": [-222.0, -442.0], "rawSize": [1526.0, 2048.0]}}