{"nananpudun": {"size": [1024.0, 961.0], "pivot": [0.4970703125, 0.5749219655990601], "position": [-71.99991607666016, 50.0], "rawSize": [1024.0, 961.0], "view": [382.0, 877.0]}}