{"gaoxiong_5": {"size": [2048.0, 1814.0], "pivot": [0.42924803495407104, 0.4652149975299835], "position": [-372.0000305175781, -108.0], "rawSize": [2048.0, 1814.0], "view": [435.29998779296875, 998.2000122070312]}}