{"qiye_4": {"size": [1024.0, 1024.0], "pivot": [0.2392578125, 0.7490234375], "position": [-83.00000762939453, 266.0], "rawSize": [1024.0, 1024.0], "view": [357.8999938964844, 824.4000244140625]}}