{"wuzang_h": {"size": [2750.0, 3204.0], "pivot": [0.49067598581314087, 0.66650390625], "position": [-86.79598236083984, 357.0064392089844], "raw": true, "rawSize": [1758.0, 2048.0], "view": [448.9704284667969, 1029.25537109375]}, "wuzang_h_bj": {"size": [2750.0, 3204.0], "pivot": [0.49067598581314087, 0.66650390625], "position": [-22.56999969482422, 532.4000244140625], "rawSize": [1758.0, 2048.0]}, "wuzang_h_rw": {"size": [2000.0, 2048.0], "pivot": [0.49067598581314087, 0.66650390625], "position": [-330.29998779296875, 211.89999389648438], "rawSize": [2000.0, 2048.0]}}