{"z35_2": {"size": [1500.0, 1314.0], "pivot": [0.49799999594688416, 0.5547945499420166], "position": [-142.99998474121094, 143.0], "rawSize": [1500.0, 1314.0], "view": [350.5, 803.5999755859375]}}