{"ruoyue_3": {"size": [2782.0, 3406.0], "pivot": [0.49067598581314087, 0.66650390625], "position": [-203.84938049316406, -322.2466735839844], "rawSize": [1673.0, 2048.0], "view": [578.1262817382812, 1325.3424072265625]}, "ruoyue_3_rw": {"size": [1634.0, 2048.0], "pivot": [0.49067598581314087, 0.66650390625], "position": [55.0, 214.0], "rawSize": [1634.0, 2048.0]}}