{"zuozhiya_2": {"size": [783.0, 1024.0], "pivot": [0.4961685836315155, 0.5703125], "position": [-82.99984741210938, 133.0], "rawSize": [783.0, 1024.0], "view": [359.0, 824.0]}}