{"lumang_2": {"size": [1400.0, 1356.0], "pivot": [0.5235000252723694, 0.50737464427948], "position": [-87.00003051757812, -82.0], "raw": true, "rawSize": [1400.0, 1356.0], "view": [427.3999938964844, 980.0999755859375]}}