{"hailunna_younv": {"size": [1024.0, 908.0], "pivot": [0.533203125, 0.44933921098709106], "position": [-187.00015258789062, -44.0], "rawSize": [1024.0, 908.0], "view": [468.0, 1074.0]}, "face": {"size": [343.0, 294.0], "pivot": [0.5, 0.5], "position": [-101.5, 249.0], "rawSize": [343.0, 294.0], "list": [0, 1, 2, 3]}}