{"haitian_3": {"size": [4234.0, 3734.0], "pivot": [0.49067598581314087, 0.66650390625], "position": [-391.8718566894531, 506.8717346191406], "rawSize": [2048.0, 1806.0], "view": [541.0669555664062, 1240.3846435546875]}, "haitian_3_rw": {"size": [2048.0, 3446.0], "pivot": [0.49067598581314087, 0.66650390625], "position": [137.0, 429.0], "rawSize": [2048.0, 3446.0]}}