{"chushuang": {"size": [1024.0, 1024.0], "pivot": [0.5205078125, 0.509765625], "position": [23.999839782714844, 7.0], "rawSize": [1024.0, 1024.0], "view": [402.0, 919.0]}}