{"xukufu_3": {"size": [1893.0, 2048.0], "pivot": [0.4984152019023895, 0.53515625], "position": [-236.99990844726562, 139.0], "rawSize": [1893.0, 2048.0], "view": [756.9000244140625, 1735.5999755859375]}}