{"masaiqu_2": {"size": [3329.0, 2772.0], "pivot": [0.49067598581314087, 0.66650390625], "position": [-95.02688598632812, -146.0142822265625], "raw": true, "rawSize": [2048.0, 1705.0], "view": [781.5409545898438, 1791.66650390625]}, "masaiqu_2_rw": {"size": [1800.0, 2048.0], "pivot": [0.49067598581314087, 0.66650390625], "position": [-150.0, -21.0], "rawSize": [1800.0, 2048.0]}}