{"shengli": {"size": [1400.0, 1360.0], "pivot": [0.477142870426178, 0.5617647171020508], "position": [-84.99989318847656, -40.0], "rawSize": [1400.0, 1360.0], "view": [336.0, 773.0]}}