{"linggu": {"size": [917.0, 1024.0], "pivot": [0.5040349364280701, 0.6556640863418579], "position": [-35.99990463256836, 61.0], "rawSize": [917.0, 1024.0], "view": [307.0, 703.0]}}