{"jiuyuan": {"size": [1194.0, 1200.0], "pivot": [0.7504187822341919, 0.5708333253860474], "position": [16.00003433227539, 26.0], "rawSize": [1194.0, 1200.0], "view": [378.0, 869.0]}}