{"aierdeliqi": {"size": [955.0, 974.0], "pivot": [0.45811519026756287, 0.5574948787689209], "position": [-126.00018310546875, 63.0], "rawSize": [955.0, 974.0], "view": [424.0, 869.0]}}