{"nengdai_2": {"size": [1456.0, 2048.0], "pivot": [0.5173763632774353, 0.491943359375], "position": [-146.99996948242188, -129.0], "rawSize": [1456.0, 2048.0], "view": [380.8999938964844, 873.4000244140625]}}