{"luoen": {"size": [1280.0, 1125.0], "pivot": [0.4398437440395355, 0.6244444251060486], "position": [-147.0001678466797, 40.0], "rawSize": [1280.0, 1125.0], "view": [278.0, 639.0]}}