{"lei": {"size": [1024.0, 1009.0], "pivot": [0.455078125, 0.5574826598167419], "position": [-69.0000228881836, 57.0], "rawSize": [1024.0, 1009.0], "view": [476.0, 840.0]}}