{"jianye_2": {"size": [2048.0, 1753.0], "pivot": [0.501953125, 0.4452367424964905], "position": [-252.00001525878906, -171.0], "rawSize": [2048.0, 1753.0], "view": [698.5, 1601.5999755859375]}}