{"malilan_3": {"size": [3066.0, 1904.0], "pivot": [0.49067598581314087, 0.66650390625], "position": [-498.35137939453125, -29.89197540283203], "raw": true, "rawSize": [2048.0, 1272.0], "view": [570.3137817382812, 1307.432373046875]}, "malilan_3_bj": {"size": [3066.0, 1904.0], "pivot": [0.49067598581314087, 0.66650390625], "position": [-27.299999237060547, 318.29998779296875], "rawSize": [2048.0, 1272.0]}, "malilan_3_rw": {"size": [2048.0, 1206.0], "pivot": [0.49067598581314087, 0.66650390625], "position": [-101.4000015258789, 185.10000610351562], "rawSize": [2048.0, 1206.0]}}