{"sanli": {"size": [1280.0, 1119.0], "pivot": [0.47578126192092896, 0.5607685446739197], "position": [-86.00016021728516, 102.0], "rawSize": [1280.0, 1119.0], "view": [337.0, 775.0]}}