{"pubo_2": {"size": [1400.0, 1386.0], "pivot": [0.49785715341567993, 0.551948070526123], "position": [-126.0000228881836, 12.0], "rawSize": [1400.0, 1386.0], "view": [535.9000244140625, 1229.0]}}