{"tuolichaili_2": {"size": [2048.0, 1876.0], "pivot": [0.5390625, 0.46215352416038513], "position": [-113.00000762939453, -42.0], "raw": true, "rawSize": [2048.0, 1876.0], "view": [471.6000061035156, 1188.9000244140625]}}