{"aogusite_3": {"size": [4014.0, 2494.0], "pivot": [0.49067598581314087, 0.66650390625], "position": [-270.3333740234375, -95.84326171875], "raw": true, "rawSize": [2048.0, 1272.0], "view": [827.5140991210938, 1897.058837890625]}, "aogusite_3_rw": {"size": [2048.0, 1758.0], "pivot": [0.49067598581314087, 0.66650390625], "position": [113.19999694824219, 185.0], "rawSize": [2048.0, 1758.0]}}