{"tuzuo": {"size": [2048.0, 1698.0], "pivot": [0.51416015625, 0.5906949639320374], "position": [-190.0000457763672, 99.0], "rawSize": [2048.0, 1698.0], "view": [488.0, 1119.0]}}