{"dingan_2": {"size": [2048.0, 1548.0], "pivot": [0.49067598581314087, 0.66650390625], "position": [-382.8334045410156, -128.97247314453125], "rawSize": [2048.0, 1548.0], "view": [586.1558227539062, 1343.75]}}