{"dingan_2": {"size": [5620.0, 2950.0], "pivot": [0.49067598581314087, 0.66650390625], "position": [-208.66671752929688, 175.33323669433594], "raw": true, "rawSize": [2048.0, 1075.0], "view": [703.386962890625, 1612.4998779296875]}, "dingan_2_rw": {"size": [814.0, 2048.0], "pivot": [0.49067598581314087, 0.66650390625], "position": [167.8000030517578, 183.60000610351562], "rawSize": [814.0, 2048.0]}}