{"kaersilue": {"size": [781.0, 1024.0], "pivot": [0.3706786036491394, 0.6796875], "position": [-87.99978637695312, 155.0], "rawSize": [781.0, 1024.0], "view": [401.0, 740.0]}}