{"xili_2": {"size": [857.0, 1024.0], "pivot": [0.46382731199264526, 0.56640625], "position": [-92.00010681152344, 82.0], "rawSize": [857.0, 1024.0], "view": [341.0, 782.0]}}