{"aimannuaier_2": {"size": [2048.0, 1528.0], "pivot": [0.49067598581314087, 0.66650390625], "position": [-425.2052001953125, -177.7436981201172], "raw": true, "rawSize": [2048.0, 1528.0], "view": [541.0669555664062, 1240.3846435546875]}}