{"aijier_3": {"size": [5185.0, 5480.0], "pivot": [0.49067598581314087, 0.66650390625], "position": [-579.666748046875, -968.333740234375], "rawSize": [1938.0, 2048.0], "view": [1406.77392578125, 3224.999755859375]}, "aijier_3_bj1": {"size": [1663.0, 1934.0], "pivot": [0.49067598581314087, 0.66650390625], "position": [-818.0000610351562, -1421.0], "rawSize": [1663.0, 1934.0]}, "aijier_3_bj2": {"size": [1678.0, 1912.0], "pivot": [0.49067598581314087, 0.66650390625], "position": [778.0, -1465.0], "rawSize": [1678.0, 1912.0]}, "aijier_3_rw": {"size": [2048.0, 1482.0], "pivot": [0.49067598581314087, 0.66650390625], "position": [-405.0, 27.0], "rawSize": [2048.0, 1482.0]}}