{"xiefeierde_5": {"size": [2048.0, 1644.0], "pivot": [0.49067598581314087, 0.66650390625], "position": [-201.30113220214844, 177.59133911132812], "raw": true, "rawSize": [2048.0, 1644.0], "view": [453.7980651855469, 1040.3226318359375]}}