{"bulaimodun_4": {"size": [2048.0, 2036.0], "pivot": [0.5499023199081421, 0.5788310170173645], "position": [3.528594970703125e-05, 122.0], "rawSize": [2048.0, 2036.0], "view": [425.5, 975.7999877929688]}}