{"shuixingjinian_alter": {"size": [2752.0, 2642.0], "pivot": [0.49067598581314087, 0.66650390625], "position": [-79.79576110839844, 161.4622802734375], "rawSize": [2048.0, 1966.0], "view": [453.7980651855469, 1040.3226318359375]}, "shuixingjinian_alter_rw": {"size": [2048.0, 1824.0], "pivot": [0.49067598581314087, 0.66650390625], "position": [-340.0, 405.0], "rawSize": [2048.0, 1824.0]}, "shuixingjinian_alter_bj1": {"size": [2752.0, 2642.0], "pivot": [0.49067598581314087, 0.66650390625], "position": [-42.0, 427.0], "rawSize": [2048.0, 1966.0]}}