{"batuoluomeiao": {"size": [3764.0, 3980.0], "pivot": [0.49067598581314087, 0.66650390625], "position": [-82.11634063720703, -558.4651489257812], "rawSize": [1937.0, 2048.0], "view": [490.735107421875, 1125.0]}, "batuoluomeiao_rw": {"size": [1918.0, 2048.0], "pivot": [0.49067598581314087, 0.66650390625], "position": [35.900001525878906, -254.5], "rawSize": [1918.0, 2048.0]}}