{"jinseanying_tolove": {"size": [3088.0, 3012.0], "pivot": [0.49067598581314087, 0.66650390625], "position": [-165.99066162109375, 50.875244140625], "rawSize": [2048.0, 1998.0], "view": [594.4114990234375, 1362.676025390625]}, "jinseanying_tolove_rw": {"size": [2048.0, 1816.0], "pivot": [0.49067598581314087, 0.66650390625], "position": [-406.8999938964844, 66.4000015258789], "rawSize": [2048.0, 1816.0]}}