{"yingrui_2": {"size": [1868.0, 2048.0], "pivot": [0.4466809630393982, 0.53515625], "position": [-267.0, 52.0], "rawSize": [1868.0, 2048.0], "view": [360.5, 826.7000122070312]}}