{"xianghe_3": {"size": [2048.0, 1361.0], "pivot": [0.40087890625, 0.2891256511211395], "position": [-192.0, -293.0], "rawSize": [2048.0, 1361.0], "view": [483.3999938964844, 1108.300048828125]}}