{"feilikesishuerci": {"size": [4432.0, 4440.0], "pivot": [0.49067598581314087, 0.66650390625], "position": [-387.1063232421875, 288.34765625], "rawSize": [2044.0, 2048.0], "view": [496.5084533691406, 1138.2352294921875]}, "feilikesishuerci_bj2": {"size": [1652.0, 1454.0], "pivot": [0.49067598581314087, 0.66650390625], "position": [-970.0999755859375, -128.0], "rawSize": [1652.0, 1454.0]}, "feilikesishuerci_bj3": {"size": [1899.0, 1597.0], "pivot": [0.49067598581314087, 0.66650390625], "position": [629.9000244140625, -170.39999389648438], "rawSize": [1899.0, 1597.0]}, "feilikesishuerci_bj1": {"size": [2048.0, 959.0], "pivot": [0.49067598581314087, 0.66650390625], "position": [-110.9000015258789, 833.0], "rawSize": [2048.0, 959.0]}, "feilikesishuerci_rw": {"size": [640.0, 2048.0], "pivot": [0.49067598581314087, 0.66650390625], "position": [-177.8000030517578, 420.20001220703125], "rawSize": [640.0, 2048.0]}}