{"yunxian_2": {"size": [2318.0, 2584.0], "pivot": [0.49067598581314087, 0.66650390625], "position": [-245.5294647216797, 38.470497131347656], "rawSize": [1837.0, 2048.0], "view": [620.6355590820312, 1422.7940673828125]}, "yunxian_2_rw": {"size": [1444.0, 2048.0], "pivot": [0.49067598581314087, 0.66650390625], "position": [-351.0, 79.0], "rawSize": [1444.0, 2048.0]}}