{"alabama_2": {"size": [2048.0, 1984.0], "pivot": [0.49067598581314087, 0.66650390625], "position": [-191.31094360351562, 120.42933654785156], "rawSize": [2048.0, 1984.0], "view": [541.06689453125, 1240.3846435546875]}}