{"lieren": {"size": [647.0, 1024.0], "pivot": [0.44744977355003357, 0.695507824420929], "position": [-96.99992370605469, 80.0], "rawSize": [647.0, 1024.0], "view": [391.0, 780.0]}}