{"jiuyun_4": {"size": [6612.0, 4552.0], "pivot": [0.49067598581314087, 0.66650390625], "position": [-14.46037769317627, -568.9525756835938], "rawSize": [2048.0, 1410.0], "view": [669.8923950195312, 1535.71435546875]}, "jiuyun_4_rw": {"size": [1286.0, 2048.0], "pivot": [0.49067598581314087, 0.66650390625], "position": [-21.0, -524.0], "rawSize": [1286.0, 2048.0]}}