{"feiying_alter": {"size": [2048.0, 1954.0], "pivot": [0.49067598581314087, 0.66650390625], "position": [-63.01060485839844, 181.16172790527344], "rawSize": [2048.0, 1954.0], "view": [485.094482421875, 1112.0689697265625]}}