{"tikangdeluojia_3": {"size": [2048.0, 1836.0], "pivot": [0.4732530117034912, 0.6810547113418579], "position": [-203.20379638671875, 79.67042541503906], "rawSize": [2048.0, 1836.0], "view": [539.628173828125, 1240.384765625]}}