{"ougen_3": {"size": [1024.0, 914.0], "pivot": [0.4697265625, 0.5743982791900635], "position": [-48.99971008300781, 44.0], "rawSize": [1024.0, 914.0], "view": [369.0, 845.0]}}