{"hude_3": {"size": [1776.0, 2048.0], "pivot": [0.2567567527294159, 0.51171875], "position": [-158.99989318847656, -34.0], "raw": true, "rawSize": [1776.0, 2048.0], "view": [331.0, 1304.5999755859375]}}