{"lei_4": {"size": [1775.0, 2048.0], "pivot": [0.5132957696914673, 0.4775390625], "position": [-186.0, -165.0], "rawSize": [1775.0, 2048.0], "view": [550.2999877929688, 1261.800048828125]}}