{"huoli": {"size": [2048.0, 1966.0], "pivot": [0.49067598581314087, 0.66650390625], "position": [-472.2941589355469, 75.52937316894531], "rawSize": [2048.0, 1966.0], "view": [496.5084533691406, 1138.2352294921875]}}