{"hemuhao": {"size": [3756.0, 3846.0], "pivot": [0.49067598581314087, 0.66650390625], "position": [307.1094970703125, -123.61652374267578], "rawSize": [2000.0, 2048.0], "view": [578.1262817382812, 1325.3424072265625]}, "hemuhao_rw": {"size": [2048.0, 1670.0], "pivot": [0.49067598581314087, 0.66650390625], "position": [165.8000030517578, -0.5], "rawSize": [2048.0, 1670.0]}}