{"guanghui_7": {"size": [4922.0, 3020.0], "pivot": [0.49067598581314087, 0.66650390625], "position": [-428.1111755371094, -106.08094787597656], "rawSize": [2048.0, 1257.0], "view": [959.1640625, 2198.86376953125]}, "guanghui_7_rw": {"size": [2048.0, 2004.0], "pivot": [0.49067598581314087, 0.66650390625], "position": [123.0999984741211, 169.8000030517578], "rawSize": [2048.0, 2004.0]}}