{"aidang": {"size": [1024.0, 944.0], "pivot": [0.4990234375, 0.6554025411605835], "position": [-77.99998474121094, 81.0], "rawSize": [1024.0, 946.0], "view": [378.0, 775.0]}}