{"jishang_2": {"size": [3932.0, 2734.0], "pivot": [0.49067598581314087, 0.66650390625], "position": [-316.17816162109375, 32.885231018066406], "rawSize": [2048.0, 1424.0], "view": [611.640869140625, 1402.1739501953125]}, "jishang_2_rw": {"size": [1322.0, 2048.0], "pivot": [0.49067598581314087, 0.66650390625], "position": [72.0, 300.0], "rawSize": [1322.0, 2048.0]}}