{"kelong_g": {"size": [663.0, 1024.0], "pivot": [0.4894419312477112, 0.66552734375], "position": [-126.9996566772461, 91.0], "rawSize": [663.0, 1024.0], "view": [345.0, 792.0]}}