{"jiagu": {"size": [909.0, 1243.0], "pivot": [0.5011001229286194, 0.638374924659729], "position": [4.000509738922119, 171.0], "rawSize": [749.0, 1024.0], "view": [527.0, 914.0]}}