{"juejiang_2": {"size": [995.0, 1024.0], "pivot": [0.3753768801689148, 0.5380859375], "position": [-163.99957275390625, -24.0], "rawSize": [995.0, 1024.0], "view": [388.0, 888.0]}}