{"aheye_3": {"size": [1400.0, 1299.0], "pivot": [0.49785715341567993, 0.5554272532463074], "position": [-112.99999237060547, 51.0], "rawSize": [1400.0, 1299.0], "view": [473.5, 1085.800048828125]}}