{"shentong_alter": {"size": [2596.0, 2608.0], "pivot": [0.49067598581314087, 0.66650390625], "position": [-59.650657653808594, -18.12055015563965], "rawSize": [2039.0, 2048.0], "view": [508.4725341796875, 1165.6627197265625]}, "shentong_alter_front": {"size": [2596.0, 2608.0], "pivot": [0.49067598581314087, 0.66650390625], "position": [-24.204999923706055, 434.239990234375], "rawSize": [2039.0, 2048.0]}, "shentong_alter_rw": {"size": [1392.0, 2048.0], "pivot": [0.49067598581314087, 0.66650390625], "position": [39.0, 469.0], "rawSize": [1392.0, 2048.0]}}