{"dashan_2": {"size": [4766.0, 3042.0], "pivot": [0.49067598581314087, 0.66650390625], "position": [-294.0588684082031, 63.47035217285156], "raw": true, "rawSize": [2048.0, 1307.0], "view": [620.6355590820312, 1422.7940673828125]}, "dashan_2_rw": {"size": [1492.0, 2048.0], "pivot": [0.49067598581314087, 0.66650390625], "position": [4.0, 384.0], "rawSize": [1492.0, 2048.0]}}