{"z46_4": {"size": [1750.0, 2048.0], "pivot": [0.5222856998443604, 0.55224609375], "position": [-207.00010681152344, 78.0], "rawSize": [1750.0, 2048.0], "view": [530.9000244140625, 1217.4000244140625]}}