{"dunkeerke_3": {"size": [874.0, 1400.0], "pivot": [0.49658313393592834, 0.5973571538925171], "position": [-130.0001220703125, 76.0], "rawSize": [874.0, 1400.0], "view": [420.0, 961.0]}}