{"dunkeerke_3": {"size": [874.0, 1400.0], "pivot": [0.49658313393592834, 0.5973571538925171], "position": [-130.0001220703125, 76.0], "rawSize": [874.0, 1400.0], "view": [420.0, 961.0]}, "face": {"size": [397.0, 686.0], "pivot": [0.5, 0.5], "position": [1.2000000476837158, 187.0], "rawSize": [397.0, 686.0], "list": [0, 1, 10, 2, 3, 4, 5, 6, 7, 8, 9]}}