{"changmen_h": {"size": [1800.0, 1211.0], "pivot": [0.5144444704055786, 0.2886044681072235], "position": [-132.99981689453125, -158.0], "raw": true, "rawSize": [1800.0, 1211.0], "view": [514.0, 1018.0]}}