{"xia_2": {"size": [1400.0, 1165.0], "pivot": [0.49785715341567993, 0.5618025660514832], "position": [-192.99996948242188, 43.0], "rawSize": [1400.0, 1165.0], "view": [432.70001220703125, 992.2999877929688]}}