{"laisha_2": {"size": [2048.0, 1500.0], "pivot": [0.49067598581314087, 0.66650390625], "position": [-238.77191162109375, -3.053917169570923], "rawSize": [2048.0, 1500.0], "view": [458.7306823730469, 1051.63037109375]}}