{"linglai": {"size": [2710.0, 2620.0], "pivot": [0.49067598581314087, 0.66650390625], "position": [-114.94877624511719, 205.8461151123047], "raw": true, "rawSize": [2048.0, 1980.0], "view": [541.0669555664062, 1240.3846435546875]}, "linglai_rw": {"size": [2048.0, 1672.0], "pivot": [0.49067598581314087, 0.66650390625], "position": [41.900001525878906, 344.1000061035156], "rawSize": [2048.0, 1672.0]}}