{"huajia_g": {"size": [4066.0, 4448.0], "pivot": [0.49067598581314087, 0.66650390625], "position": [-275.4810485839844, -69.01273345947266], "rawSize": [1872.0, 2048.0], "view": [534.2179565429688, 1224.6834716796875]}, "huajia_g_rw": {"size": [2048.0, 1762.0], "pivot": [0.49067598581314087, 0.66650390625], "position": [118.69999694824219, -45.29999923706055], "rawSize": [2048.0, 1762.0]}}