{"bailong_2": {"size": [2048.0, 1576.0], "pivot": [0.49067598581314087, 0.66650390625], "position": [-142.7471923828125, 128.87112426757812], "raw": true, "rawSize": [2048.0, 1576.0], "view": [514.6734008789062, 1179.8780517578125]}}