{"lemaer_2": {"size": [1024.0, 994.0], "pivot": [0.6025390625, 0.5533199310302734], "position": [-67.0000991821289, 40.0], "rawSize": [1024.0, 994.0], "view": [345.0, 790.0]}}