{"nvtiangou_doa": {"size": [2048.0, 1856.0], "pivot": [0.49853515625, 0.4394935369491577], "position": [-173.99998474121094, -210.0], "rawSize": [2048.0, 1856.0], "view": [403.8999938964844, 926.2000122070312]}}