{"shengluyisi_3": {"size": [1178.0, 1400.0], "pivot": [0.4953310787677765, 0.5254999995231628], "position": [-21.99997901916504, -97.0], "raw": true, "rawSize": [1178.0, 1400.0], "view": [386.0, 886.0]}}