{"laibixi_g": {"size": [1024.0, 823.0], "pivot": [0.4769531190395355, 0.6360874772071838], "position": [-42.3997802734375, 84.0], "rawSize": [1024.0, 823.0], "view": [300.20001220703125, 687.9000244140625]}}