{"songfeng": {"size": [814.0, 1024.0], "pivot": [0.4262899160385132, 0.587890625], "position": [-79.99993896484375, 81.0], "rawSize": [814.0, 1024.0], "view": [328.0, 751.0]}}