{"chicheng_6": {"size": [2646.0, 2436.0], "pivot": [0.49067598581314087, 0.66650390625], "position": [-129.07554626464844, -99.32088470458984], "rawSize": [2048.0, 1885.0], "view": [796.2872314453125, 1825.4718017578125]}, "chicheng_6_rw": {"size": [1468.0, 2048.0], "pivot": [0.49067598581314087, 0.66650390625], "position": [-3.0, 147.0], "rawSize": [1468.0, 2048.0]}}