{"guogan": {"size": [2992.0, 2644.0], "pivot": [0.49067598581314087, 0.66650390625], "position": [-245.052001953125, 128.88302612304688], "rawSize": [2048.0, 1810.0], "view": [548.09375, 1256.4935302734375]}, "guogan_rw": {"size": [2048.0, 1776.0], "pivot": [0.49067598581314087, 0.66650390625], "position": [129.0, 123.0], "rawSize": [2048.0, 1776.0]}, "guogan_bj": {"size": [2992.0, 2644.0], "pivot": [0.49067598581314087, 0.66650390625], "position": [-27.5, 437.5], "rawSize": [2048.0, 1810.0]}}