{"jianwu": {"size": [5000.0, 3432.0], "pivot": [0.49067598581314087, 0.66650390625], "position": [-223.0274658203125, 639.3970947265625], "rawSize": [2048.0, 1406.0], "view": [578.1262817382812, 1325.3424072265625]}, "jianwu_rw": {"size": [1214.0, 2048.0], "pivot": [0.49067598581314087, 0.66650390625], "position": [20.5999755859375, 628.7999877929688], "rawSize": [1214.0, 2048.0]}}