{"pangpeimagenuo": {"size": [2632.0, 2942.0], "pivot": [0.49067598581314087, 0.66650390625], "position": [-354.8313903808594, -240.8916473388672], "rawSize": [1832.0, 2048.0], "view": [508.4725341796875, 1165.6627197265625]}, "pangpeimagenuo_rw": {"size": [2048.0, 1776.0], "pivot": [0.49067598581314087, 0.66650390625], "position": [-171.5, -214.0], "rawSize": [2048.0, 1776.0]}}