{"buli_super": {"size": [2048.0, 1822.0], "pivot": [0.46435546875, 0.4313940703868866], "position": [-319.0, -297.0], "rawSize": [2048.0, 1822.0], "view": [569.5999755859375, 1306.0999755859375]}}