{"changchun_2": {"size": [1024.0, 986.0], "pivot": [0.537109375, 0.496957391500473], "position": [-14.999711036682129, 64.0], "rawSize": [1280.0, 1233.0], "view": [355.0, 811.0]}}