{"shuixingjinian": {"size": [1400.0, 1267.0], "pivot": [0.5348571538925171, 0.5794001221656799], "position": [-49.99997329711914, 91.0], "rawSize": [1400.0, 1267.0], "view": [443.29998779296875, 1016.5]}}