{"malani_3": {"size": [1024.0, 945.0], "pivot": [0.5394531488418579, 0.6247619390487671], "position": [-11.999536514282227, 24.0], "rawSize": [1024.0, 945.0], "view": [415.0, 949.0]}}