{"u73_4": {"size": [1744.0, 2048.0], "pivot": [0.49067598581314087, 0.66650390625], "position": [-112.48786926269531, -283.9757080078125], "raw": true, "rawSize": [1744.0, 2048.0], "view": [514.6734008789062, 1179.8780517578125]}}