{"guanghui_6": {"size": [3850.0, 3760.0], "pivot": [0.4732530117034912, 0.6810547113418579], "position": [-184.66650390625, 138.33319091796875], "rawSize": [2048.0, 2000.0], "view": [668.1110229492188, 1535.71435546875]}, "guanghui_6_rw1": {"size": [3000.0, 1465.0], "pivot": [0.4732530117034912, 0.6810547113418579], "position": [-105.0, -478.0], "rawSize": [3000.0, 1465.0]}, "guanghui_6_rw0": {"size": [3000.0, 1465.0], "pivot": [0.4732530117034912, 0.6810547113418579], "position": [-104.99999237060547, 956.0], "rawSize": [3000.0, 1465.0]}}