{"qiye_younv": {"size": [1860.0, 2048.0], "pivot": [0.5962365865707397, 0.2841796875], "position": [-268.9999694824219, -173.0], "rawSize": [1860.0, 2048.0], "view": [331.0, 1398.800048828125]}}