{"aidingbao_3": {"size": [955.0, 1400.0], "pivot": [0.4968586266040802, 0.6485714316368103], "position": [-5.999966621398926, 131.0], "rawSize": [955.0, 1400.0], "view": [416.0, 953.7999877929688]}}