{"songfeng_g": {"size": [1024.0, 929.0], "pivot": [0.4033203125, 0.6054897904396057], "position": [-109.000244140625, 99.0], "rawSize": [1024.0, 929.0], "view": [288.0, 661.0]}}