{"naerxun": {"size": [1991.0, 2044.0], "pivot": [0.3211965560913086, 0.6056751608848572], "position": [-409.99945068359375, 195.0], "rawSize": [1991.0, 2044.0], "view": [655.0, 1346.0]}}