{"zhusaipei": {"size": [1778.0, 2048.0], "pivot": [0.49067598581314087, 0.66650390625], "position": [-215.99517822265625, 137.35824584960938], "rawSize": [1778.0, 2048.0], "view": [485.0944519042969, 1112.06884765625]}}