{"kelifulan_3": {"size": [556.0, 1024.0], "pivot": [0.30035972595214844, 0.6572265625], "position": [-102.00018310546875, 155.0], "rawSize": [556.0, 1024.0], "view": [315.0, 723.0]}}