{"gufeng_2": {"rawSize": [1024.0, 1024.0], "size": [1024.0, 1024.0], "pivot": [0.396484375, 0.5751953125], "scale": [1.1142520904541016, 1.1142520904541016], "position": [0.0, 0.0]}}