{"gufeng_2": {"size": [1024.0, 1024.0], "pivot": [0.396484375, 0.5751953125], "position": [-93.00025939941406, 73.0], "rawSize": [1024.0, 1024.0], "view": [349.0, 797.0]}}