{"beierfasite_8": {"size": [1918.0, 2048.0], "pivot": [0.5662147998809814, 0.61572265625], "position": [-448.9999694824219, 203.0], "rawSize": [1918.0, 2048.0], "view": [600.2999877929688, 1274.199951171875]}}