{"jianye": {"size": [1797.0, 2048.0], "pivot": [0.419254332780838, 0.584228515625], "position": [-379.9999084472656, 64.0], "rawSize": [1797.0, 2048.0], "view": [643.2000122070312, 1474.800048828125]}, "jianye_n": {"size": [3343.0, 2641.0], "pivot": [0.49067598581314087, 0.66650390625], "position": [36.099998474121094, 685.4000244140625], "rawSize": [2048.0, 1618.0]}}