{"haerbin": {"size": [3254.0, 2302.0], "pivot": [0.49067598581314087, 0.66650390625], "position": [-28.50543975830078, 162.322509765625], "rawSize": [2048.0, 1449.0], "view": [453.7980651855469, 1040.3226318359375]}, "haerbin_rw": {"size": [2048.0, 1526.0], "pivot": [0.49067598581314087, 0.66650390625], "position": [110.9000015258789, 187.60000610351562], "rawSize": [2048.0, 1526.0]}}