{"haerbin": {"size": [4240.0, 3120.0], "pivot": [0.49067598581314087, 0.66650390625], "position": [-51.44661331176758, 195.5576629638672], "rawSize": [2048.0, 1507.0], "view": [620.6355590820312, 1422.7940673828125]}, "haerbin_rw": {"size": [1716.0, 2048.0], "pivot": [0.49067598581314087, 0.66650390625], "position": [688.7999877929688, 245.0], "rawSize": [1716.0, 2048.0]}, "haerbin_rw2": {"size": [1376.0, 1538.0], "pivot": [0.49067598581314087, 0.66650390625], "position": [-793.0999755859375, 83.0999984741211], "rawSize": [1376.0, 1538.0]}}