{"tikangdeluojia_2": {"size": [2048.0, 1748.0], "pivot": [0.56640625, 0.4736842215061188], "position": [-228.0, -36.0], "rawSize": [2048.0, 1748.0], "view": [331.0, 1148.9000244140625]}}