{"fusang_3": {"size": [847.0, 1024.0], "pivot": [0.5731995105743408, 0.603515625], "position": [-15.999656677246094, 4.0], "rawSize": [847.0, 1024.0], "view": [418.0, 959.0]}}