{"lingbo_6": {"size": [776.0, 1024.0], "pivot": [0.48543816804885864, 0.666015625], "position": [-55.99983596801758, 106.0], "rawSize": [776.0, 1024.0], "view": [355.0, 815.0]}}