{"erdaimu_2": {"size": [3210.0, 3940.0], "pivot": [0.49067598581314087, 0.66650390625], "position": [-481.90576171875, 632.7545776367188], "rawSize": [1669.0, 2048.0], "view": [796.2872314453125, 1825.4718017578125]}, "erdaimu_2_rw": {"size": [748.0, 2048.0], "pivot": [0.49067598581314087, 0.66650390625], "position": [-212.0, 747.0], "rawSize": [748.0, 2048.0]}}