{"aimudeng_3": {"size": [2048.0, 1476.0], "pivot": [0.49067598581314087, 0.66650390625], "position": [-293.7480163574219, -188.00006103515625], "rawSize": [2048.0, 1476.0], "view": [343.1156005859375, 786.5853271484375]}}