{"ruoyue": {"size": [1896.0, 2048.0], "pivot": [0.49067598581314087, 0.66650390625], "position": [-459.4360046386719, -166.7180938720703], "rawSize": [1896.0, 2048.0], "view": [541.0669555664062, 1240.3846435546875]}}