{"lumang_4": {"size": [2048.0, 1946.0], "pivot": [0.49067598581314087, 0.66650390625], "position": [-80.87103271484375, 115.22574615478516], "rawSize": [2048.0, 1946.0], "view": [453.7980651855469, 1040.3226318359375]}}