{"duwei": {"size": [678.0, 1024.0], "pivot": [0.6025073528289795, 0.689453125], "position": [-10.000043869018555, 109.0], "rawSize": [678.0, 1024.0], "view": [383.0, 880.0]}}