{"pinghai_5": {"size": [1092.0, 1400.0], "pivot": [0.5567765831947327, 0.5514285564422607], "position": [-158.00001525878906, 25.0], "rawSize": [1092.0, 1400.0], "view": [464.8999938964844, 1066.0]}}