{"yanzhan_g": {"size": [1600.0, 1357.0], "pivot": [0.4971874952316284, 0.5981577038764954], "position": [-63.00006103515625, -4.0], "rawSize": [1600.0, 1357.0], "view": [339.0, 777.0]}}