{"qiye_2": {"size": [1205.0, 1280.0], "pivot": [0.4045643210411072, 0.6226562261581421], "position": [-133.0004119873047, 182.0], "rawSize": [1221.0, 1280.0], "view": [433.0, 728.0]}}