{"jingjishen_g": {"size": [1400.0, 1277.0], "pivot": [0.741428554058075, 0.6331245303153992], "position": [-21.999662399291992, 100.0], "rawSize": [1400.0, 1277.0], "view": [472.0, 1082.0]}}