{"pinghai_7": {"size": [1276.0, 1400.0], "pivot": [0.4318181872367859, 0.5514285564422607], "position": [-347.0000915527344, 49.0], "rawSize": [1276.0, 1400.0], "view": [474.3999938964844, 1087.800048828125]}}