{"i25_3": {"size": [2048.0, 2002.0], "pivot": [0.49853515625, 0.5359640121459961], "position": [-32.999996185302734, -79.0], "rawSize": [2048.0, 2002.0], "view": [510.8999938964844, 1171.4000244140625]}}