{"wudi_2": {"size": [964.0, 1024.0], "pivot": [0.4968879520893097, 0.5703125], "position": [-74.99986267089844, 35.0], "rawSize": [964.0, 1024.0], "view": [422.0, 969.0]}}