{"sanwei": {"size": [754.0, 1024.0], "pivot": [0.3594164550304413, 0.640625], "position": [-95.00031280517578, 134.0], "rawSize": [754.0, 1024.0], "view": [319.0, 733.0]}}