{"lafei_8": {"size": [1335.0, 1400.0], "pivot": [0.4977528154850006, 0.5514285564422607], "position": [-137.00003051757812, 6.0], "raw": true, "rawSize": [1335.0, 1400.0], "view": [559.4000244140625, 1282.5999755859375]}}