{"vtuber_aqua": {"size": [1400.0, 1291.0], "pivot": [0.5114285945892334, 0.7207590937614441], "position": [-113.99994659423828, 201.99998474121094], "rawSize": [1400.0, 1291.0], "view": [442.3999938964844, 1014.4000244140625]}}