{"aijier_4": {"size": [3978.0, 2790.0], "pivot": [0.49067598581314087, 0.66650390625], "position": [-571.697021484375, 85.33324432373047], "raw": true, "rawSize": [2048.0, 1436.0], "view": [639.4426879882812, 1465.9090576171875]}, "aijier_4_rw": {"size": [2048.0, 1840.0], "pivot": [0.49067598581314087, 0.66650390625], "position": [-336.0, 259.5], "rawSize": [2048.0, 1840.0]}}