{"yichui_3": {"size": [1200.0, 976.0], "pivot": [0.4975000023841858, 0.5737704634666443], "position": [-165.0, 142.5], "rawSize": [1200.0, 976.0], "view": [322.5899963378906, 739.7100219726562]}}