{"weiyan_6": {"size": [3244.0, 3045.0], "pivot": [0.49067598581314087, 0.66650390625], "position": [222.583251953125, 401.1666259765625], "rawSize": [2048.0, 1922.0], "view": [879.2337646484375, 2015.625]}, "weiyan_6_rw": {"size": [1400.0, 2048.0], "pivot": [0.49067598581314087, 0.66650390625], "position": [276.1000061035156, 636.0], "rawSize": [1400.0, 2048.0]}}