{"xiusidunii_2": {"size": [2048.0, 1714.0], "pivot": [0.49067598581314087, 0.66650390625], "position": [-197.8259735107422, -154.4734344482422], "raw": true, "rawSize": [2048.0, 1714.0], "view": [659.42529296875, 1511.7186279296875]}}