{"xiongmeng_2": {"size": [2048.0, 2046.0], "pivot": [0.49067598581314087, 0.66650390625], "position": [-64.53318786621094, -0.9097518920898438], "rawSize": [2048.0, 2046.0], "view": [527.5402221679688, 1209.3748779296875]}}