{"feiteliedadi_3": {"size": [3274.0, 2364.0], "pivot": [0.49067598581314087, 0.66650390625], "position": [-290.108154296875, 55.51334762573242], "rawSize": [2048.0, 1479.0], "view": [570.3137817382812, 1307.432373046875]}, "feiteliedadi_3_rw": {"size": [2048.0, 1156.0], "pivot": [0.49067598581314087, 0.66650390625], "position": [179.10000610351562, 173.0], "rawSize": [2048.0, 1156.0]}}