{"meiyinci_2": {"size": [2048.0, 1710.0], "pivot": [0.49067598581314087, 0.66650390625], "position": [-296.5588684082031, -144.91184997558594], "rawSize": [2048.0, 1710.0], "view": [620.6355590820312, 1422.7940673828125]}}