{"nananpudun_h": {"size": [2048.0, 1984.0], "pivot": [0.49067598581314087, 0.66650390625], "position": [-46.0291862487793, -78.99000549316406], "rawSize": [2048.0, 1984.0], "view": [413.7570495605469, 948.5294189453125]}}