{"yingwuluo": {"size": [2020.0, 2048.0], "pivot": [0.49067598581314087, 0.66650390625], "position": [-358.8421630859375, 183.05258178710938], "rawSize": [2020.0, 2048.0], "view": [555.3055419921875, 1273.0263671875]}}