{"vtuber_shion": {"size": [1400.0, 1370.0], "pivot": [0.48642855882644653, 0.4927007257938385], "position": [-159.0, -18.0], "rawSize": [1400.0, 1370.0], "view": [438.5, 1005.5]}}