{"xia_3": {"size": [2048.0, 1530.0], "pivot": [0.6258138418197632, 0.5464052557945251], "position": [45.49993896484375, -28.000030517578125], "rawSize": [2048.0, 1530.0], "view": [527.5402221679688, 1209.375]}}