{"buqu": {"size": [2048.0, 1566.0], "pivot": [0.49067598581314087, 0.66650390625], "position": [-162.3297882080078, -170.56678771972656], "rawSize": [2048.0, 1566.0], "view": [363.8208312988281, 834.0517578125]}}