{"dulianglai_2": {"size": [5828.0, 4052.0], "pivot": [0.49067598581314087, 0.66650390625], "position": [54.3491325378418, -60.30178451538086], "rawSize": [2048.0, 1424.0], "view": [703.386962890625, 1612.5]}, "dulianglai_2_rw": {"size": [1756.0, 2048.0], "pivot": [0.49067598581314087, 0.66650390625], "position": [22.5, 406.6000061035156], "rawSize": [1756.0, 2048.0]}}