{"hdn102_2": {"size": [1024.0, 1024.0], "pivot": [0.34619140625, 0.7461913824081421], "position": [-250.0002899169922, 121.0], "rawSize": [1024.0, 1024.0], "view": [356.0, 813.0]}}