{"kaiersheng_3": {"size": [5708.0, 3866.0], "pivot": [0.49067598581314087, 0.66650390625], "position": [-291.82763671875, 387.8620300292969], "rawSize": [2048.0, 1387.0], "view": [727.6417236328125, 1668.103515625]}, "kaiersheng_3_rw": {"size": [2048.0, 1946.0], "pivot": [0.49067598581314087, 0.66650390625], "position": [108.0999984741211, 671.9000244140625], "rawSize": [2048.0, 1946.0]}}