{"boyixi": {"size": [2048.0, 1822.0], "pivot": [0.52001953125, 0.6174533367156982], "position": [-259.0000305175781, 166.0], "rawSize": [2048.0, 1822.0], "view": [331.0, 761.2999877929688]}}