{"lundun_3": {"size": [3946.0, 3176.0], "pivot": [0.49067598581314087, 0.66650390625], "position": [-572.0000610351562, -314.8925476074219], "raw": true, "rawSize": [2048.0, 1648.0], "view": [1055.0804443359375, 2418.75]}, "lundun_3_rw": {"size": [1618.0, 2048.0], "pivot": [0.49067598581314087, 0.66650390625], "position": [-263.3999938964844, 152.0], "rawSize": [1618.0, 2048.0]}}