{"youming": {"size": [869.0, 1024.0], "pivot": [0.32738780975341797, 0.5771484375], "position": [-163.00021362304688, 99.0], "rawSize": [869.0, 1024.0], "view": [389.0, 774.0]}}