{"dipulaikesi": {"size": [4246.0, 2314.0], "pivot": [0.49067598581314087, 0.66650390625], "position": [-684.599609375, 240.9080810546875], "rawSize": [2048.0, 1116.0], "view": [649.2803344726562, 1488.4615478515625]}, "dipulaikesi_rw": {"size": [1770.0, 2048.0], "pivot": [0.49067598581314087, 0.66650390625], "position": [-111.30000305175781, 213.39999389648438], "rawSize": [1770.0, 2048.0]}}