{"zubing_2": {"size": [1024.0, 1012.0], "pivot": [0.46484375, 0.6413043737411499], "position": [-106.00039672851562, 12.0], "rawSize": [1024.0, 1012.0], "view": [379.0, 868.0]}}