{"zhenhai_g": {"size": [3062.0, 4360.0], "pivot": [0.49067598581314087, 0.66650390625], "position": [-301.7059326171875, 50.82349395751953], "rawSize": [1438.0, 2048.0], "view": [496.5084533691406, 1138.2352294921875]}, "zhenhai_g_rw": {"size": [2048.0, 1896.0], "pivot": [0.49067598581314087, 0.66650390625], "position": [-110.0, 20.899999618530273], "rawSize": [2048.0, 1896.0]}}