{"ankeleiqi_younv": {"size": [3268.0, 2410.0], "pivot": [0.49067598581314087, 0.66650390625], "position": [-243.51168823242188, -99.62798309326172], "rawSize": [2048.0, 1510.0], "view": [490.735107421875, 1125.0]}, "ankeleiqi_younv_bj": {"size": [3268.0, 2410.0], "pivot": [0.49067598581314087, 0.66650390625], "position": [-30.47100067138672, 401.2699890136719], "rawSize": [2048.0, 1510.0]}, "ankeleiqi_younv_rw": {"size": [2048.0, 1664.0], "pivot": [0.49067598581314087, 0.66650390625], "position": [-55.400001525878906, 245.6999969482422], "rawSize": [2048.0, 1664.0]}}