{"xufulun": {"size": [3650.0, 3630.0], "pivot": [0.49067598581314087, 0.66650390625], "position": [-140.10350036621094, 234.41371154785156], "rawSize": [2048.0, 2037.0], "view": [727.6417236328125, 1668.103515625]}, "xufulun_front": {"size": [3650.0, 3630.0], "pivot": [0.49067598581314087, 0.66650390625], "position": [-34.03300094604492, 604.4099731445312], "rawSize": [2048.0, 2037.0]}, "xufulun_rw": {"size": [2048.0, 3030.0], "pivot": [0.49067598581314087, 0.66650390625], "position": [257.3999938964844, 388.0], "rawSize": [2048.0, 3030.0]}}