{"pulinsidun_2": {"size": [2048.0, 1910.0], "pivot": [0.49853515625, 0.537696361541748], "position": [-287.00006103515625, 229.0], "rawSize": [2048.0, 1910.0], "view": [668.0, 1532.0]}}