{"xipeierhaijunshangjiang_alter": {"size": [2824.0, 2818.0], "pivot": [0.49067598581314087, 0.66650390625], "position": [-298.0680236816406, -22.660247802734375], "rawSize": [2048.0, 2044.0], "view": [409.7400207519531, 939.3204345703125]}, "xipeierhaijunshangjiang_alter_rw": {"size": [2048.0, 1629.0], "pivot": [0.49067598581314087, 0.66650390625], "position": [83.5999984741211, -95.4000015258789], "rawSize": [2048.0, 1629.0]}}