{"wushiling_3": {"size": [1400.0, 1376.0], "pivot": [0.49785715341567993, 0.625], "position": [-142.99993896484375, 172.0], "rawSize": [1400.0, 1376.0], "view": [438.70001220703125, 1005.9000244140625]}}