{"nake": {"size": [1024.0, 790.0], "pivot": [0.5185546875, 0.5582278370857239], "position": [-37.99969482421875, -25.0], "rawSize": [1024.0, 790.0], "view": [325.0, 744.0]}}