{"dafenqi": {"size": [2042.0, 2048.0], "pivot": [0.49067598581314087, 0.66650390625], "position": [-303.024169921875, 355.37347412109375], "rawSize": [2042.0, 2048.0], "view": [508.4725341796875, 1165.6627197265625]}}