{"33": {"size": [830.0, 1024.0], "pivot": [0.4732530117034912, 0.6810547113418579], "position": [-117.99984741210938, 105.0], "rawSize": [830.0, 1024.0], "view": [355.0, 816.0]}}