{"i56": {"size": [902.0, 1024.0], "pivot": [0.5958980321884155, 0.5703125], "position": [-20.000385284423828, 65.0], "rawSize": [902.0, 1024.0], "view": [376.0, 860.0]}}