{"diliyasite_4": {"size": [4132.0, 3678.0], "pivot": [0.49067598581314087, 0.66650390625], "position": [91.69561004638672, -114.956787109375], "raw": true, "rawSize": [2048.0, 1823.0], "view": [917.4613037109375, 2103.2607421875]}, "diliyasite_4_rw": {"size": [1990.0, 2048.0], "pivot": [0.49067598581314087, 0.66650390625], "position": [267.5, 173.0], "rawSize": [1990.0, 2048.0]}}