{"fulaiche": {"size": [976.0, 1184.0], "pivot": [0.4579918086528778, 0.4856418967247009], "position": [-177.00009155273438, 79.0], "rawSize": [835.0, 1022.0], "view": [585.0, 1125.0]}}