{"sikula_2": {"size": [4468.0, 3530.0], "pivot": [0.49067598581314087, 0.66650390625], "position": [-668.7391967773438, -109.73919677734375], "raw": true, "rawSize": [2048.0, 1618.0], "view": [917.4613037109375, 2103.2607421875]}, "sikula_2_rw": {"size": [1494.0, 2048.0], "pivot": [0.49067598581314087, 0.66650390625], "position": [-433.0, 133.6999969482422], "rawSize": [1494.0, 2048.0]}}