{"boerzhanuo": {"size": [2048.0, 1642.0], "pivot": [0.49067598581314087, 0.66650390625], "position": [-307.86962890625, 196.782470703125], "rawSize": [2048.0, 1642.0], "view": [458.73065185546875, 1051.63037109375]}}