{"shengli_2": {"size": [875.0, 1024.0], "pivot": [0.5569142699241638, 0.7152343988418579], "position": [-0.9998841285705566, 111.0], "rawSize": [875.0, 1024.0], "view": [344.0, 789.0]}}