{"haifeng_3": {"size": [3018.0, 3279.0], "pivot": [0.49067598581314087, 0.66650390625], "position": [-421.1380615234375, 177.51715087890625], "rawSize": [1885.0, 2048.0], "view": [727.6417236328125, 1668.103515625]}, "haifeng_3_rw": {"size": [1700.0, 2048.0], "pivot": [0.49067598581314087, 0.66650390625], "position": [-157.39999389648438, 453.6000061035156], "rawSize": [1700.0, 2048.0]}}