{"haifeng_3": {"size": [4796.0, 2950.0], "pivot": [0.49067598581314087, 0.66650390625], "position": [-287.16400146484375, 148.0654754638672], "raw": true, "rawSize": [2048.0, 1260.0], "view": [691.8560180664062, 1586.0655517578125]}, "haifeng_3_rw": {"size": [1694.0, 2048.0], "pivot": [0.49067598581314087, 0.66650390625], "position": [9.239999771118164, 394.70001220703125], "rawSize": [1694.0, 2048.0]}}