{"xiang_2": {"size": [1780.0, 2048.0], "pivot": [0.49831461906433105, 0.53515625], "position": [-172.00001525878906, 43.0], "rawSize": [1780.0, 2048.0], "view": [426.6000061035156, 978.0999755859375]}}