{"chunyue_2": {"size": [2998.0, 2588.0], "pivot": [0.572048008441925, 0.45208656787872314], "position": [-185.0, -63.0], "rawSize": [2048.0, 1768.0], "view": [325.79998779296875, 876.7000122070312]}, "chunyue_2_front": {"size": [2048.0, 1432.0], "pivot": [0.49067598581314087, 0.66650390625], "position": [105.19999694824219, -17.200000762939453], "rawSize": [2048.0, 1432.0]}}