{"birui_younv": {"size": [1024.0, 1009.0], "pivot": [0.5269531011581421, 0.45530226826667786], "position": [-26.99984359741211, -124.0], "rawSize": [1024.0, 1009.0], "view": [348.0, 799.0]}}