{"beier_2": {"size": [5772.0, 3450.0], "pivot": [0.49067598581314087, 0.66650390625], "position": [-117.68971252441406, -1.7931594848632812], "rawSize": [2048.0, 1224.0], "view": [727.6417236328125, 1668.103515625]}, "beier_2_rw": {"size": [1396.0, 2048.0], "pivot": [0.49067598581314087, 0.66650390625], "position": [328.0, 262.0], "rawSize": [1396.0, 2048.0]}}