{"ajilisi": {"size": [784.0, 1297.0], "pivot": [0.3533163368701935, 0.6025443077087402], "position": [-196.99990844726562, 134.0], "rawSize": [619.0, 1024.0], "view": [564.0, 1018.0]}}