{"ninghai_3": {"size": [1024.0, 1010.0], "pivot": [0.388671875, 0.5198019742965698], "position": [-102.00007629394531, -18.0], "rawSize": [1024.0, 1010.0], "view": [523.0, 853.0]}}