{"baerdimo_6": {"size": [2048.0, 1808.0], "pivot": [0.49067598581314087, 0.66650390625], "position": [-161.7727813720703, 126.77265930175781], "raw": true, "rawSize": [2048.0, 1808.0], "view": [479.58203125, 1099.431884765625]}}