{"yilishabai_6": {"size": [2048.0, 1896.0], "pivot": [0.49067598581314087, 0.66650390625], "position": [-95.86892700195312, -307.7911071777344], "rawSize": [2048.0, 1896.0], "view": [485.0944519042969, 1112.0689697265625]}}