{"z2_2": {"size": [2048.0, 1912.0], "pivot": [0.49853515625, 0.5376569032669067], "position": [-208.99998474121094, 34.0], "rawSize": [2048.0, 1912.0], "view": [464.5, 1065.0999755859375]}}