{"bailong_5": {"size": [5436.0, 3032.0], "pivot": [0.49067598581314087, 0.66650390625], "position": [-387.9091491699219, -106.18195343017578], "raw": true, "rawSize": [2048.0, 1142.0], "view": [959.1640625, 2198.86376953125]}, "bailong_5_rw": {"size": [1212.0, 2048.0], "pivot": [0.49067598581314087, 0.66650390625], "position": [-286.0, 272.79998779296875], "rawSize": [1212.0, 2048.0]}}