{"jinboli_3": {"size": [1024.0, 971.0], "pivot": [0.5376952886581421, 0.6461380124092102], "position": [-24.000473022460938, 53.0], "rawSize": [1024.0, 971.0], "view": [417.0, 954.0]}}