{"dafeng_h": {"size": [2328.0, 2972.0], "pivot": [0.49067598581314087, 0.66650390625], "position": [-140.5897979736328, 454.3075256347656], "rawSize": [1604.0, 2048.0], "view": [541.0669555664062, 1240.3846435546875]}, "dafeng_h_rw": {"size": [1676.0, 2048.0], "pivot": [0.49067598581314087, 0.66650390625], "position": [33.0, 330.0], "rawSize": [1676.0, 2048.0]}}