{"muyue": {"size": [710.0, 1024.0], "pivot": [0.29154929518699646, 0.548828125], "position": [-156.00045776367188, 22.0], "rawSize": [710.0, 1024.0], "view": [449.0, 892.0]}}