{"weineituo_2": {"size": [2048.0, 1886.0], "pivot": [0.369140625, 0.39925768971443176], "position": [-384.0, -270.0], "rawSize": [2048.0, 1886.0], "view": [396.20001220703125, 1402.5]}}