{"weineituo_2": {"size": [3156.0, 1974.0], "pivot": [0.49067598581314087, 0.66650390625], "position": [-371.6335144042969, 3.9352874755859375], "raw": true, "rawSize": [2048.0, 1282.0], "view": [639.4426879882812, 1465.9090576171875]}, "weineituo_2_rw": {"size": [2048.0, 1616.0], "pivot": [0.49067598581314087, 0.66650390625], "position": [-39.29999923706055, 342.3999938964844], "rawSize": [2048.0, 1616.0]}}