{"xinanfeng_2": {"size": [2048.0, 1838.0], "pivot": [0.509765625, 0.538084864616394], "position": [-228.0, 24.0], "rawSize": [2048.0, 1838.0], "view": [331.0, 1087.300048828125]}}