{"changfeng_3": {"size": [4426.0, 2698.0], "pivot": [0.49067598581314087, 0.66650390625], "position": [-291.00006103515625, -70.00018310546875], "raw": true, "rawSize": [2048.0, 1248.0], "view": [844.0643920898438, 1935.0]}, "changfeng_3_bj": {"size": [4426.0, 2698.0], "pivot": [0.49067598581314087, 0.66650390625], "position": [-41.268001556396484, 455.8999938964844], "rawSize": [2048.0, 1248.0]}, "changfeng_3_rw": {"size": [2048.0, 1546.0], "pivot": [0.49067598581314087, 0.66650390625], "position": [237.0, 283.3999938964844], "rawSize": [2048.0, 1546.0]}}