{"tiannaxi": {"size": [1306.0, 1366.0], "pivot": [0.4663093388080597, 0.5900439023971558], "position": [-118.99958038330078, 100.0], "rawSize": [979.0, 1024.0], "view": [425.0, 851.0]}}