{"chuixue_7": {"size": [6278.0, 3844.0], "pivot": [0.49067598581314087, 0.66650390625], "position": [-462.78955078125, -59.052879333496094], "raw": true, "rawSize": [2048.0, 1254.0], "view": [1110.611083984375, 2546.052734375]}, "chuixue_7_rw": {"size": [1850.0, 2048.0], "pivot": [0.49067598581314087, 0.66650390625], "position": [-113.0, 640.0], "rawSize": [1850.0, 2048.0]}}