{"kente": {"size": [842.0, 1024.0], "pivot": [0.6401425004005432, 0.4990234375], "position": [63.99977493286133, 2.0], "rawSize": [842.0, 1024.0], "view": [357.0, 725.0]}}