{"beianpudunii_3": {"size": [4548.0, 3728.0], "pivot": [0.49067598581314087, 0.66650390625], "position": [-297.00006103515625, 42.188560485839844], "rawSize": [2048.0, 1679.0], "view": [796.2872314453125, 1825.4718017578125]}, "beianpudunii_3_front": {"size": [4548.0, 3728.0], "pivot": [0.49067598581314087, 0.66650390625], "position": [-30.0, 605.0], "rawSize": [2048.0, 1679.0]}, "beianpudunii_3_rw": {"size": [1628.0, 2048.0], "pivot": [0.49067598581314087, 0.66650390625], "position": [-245.0, 165.0], "rawSize": [1628.0, 2048.0]}}