{"afuleer_3": {"size": [3160.0, 3146.0], "pivot": [0.49067598581314087, 0.66650390625], "position": [-747.0000610351562, 223.76451110839844], "rawSize": [2048.0, 2039.0], "view": [620.6355590820312, 1422.7940673828125]}, "afuleer_3_rw": {"size": [2022.0, 2048.0], "pivot": [0.49067598581314087, 0.66650390625], "position": [-181.39999389648438, 523.0], "rawSize": [2022.0, 2048.0]}}