{"salatuojia_7": {"size": [2048.0, 1914.0], "pivot": [0.49853515625, 0.537617564201355], "position": [-97.0000228881836, 38.0], "rawSize": [2048.0, 1914.0], "view": [725.2000122070312, 1662.9000244140625]}}