{"anshan_2": {"size": [1024.0, 969.0], "pivot": [0.6279296875, 0.4948400557041168], "position": [36.999900817871094, -60.0], "rawSize": [1024.0, 969.0], "view": [374.0, 858.0]}}