{"kaixuan": {"size": [1024.0, 928.0], "pivot": [0.681640625, 0.5818965435028076], "position": [73.9997329711914, 93.0], "rawSize": [1024.0, 928.0], "view": [291.0, 669.0]}}