{"kelifulan_5": {"size": [1400.0, 1223.0], "pivot": [0.49785715341567993, 0.5588716268539429], "position": [114.0, 140.0], "rawSize": [1400.0, 1223.0], "view": [426.5, 978.0999755859375]}}