{"nvjiang_2": {"size": [922.0, 1024.0], "pivot": [0.41431671380996704, 0.6416015625], "position": [-105.00027465820312, 120.0], "rawSize": [922.0, 1024.0], "view": [339.0, 776.0]}}