{"fusang_g": {"size": [815.0, 1024.0], "pivot": [0.5638036727905273, 0.5146484375], "position": [15.000065803527832, 40.0], "rawSize": [815.0, 1024.0], "view": [289.0, 663.0]}}