{"ruihe_2": {"size": [1400.0, 1206.0], "pivot": [0.49000000953674316, 0.6268534064292908], "position": [-29.000019073486328, 145.0], "rawSize": [1400.0, 1206.0], "view": [375.1000061035156, 860.2000122070312]}}