{"pinghai": {"size": [981.0, 1024.0], "pivot": [0.41437309980392456, 0.6083984375], "position": [-122.00018310546875, 91.0], "rawSize": [981.0, 985.0], "view": [505.0, 825.0]}}