{"nengdai_7": {"size": [1866.0, 2048.0], "pivot": [0.49067598581314087, 0.66650390625], "position": [-157.56080627441406, -48.00001525878906], "rawSize": [1866.0, 2048.0], "view": [394.422607421875, 904.20556640625]}}