{"laibixi_2": {"size": [2048.0, 1804.0], "pivot": [0.49067598581314087, 0.66650390625], "position": [-188.66671752929688, 117.55551147460938], "rawSize": [2048.0, 1804.0], "view": [586.1558227539062, 1343.75]}}