{"xuefeng_2": {"size": [919.0, 1024.0], "pivot": [0.4662676751613617, 0.4501953125], "position": [-38.99999237060547, -24.0], "rawSize": [919.0, 1024.0], "view": [455.0, 815.0]}}