{"yixian_2": {"size": [3584.0, 3238.0], "pivot": [0.49067598581314087, 0.66650390625], "position": [-71.54551696777344, -417.0909423828125], "rawSize": [2048.0, 1850.0], "view": [767.3312377929688, 1759.0908203125]}, "yixian_2_rw": {"size": [1689.0, 2048.0], "pivot": [0.49067598581314087, 0.66650390625], "position": [-68.0, -43.0], "rawSize": [1689.0, 2048.0]}}