{"qianzao": {"size": [2048.0, 1684.0], "pivot": [0.39270681142807007, 0.5661964416503906], "position": [-286.7427062988281, 110.18360137939453], "rawSize": [2048.0, 1684.0], "view": [496.5084533691406, 1138.2352294921875]}}