{"ajilisi_g": {"size": [841.0, 1024.0], "pivot": [0.4536266326904297, 0.607421875], "position": [-33.000099182128906, 90.0], "rawSize": [841.0, 1024.0], "view": [357.0, 819.0]}}