{"shengluyisi_5": {"size": [2048.0, 1684.0], "pivot": [0.49067598581314087, 0.66650390625], "position": [-104.65438079833984, -106.28502655029297], "rawSize": [2048.0, 1684.0], "view": [570.3137817382812, 1307.432373046875]}}