{"zhuifeng": {"size": [2048.0, 1690.0], "pivot": [0.5068359375, 0.46449702978134155], "position": [-259.0, -35.0], "rawSize": [2048.0, 1690.0], "view": [569.7000122070312, 1063.300048828125]}}