{"sitelasibao": {"size": [4614.0, 2594.0], "pivot": [0.49067598581314087, 0.66650390625], "position": [-102.82530212402344, 74.88871765136719], "rawSize": [2048.0, 1151.0], "view": [430.64508056640625, 987.244873046875]}, "sitelasibao_rw": {"size": [2048.0, 1820.0], "pivot": [0.49067598581314087, 0.66650390625], "position": [-102.0, -78.0], "rawSize": [2048.0, 1820.0]}}