{"jianye_4": {"size": [2048.0, 1418.0], "pivot": [0.49067598581314087, 0.66650390625], "position": [-212.87307739257812, -35.61909484863281], "rawSize": [2048.0, 1418.0], "view": [669.8923950195312, 1535.71435546875]}}