{"chushuang_2": {"size": [1734.0, 2048.0], "pivot": [0.4982698857784271, 0.4072265625], "position": [-247.99998474121094, -271.0], "rawSize": [1734.0, 2048.0], "view": [670.5, 1537.4000244140625]}}