{"z46_5": {"size": [1740.0, 2048.0], "pivot": [0.49827587604522705, 0.431640625], "position": [-271.9999084472656, -338.0], "rawSize": [1740.0, 2048.0], "view": [721.4000244140625, 1654.300048828125]}}