{"abeikelongbi_4": {"size": [1752.0, 2048.0], "pivot": [0.49067598581314087, 0.66650390625], "position": [-110.88894653320312, 214.77769470214844], "rawSize": [1752.0, 2048.0], "view": [390.7705383300781, 895.8333129882812]}}