{"dujiaoshou": {"size": [831.0, 1024.0], "pivot": [0.39290010929107666, 0.4638671875], "position": [-181.99998474121094, 4.0], "rawSize": [831.0, 1024.0], "view": [481.0, 989.0]}}