{"hemin": {"size": [2048.0, 1630.0], "pivot": [0.48046875, 0.6159509420394897], "position": [-267.0000915527344, 122.0], "rawSize": [2048.0, 1630.0], "view": [539.5999755859375, 1237.199951171875]}}