{"juanbo_2": {"size": [1245.0, 1400.0], "pivot": [0.4975903630256653, 0.5514285564422607], "position": [-173.00001525878906, -138.0], "rawSize": [1245.0, 1400.0], "view": [464.79998779296875, 1065.800048828125]}}