{"jiahe_5": {"size": [3451.0, 4088.0], "pivot": [0.5906983613967896, 0.4757827818393707], "position": [179.99998474121094, -320.0], "rawSize": [1729.0, 2048.0], "view": [668.5999755859375, 1533.0999755859375]}, "jiahe_5_fornt": {"size": [3451.0, 4088.0], "pivot": [0.49067598581314087, 0.66650390625], "position": [-32.176998138427734, 680.6699829101562], "rawSize": [1729.0, 2048.0]}, "jiahe_5_middle": {"size": [2048.0, 1952.0], "pivot": [0.49067598581314087, 0.66650390625], "position": [188.0, -97.0], "rawSize": [2048.0, 1952.0]}}