{"jiqi": {"size": [917.0, 1024.0], "pivot": [0.38331514596939087, 0.609375], "position": [-116.00027465820312, 109.99940490722656], "rawSize": [917.0, 1024.0], "view": [398.0, 914.0]}}