{"hude_2": {"size": [1024.0, 894.0], "pivot": [0.46660155057907104, 0.5835570693016052], "position": [-105.99989318847656, 42.0], "rawSize": [1024.0, 894.0], "view": [442.0, 778.0]}}