{"neihuada_g": {"size": [798.0, 1017.0], "pivot": [0.5664160251617432, 0.6278269290924072], "position": [-48.99992752075195, 176.0], "rawSize": [798.0, 1017.0], "view": [297.0, 678.0]}}