{"manchesite_3": {"size": [2048.0, 1970.0], "pivot": [0.49067598581314087, 0.66650390625], "position": [-207.57044982910156, -191.02151489257812], "raw": true, "rawSize": [2048.0, 1970.0], "view": [639.4426879882812, 1465.9090576171875]}}