{"dujiaoshou_3": {"size": [787.0, 1024.0], "pivot": [0.32210928201675415, 0.62109375], "position": [-130.99990844726562, 89.0], "rawSize": [787.0, 1024.0], "view": [352.0, 810.0]}}