{"zhenmei_2": {"size": [2048.0, 2020.0], "pivot": [0.6799479126930237, 0.556388258934021], "position": [-128.08114624023438, 66.05397033691406], "rawSize": [2048.0, 2020.0], "view": [570.3137817382812, 1307.432373046875]}}