{"hailunna_4": {"size": [1392.0, 2048.0], "pivot": [0.49067598581314087, 0.66650390625], "position": [-109.75516510009766, 128.4439239501953], "raw": true, "rawSize": [1392.0, 2048.0], "view": [458.73065185546875, 1051.63037109375]}}