{"lvzuofu": {"size": [3428.0, 3166.0], "pivot": [0.49067598581314087, 0.66650390625], "position": [-144.0588836669922, -155.64720153808594], "rawSize": [2048.0, 1891.0], "view": [620.6355590820312, 1422.7940673828125]}, "lvzuofu_rw": {"size": [968.0, 2048.0], "pivot": [0.49067598581314087, 0.66650390625], "position": [-100.0, -217.0], "rawSize": [968.0, 2048.0]}}