{"xiyatu_2": {"size": [795.0, 1400.0], "pivot": [0.49622642993927, 0.5514285564422607], "position": [-166.40000915527344, 47.400001525878906], "rawSize": [795.0, 1400.0], "view": [315.7900085449219, 724.1099853515625]}}