{"biaoqiang_2": {"size": [461.0, 1024.0], "pivot": [0.5932754874229431, 0.4560546875], "position": [-33.999671936035156, 110.0], "rawSize": [461.0, 1024.0], "view": [401.0, 797.0]}}