{"niukasier_2": {"size": [494.0, 1024.0], "pivot": [0.3319838047027588, 0.6640625], "position": [-98.99967956542969, 145.0], "rawSize": [494.0, 1024.0], "view": [317.0, 726.0]}}