{"jinboli": {"size": [1121.0, 1200.0], "pivot": [0.33898305892944336, 0.6483333110809326], "position": [-204.9997100830078, 44.0], "rawSize": [1121.0, 1200.0], "view": [446.0, 1020.0]}}