{"changchun_3": {"size": [3968.0, 3674.0], "pivot": [0.49067598581314087, 0.66650390625], "position": [-287.6977233886719, -611.2561645507812], "rawSize": [2048.0, 1896.0], "view": [981.47021484375, 2250.0]}, "changchun_3_rw": {"size": [2048.0, 2034.0], "pivot": [0.49067598581314087, 0.66650390625], "position": [11.0, -483.0], "rawSize": [2048.0, 2034.0]}}