{"dujiaoshou_8": {"size": [2048.0, 1934.0], "pivot": [0.49067598581314087, 0.66650390625], "position": [-147.68499755859375, 193.78073120117188], "rawSize": [2048.0, 1934.0], "view": [578.1262817382812, 1325.3424072265625]}}