{"fulankelin": {"size": [5750.0, 4062.0], "pivot": [0.49067598581314087, 0.66650390625], "position": [-146.2308349609375, -689.5385131835938], "rawSize": [2048.0, 1447.0], "view": [649.2803344726562, 1488.4615478515625]}, "fulankelin_rw": {"size": [1424.0, 2048.0], "pivot": [0.49067598581314087, 0.66650390625], "position": [43.0, -666.0], "rawSize": [1424.0, 2048.0]}}