{"geluosite_2": {"size": [1917.0, 2048.0], "pivot": [0.49843505024909973, 0.53515625], "position": [-188.99996948242188, 102.0], "rawSize": [1917.0, 2048.0], "view": [557.5, 1278.300048828125]}}