{"guogan_2": {"size": [3170.0, 2308.0], "pivot": [0.49067598581314087, 0.66650390625], "position": [-288.2891845703125, -95.12870025634766], "rawSize": [2048.0, 1491.0], "view": [555.3055419921875, 1273.0262451171875]}, "guogan_2_rw": {"size": [1272.0, 2048.0], "pivot": [0.49067598581314087, 0.66650390625], "position": [-194.6999969482422, 243.3000030517578], "rawSize": [1272.0, 2048.0]}}