{"biaoqiang_4": {"size": [843.0, 1024.0], "pivot": [0.4383155405521393, 0.666015625], "position": [-96.99964904785156, 92.0], "rawSize": [843.0, 1024.0], "view": [372.0, 852.0]}}