{"aerfuleiduo": {"size": [2048.0, 2004.0], "pivot": [0.49067598581314087, 0.66650390625], "position": [-0.09530055522918701, 165.49172973632812], "rawSize": [2048.0, 2004.0], "view": [703.386962890625, 1612.5]}}