{"canglong_2": {"size": [576.0, 1024.0], "pivot": [0.3541666567325592, 0.577441394329071], "position": [-142.99981689453125, 15.0], "rawSize": [576.0, 1024.0], "view": [298.0, 682.0]}}