{"neihuada_alter": {"size": [3094.0, 2034.0], "pivot": [0.49067598581314087, 0.66650390625], "position": [-127.52637481689453, -241.05279541015625], "rawSize": [2048.0, 1346.0], "view": [444.2444152832031, 1018.4210815429688]}, "neihuada_alter_rw": {"size": [2048.0, 1810.0], "pivot": [0.49067598581314087, 0.66650390625], "position": [24.100000381469727, 411.79998779296875], "rawSize": [2048.0, 1810.0]}}