{"ximusi_g": {"size": [710.0, 1024.0], "pivot": [0.38732394576072693, 0.6513671875], "position": [-114.00025939941406, 57.0], "rawSize": [710.0, 1024.0], "view": [415.0, 952.0]}}