{"haifeng": {"size": [2048.0, 1450.0], "pivot": [0.49067598581314087, 0.66650390625], "position": [-363.5790100097656, -124.04127502441406], "rawSize": [2048.0, 1450.0], "view": [444.244384765625, 1018.4210815429688]}}