{"aisaikesi": {"size": [1400.0, 1339.0], "pivot": [0.46642857789993286, 0.5176997780799866], "position": [-61.000335693359375, -6.0], "rawSize": [1400.0, 1339.0], "view": [305.0, 698.0]}}