{"muyue_g": {"size": [819.0, 1024.0], "pivot": [0.3461538553237915, 0.5517578125], "position": [-118.99932098388672, 15.0], "rawSize": [819.0, 1024.0], "view": [653.0, 999.0]}}