{"malilan": {"size": [1400.0, 1348.0], "pivot": [0.5592857003211975, 0.5667656064033508], "position": [-45.999671936035156, 91.0], "rawSize": [1400.0, 1348.0], "view": [308.0, 706.0]}}