{"ninghai_4": {"size": [835.0, 1024.0], "pivot": [0.49637243151664734, 0.5703125], "position": [-128.99996948242188, 97.0], "rawSize": [835.0, 1024.0], "view": [366.79998779296875, 841.0999755859375]}}