{"lala_tolove": {"size": [2478.0, 2362.0], "pivot": [0.49067598581314087, 0.66650390625], "position": [-357.0000305175781, -86.70137786865234], "rawSize": [2048.0, 1952.0], "view": [548.09375, 1256.4935302734375]}, "lala_tolove_bj1": {"size": [2478.0, 2362.0], "pivot": [0.49067598581314087, 0.66650390625], "position": [-23.104999542236328, 393.2799987792969], "rawSize": [2048.0, 1952.0]}, "lala_tolove_rw": {"size": [1592.0, 2048.0], "pivot": [0.49067598581314087, 0.66650390625], "position": [-130.0, 184.0], "rawSize": [1592.0, 2048.0]}}