{"huangjiafangzhou_6": {"size": [6940.0, 4310.0], "pivot": [0.49067598581314087, 0.66650390625], "position": [-380.676513671875, 80.97049713134766], "raw": true, "rawSize": [2048.0, 1272.0], "view": [620.6355590820312, 1422.7940673828125]}, "huangjiafangzhou_6_rw": {"size": [1940.0, 2048.0], "pivot": [0.49067598581314087, 0.66650390625], "position": [15.899999618530273, 34.70000076293945], "rawSize": [1940.0, 2048.0]}}