{"huanxianghao_2": {"size": [3220.0, 1756.0], "pivot": [0.49067598581314087, 0.66650390625], "position": [-357.4606018066406, -22.836490631103516], "raw": true, "rawSize": [2048.0, 1117.0], "view": [514.6734008789062, 1179.8779296875]}, "huanxianghao_2_rw": {"size": [2048.0, 1576.0], "pivot": [0.49067598581314087, 0.66650390625], "position": [-187.89999389648438, 275.5], "rawSize": [2048.0, 1576.0]}}