{"beiqi": {"size": [606.0, 979.0], "pivot": [0.3993610143661499, 0.5927734375], "position": [-85.00000762939453, 108.0], "rawSize": [606.0, 979.0], "view": [347.5, 796.7999877929688]}}