{"xiaotiane_g": {"size": [831.0, 1024.0], "pivot": [0.5204572677612305, 0.6298828125], "position": [-99.99972534179688, 97.0], "rawSize": [831.0, 1024.0], "view": [464.0, 818.0]}}