{"xiaotiane_6": {"size": [1123.0, 1400.0], "pivot": [0.5226179957389832, 0.6209999918937683], "position": [-154.00001525878906, 108.0], "rawSize": [1123.0, 1400.0], "view": [477.79998779296875, 1095.5999755859375]}}