{"xili_5": {"size": [2048.0, 1996.0], "pivot": [0.41650390625, 0.5360721349716187], "position": [-524.0, -76.0], "rawSize": [2048.0, 1996.0], "view": [777.9000244140625, 1784.0]}, "face": {"size": [293.0, 251.0], "pivot": [0.5, 0.5], "position": [-613.5, 358.5], "rawSize": [293.0, 251.0], "list": [0, 1, 2, 3, 4, 5]}}