{"yuanchou_2": {"size": [4232.0, 2362.0], "pivot": [0.49067598581314087, 0.66650390625], "position": [-186.2308349609375, 215.0768280029297], "raw": true, "rawSize": [2048.0, 1143.0], "view": [649.2803344726562, 1488.4615478515625]}, "yuanchou_2_rw": {"size": [1850.0, 2048.0], "pivot": [0.49067598581314087, 0.66650390625], "position": [-49.79999923706055, 245.0], "rawSize": [1850.0, 2048.0]}}