{"yuanchou_2": {"size": [3142.0, 2460.0], "pivot": [0.49067598581314087, 0.66650390625], "position": [-139.241455078125, 142.68948364257812], "rawSize": [2048.0, 1603.0], "view": [727.6417236328125, 1668.103515625]}, "yuanchou_2_rw": {"size": [1802.0, 2048.0], "pivot": [0.49067598581314087, 0.66650390625], "position": [15.0, 284.0], "rawSize": [1802.0, 2048.0]}}