{"lanliii": {"size": [2048.0, 1974.0], "pivot": [0.49067598581314087, 0.66650390625], "position": [-453.6667175292969, 115.33307647705078], "rawSize": [2048.0, 1974.0], "view": [703.386962890625, 1612.4998779296875]}}