{"jifu": {"size": [2048.0, 1680.0], "pivot": [0.49067598581314087, 0.66650390625], "position": [-50.33339309692383, 48.068321228027344], "rawSize": [2048.0, 1680.0], "view": [360.7113037109375, 826.923095703125]}}