{"qiansui_3": {"size": [1904.0, 2048.0], "pivot": [0.49067598581314087, 0.66650390625], "position": [-179.95460510253906, 147.22720336914062], "rawSize": [1904.0, 2048.0], "view": [479.58203125, 1099.431884765625]}}