{"zhunuo": {"size": [881.0, 887.0], "pivot": [0.39897844195365906, 0.494363009929657], "position": [-172.00050354003906, 54.0], "rawSize": [881.0, 887.0], "view": [486.0, 916.0]}}