{"hailunna_g": {"size": [1400.0, 1200.0], "pivot": [0.49785715341567993, 0.6865833401679993], "position": [-116.99995422363281, 41.0], "rawSize": [1400.0, 1200.0], "view": [502.29998779296875, 1151.9000244140625]}}