{"lafei_6": {"size": [1218.0, 1400.0], "pivot": [0.49753695726394653, 0.5514285564422607], "position": [-87.00003051757812, -89.0], "rawSize": [1218.0, 1400.0], "view": [446.79998779296875, 1024.300048828125]}}