{"weiershiqinwang_5": {"size": [2842.0, 2926.0], "pivot": [0.49067598581314087, 0.66650390625], "position": [-229.35299682617188, 103.17637634277344], "rawSize": [1989.0, 2048.0], "view": [620.6355590820312, 1422.7940673828125]}, "weiershiqinwang_5_rw": {"size": [1480.0, 2048.0], "pivot": [0.49067598581314087, 0.66650390625], "position": [-247.0, 43.0], "rawSize": [1480.0, 2048.0]}}