{"chushuang_g": {"size": [1400.0, 1285.0], "pivot": [0.49785715341567993, 0.5560311079025269], "position": [-137.99996948242188, -11.0], "rawSize": [1400.0, 1285.0], "view": [584.2999877929688, 1339.699951171875]}}