{"lingbo_15": {"size": [2048.0, 1878.0], "pivot": [0.49067598581314087, 0.66650390625], "position": [-34.8145866394043, 181.77377319335938], "rawSize": [2048.0, 1878.0], "view": [394.422607421875, 904.20556640625]}}