{"meiyinci": {"size": [3980.0, 3270.0], "pivot": [0.5057789087295532, 0.522629976272583], "position": [-231.0000457763672, -194.0], "rawSize": [2048.0, 1683.0], "view": [721.7999877929688, 1655.300048828125]}, "meiyinci_n": {"size": [1591.0, 2048.0], "pivot": [0.49067598581314087, 0.66650390625], "position": [-98.0, -158.5], "rawSize": [1591.0, 2048.0]}}