{"gecheng_2": {"size": [2048.0, 1444.0], "pivot": [0.49067598581314087, 0.66650390625], "position": [-129.74342346191406, -54.37175750732422], "rawSize": [2048.0, 1444.0], "view": [373.4798278808594, 856.1947021484375]}}