{"shengnvzhende_3": {"size": [5210.0, 3302.0], "pivot": [0.49067598581314087, 0.66650390625], "position": [-42.12201690673828, 355.9023742675781], "rawSize": [2048.0, 1298.0], "view": [514.6734008789062, 1179.8780517578125]}, "shengnvzhende_3_rw": {"size": [1966.0, 2048.0], "pivot": [0.49067598581314087, 0.66650390625], "position": [-40.900001525878906, 517.0], "rawSize": [1966.0, 2048.0]}}