{"z18": {"size": [1024.0, 1024.0], "pivot": [0.4931640625, 0.5498046875], "position": [-211.00048828125, 48.0], "rawSize": [1024.0, 1024.0], "view": [389.0, 889.0]}}