{"haiyinlixi": {"size": [2048.0, 1804.0], "pivot": [0.57080078125, 0.45011085271835327], "position": [-158.0, -106.0], "rawSize": [2048.0, 1804.0], "view": [331.0, 726.4000244140625]}}