{"baerdimo_3": {"size": [2048.0, 1990.0], "pivot": [0.48291015625, 0.5291457176208496], "position": [-303.0000305175781, 113.0], "raw": true, "rawSize": [2048.0, 1990.0], "view": [499.6000061035156, 846.5999755859375]}}