{"biaoqiang_5": {"size": [1024.0, 1024.0], "pivot": [0.3769527077674866, 0.4658203125], "position": [-126.00044250488281, 121.0], "rawSize": [1024.0, 1024.0], "view": [491.0, 1127.0]}}