{"buleisite": {"size": [4842.0, 3912.0], "pivot": [0.49067598581314087, 0.66650390625], "position": [-141.4445037841797, -157.36407470703125], "rawSize": [2048.0, 1655.0], "view": [458.73065185546875, 1051.63037109375]}, "buleisite_rw": {"size": [1952.0, 2048.0], "pivot": [0.49067598581314087, 0.66650390625], "position": [-77.0, 53.0], "rawSize": [1952.0, 2048.0]}, "buleisite_jz": {"size": [4842.0, 3912.0], "pivot": [0.49067598581314087, 0.66650390625], "position": [-45.0, 651.0], "rawSize": [2048.0, 1655.0]}}