{"dujiaoshou_11": {"size": [4816.0, 3504.0], "pivot": [0.49067598581314087, 0.66650390625], "position": [-349.3810119628906, -256.25408935546875], "rawSize": [2048.0, 1490.0], "view": [669.8923950195312, 1535.71435546875]}, "dujiaoshou_11_rw": {"size": [1740.0, 2048.0], "pivot": [0.49067598581314087, 0.66650390625], "position": [52.0, 105.0], "rawSize": [1740.0, 2048.0]}}