{"wenyue": {"size": [512.0, 1024.0], "pivot": [0.46484375, 0.5595703125], "position": [27.999778747558594, 59.0], "rawSize": [512.0, 1024.0], "view": [410.0, 941.0]}}