{"kunxi_2": {"size": [1024.0, 1024.0], "pivot": [0.44140625, 0.55859375], "position": [-86.00008392333984, 23.0], "rawSize": [1024.0, 1024.0], "view": [371.0, 850.0]}}