{"aierwen": {"size": [718.0, 1024.0], "pivot": [0.43871867656707764, 0.609375], "position": [-54.999755859375, 103.0], "rawSize": [718.0, 1024.0], "view": [354.0, 813.0]}}