{"beili_2": {"size": [996.0, 1024.0], "pivot": [0.44678714871406555, 0.5341796875], "position": [-56.99967956542969, 27.0], "rawSize": [996.0, 1024.0], "view": [380.0, 872.0]}}