{"zhusaipei_2": {"size": [2048.0, 1960.0], "pivot": [0.49067598581314087, 0.66650390625], "position": [-279.1138916015625, 47.34317398071289], "rawSize": [2048.0, 1960.0], "view": [390.7705383300781, 895.833251953125]}}