{"z47_2": {"size": [4184.0, 3220.0], "pivot": [0.49067598581314087, 0.66650390625], "position": [-294.0588684082031, -132.60809326171875], "rawSize": [2048.0, 1576.0], "view": [879.2337646484375, 2015.625]}, "z47_2_rw": {"size": [2048.0, 1692.0], "pivot": [0.49067598581314087, 0.66650390625], "position": [36.0, 311.0], "rawSize": [2048.0, 1692.0]}}