{"shengwang_2": {"size": [2048.0, 1984.0], "pivot": [0.49067598581314087, 0.66650390625], "position": [-251.79457092285156, 144.87667846679688], "rawSize": [2048.0, 1984.0], "view": [578.1262817382812, 1325.3424072265625]}}