{"taertu": {"size": [1400.0, 1326.0], "pivot": [0.49785715341567993, 0.6817496418952942], "position": [-197.00001525878906, 117.0], "rawSize": [1400.0, 1326.0], "view": [477.29998779296875, 1094.5999755859375]}}