{"dadouquan": {"size": [656.0, 1024.0], "pivot": [0.4908536672592163, 0.60546875], "position": [-90.99989318847656, 117.0], "rawSize": [656.0, 1024.0], "view": [371.0, 762.0]}}