{"u96": {"size": [1400.0, 1375.0], "pivot": [0.49785715341567993, 0.5523636341094971], "position": [-258.99993896484375, -41.0], "rawSize": [1400.0, 1375.0], "view": [438.70001220703125, 1006.2000122070312]}}