{"lituoliao_3": {"size": [2048.0, 1429.0], "pivot": [0.3984375, 0.7008397579193115], "position": [-358.9999694824219, 146.0], "rawSize": [2048.0, 1429.0], "view": [552.5, 1266.699951171875]}}