{"lanli_g": {"size": [774.0, 1024.0], "pivot": [0.39793282747268677, 0.611328125], "position": [-94.00038146972656, 94.0], "rawSize": [774.0, 1024.0], "view": [353.0, 901.0]}}