{"shi": {"size": [4916.0, 2882.0], "pivot": [0.49067598581314087, 0.66650390625], "position": [-99.50006103515625, -435.5000305175781], "rawSize": [2048.0, 1202.0], "view": [527.5402221679688, 1209.375]}, "shi_rw": {"size": [2048.0, 1472.0], "pivot": [0.49067598581314087, 0.66650390625], "position": [6.590000152587891, -375.0799865722656], "rawSize": [2048.0, 1472.0]}}