{"jiujinshan_3": {"size": [2048.0, 1972.0], "pivot": [0.673828125, 0.47109532356262207], "position": [-21.99998664855957, -77.0], "rawSize": [2048.0, 1972.0], "view": [331.0, 1061.0999755859375]}}