{"aheye_4": {"size": [1575.0, 2048.0], "pivot": [0.49809524416923523, 0.64208984375], "position": [-31.999984741210938, 269.0], "raw": true, "rawSize": [1575.0, 2048.0], "view": [545.7000122070312, 1251.300048828125]}}