{"huayue_4": {"size": [1720.0, 2048.0], "pivot": [0.49067598581314087, 0.66650390625], "position": [-181.4156494140625, 217.06480407714844], "rawSize": [1720.0, 2048.0], "view": [548.09375, 1256.4935302734375]}}