{"yindianna": {"size": [5798.0, 4500.0], "pivot": [0.49067598581314087, 0.66650390625], "position": [-915.3333129882812, -719.666748046875], "rawSize": [2048.0, 1590.0], "view": [703.386962890625, 1612.4998779296875]}, "yindianna_rw": {"size": [1456.0, 2048.0], "pivot": [0.49067598581314087, 0.66650390625], "position": [-470.8999938964844, -702.0], "rawSize": [1456.0, 2048.0]}}