{"tuzuo_2": {"size": [2024.0, 2048.0], "pivot": [0.498517781496048, 0.53515625], "position": [-130.99993896484375, -49.0], "rawSize": [2024.0, 2048.0], "view": [540.5999755859375, 1239.699951171875]}}