{"chuchun_2": {"size": [1024.0, 880.0], "pivot": [0.4638671875, 0.5397727489471436], "position": [-107.00010681152344, -58.0], "rawSize": [1024.0, 880.0], "view": [459.0, 1049.0]}}