{"shengtafei": {"size": [4190.0, 3814.0], "pivot": [0.49067598581314087, 0.66650390625], "position": [-817.9677734375, 82.96759796142578], "rawSize": [2048.0, 1864.0], "view": [680.6970825195312, 1560.48388671875]}, "shengtafei_rw": {"size": [1390.0, 2048.0], "pivot": [0.49067598581314087, 0.66650390625], "position": [-411.79998779296875, 232.6999969482422], "rawSize": [1390.0, 2048.0]}}