{"naerxun_3": {"size": [2048.0, 1936.0], "pivot": [0.49067598581314087, 0.66650390625], "position": [-57.74474334716797, 110.72331237792969], "rawSize": [2048.0, 1936.0], "view": [448.9704284667969, 1029.25537109375]}}