{"kashan": {"size": [4980.0, 3920.0], "pivot": [0.49067598581314087, 0.66650390625], "position": [-158.53851318359375, 509.43585205078125], "rawSize": [2048.0, 1612.0], "view": [541.0669555664062, 1240.3846435546875]}, "kashan_bj": {"size": [4980.0, 3920.0], "pivot": [0.49067598581314087, 0.66650390625], "position": [-34.29999923706055, 664.7999877929688], "rawSize": [2048.0, 1612.0]}, "kashan_rw": {"size": [2038.0, 1730.0], "pivot": [0.49067598581314087, 0.66650390625], "position": [47.70000076293945, 518.4000244140625], "rawSize": [2038.0, 1730.0]}}