{"sheshuiyu": {"size": [1918.0, 2048.0], "pivot": [0.6225234866142273, 0.520214855670929], "position": [-359.0000305175781, 29.0], "rawSize": [1918.0, 2048.0], "view": [331.0, 1491.800048828125]}}