{"ankeleiqi": {"size": [3602.0, 3111.0], "pivot": [0.36373141407966614, 0.5439303517341614], "position": [-147.24395751953125, 105.04874420166016], "rawSize": [2048.0, 1769.0], "view": [562.7095336914062, 1289.9998779296875]}, "ankeleiqi_jz1": {"size": [3602.0, 3111.0], "pivot": [0.49067598581314087, 0.66650390625], "position": [-33.584999084472656, 517.989990234375], "rawSize": [2048.0, 1769.0]}, "ankeleiqi_rw": {"size": [2048.0, 1518.0], "pivot": [0.49067598581314087, 0.66650390625], "position": [-54.70000076293945, 117.80000305175781], "rawSize": [2048.0, 1518.0]}, "ankeleiqi_jz2": {"size": [3602.0, 3111.0], "pivot": [0.49067598581314087, 0.66650390625], "position": [-33.5849609375, 517.989990234375], "rawSize": [2048.0, 1769.0]}, "ankeleiqi_tx3": {"size": [3602.0, 3111.0], "pivot": [0.49067598581314087, 0.66650390625], "position": [-33.584999084472656, 517.989990234375], "rawSize": [2048.0, 1769.0]}}