{"huangjiafangzhou_2": {"size": [836.0, 1024.0], "pivot": [0.49222487211227417, 0.3818359375], "position": [-58.99979019165039, -88.0], "rawSize": [836.0, 1024.0], "view": [292.0, 668.0]}}