{"ninghai": {"size": [1015.0, 1024.0], "pivot": [0.45467981696128845, 0.5390625], "position": [-145.9998321533203, 89.0], "rawSize": [1015.0, 982.0], "view": [499.0, 815.0]}}