{"fuchou": {"size": [2048.0, 1558.0], "pivot": [0.49067598581314087, 0.66650390625], "position": [24.428504943847656, 93.63262176513672], "rawSize": [2048.0, 1558.0], "view": [430.64508056640625, 987.244873046875]}}