{"salatuojia": {"size": [878.0, 1024.0], "pivot": [0.49282461404800415, 0.55615234375], "position": [-93.9000015258789, 43.50000762939453], "rawSize": [878.0, 1024.0], "view": [471.6000061035156, 891.0]}}