{"abuluqi_2": {"size": [2048.0, 1798.0], "pivot": [0.35400390625, 0.48998886346817017], "position": [-284.0000305175781, -3.0], "rawSize": [2048.0, 1798.0], "view": [331.0, 1043.300048828125]}}