{"vtuber_ayame_2": {"size": [1200.0, 943.0], "pivot": [0.4975000023841858, 0.576352059841156], "position": [-29.000030517578125, 89.0], "rawSize": [1200.0, 943.0], "view": [351.6000061035156, 806.2999877929688]}}