{"niukasier": {"size": [679.0, 1024.0], "pivot": [0.49852725863456726, 0.6513671875], "position": [-44.999595642089844, 132.0], "rawSize": [679.0, 1024.0], "view": [339.0, 775.0]}}