{"yade_3": {"size": [4492.0, 3508.0], "pivot": [0.49067598581314087, 0.66650390625], "position": [-345.4906311035156, 55.3961067199707], "rawSize": [2048.0, 1599.0], "view": [796.2872314453125, 1825.4718017578125]}, "yade_3_rw": {"size": [1380.0, 2048.0], "pivot": [0.49067598581314087, 0.66650390625], "position": [-78.5999984741211, 412.5], "rawSize": [1380.0, 2048.0]}}