{"xuefeng_3": {"size": [1384.0, 1400.0], "pivot": [0.49783235788345337, 0.5514285564422607], "position": [-210.99996948242188, 58.0], "rawSize": [1384.0, 1400.0], "view": [442.3999938964844, 1014.4000244140625]}}