{"junhe_3": {"size": [3534.0, 3125.0], "pivot": [0.47213125228881836, 0.5070828795433044], "position": [-227.16123962402344, -137.540283203125], "rawSize": [2048.0, 1811.0], "view": [740.407470703125, 1697.3685302734375]}, "junhe_3_rw": {"size": [1016.0, 2048.0], "pivot": [0.49067598581314087, 0.66650390625], "position": [-21.0, -34.79999923706055], "rawSize": [1016.0, 2048.0]}}