{"akasita": {"size": [902.0, 1024.0], "pivot": [0.44456762075424194, 0.546875], "position": [-9.000394821166992, 57.0], "rawSize": [902.0, 1024.0], "view": [425.0, 843.0]}}