{"ankeleiqi_h": {"size": [5464.0, 3536.0], "pivot": [0.49067598581314087, 0.66650390625], "position": [-194.42428588867188, 247.1513671875], "raw": true, "rawSize": [2048.0, 1325.0], "view": [639.4426879882812, 1465.9090576171875]}, "ankeleiqi_h_bj": {"size": [5464.0, 3536.0], "pivot": [0.49067598581314087, 0.66650390625], "position": [-68.19999694824219, 580.7000122070312], "rawSize": [2048.0, 1325.0]}, "ankeleiqi_h_rw": {"size": [1920.0, 2048.0], "pivot": [0.49067598581314087, 0.66650390625], "position": [-379.0, 265.0], "rawSize": [1920.0, 2048.0]}}