{"shancheng_8": {"size": [1986.0, 2048.0], "pivot": [0.37541359663009644, 0.5057198405265808], "position": [-170.8462371826172, 61.23062515258789], "rawSize": [1986.0, 2048.0], "view": [649.2803344726562, 1488.4615478515625]}}