{"jiujinshan_4": {"size": [2036.0, 2048.0], "pivot": [0.49067598581314087, 0.66650390625], "position": [-69.88140869140625, 73.94905090332031], "raw": true, "rawSize": [2036.0, 2048.0], "view": [357.6544189453125, 819.915283203125]}}