{"maliluosi_doa": {"size": [1866.0, 2048.0], "pivot": [0.5284029841423035, 0.5673828125], "position": [-173.9998779296875, 99.0], "rawSize": [1866.0, 2048.0], "view": [803.5, 1842.5999755859375]}}