{"mali_2": {"size": [3178.0, 3458.0], "pivot": [0.49067598581314087, 0.66650390625], "position": [-159.54019165039062, 71.94839477539062], "rawSize": [1882.0, 2048.0], "view": [430.64508056640625, 987.244873046875]}, "mali_2_rw": {"size": [1724.0, 2048.0], "pivot": [0.49067598581314087, 0.66650390625], "position": [-149.1999969482422, -82.4000015258789], "rawSize": [1724.0, 2048.0]}}