{"maoyin": {"size": [974.0, 1024.0], "pivot": [0.40349075198173523, 0.6181640625], "position": [-93.9996109008789, 76.0], "rawSize": [974.0, 1024.0], "view": [355.0, 814.0]}}