{"linglai_2": {"size": [4058.0, 2574.0], "pivot": [0.49067598581314087, 0.66650390625], "position": [203.16038513183594, 172.88229370117188], "raw": true, "rawSize": [2048.0, 1299.0], "view": [496.5084228515625, 1138.2352294921875]}, "linglai_2_rw": {"size": [2048.0, 1670.0], "pivot": [0.49067598581314087, 0.66650390625], "position": [405.3999938964844, 158.8000030517578], "rawSize": [2048.0, 1670.0]}}