{"chicheng_alter": {"size": [3916.0, 3306.0], "pivot": [0.49067598581314087, 0.66650390625], "position": [-111.45789337158203, -145.83139038085938], "rawSize": [2048.0, 1729.0], "view": [508.4725341796875, 1165.6627197265625]}, "chicheng_alter_rw1": {"size": [1700.0, 2048.0], "pivot": [0.49067598581314087, 0.66650390625], "position": [-594.0999755859375, 114.19999694824219], "rawSize": [1700.0, 2048.0]}, "chicheng_alter_rw2": {"size": [1460.0, 2048.0], "pivot": [0.49067598581314087, 0.66650390625], "position": [967.0, 114.30000305175781], "rawSize": [1460.0, 2048.0]}, "chicheng_alter_rw4": {"size": [1460.0, 2048.0], "pivot": [0.49067598581314087, 0.66650390625], "position": [967.0, 114.30000305175781], "rawSize": [1460.0, 2048.0]}, "chicheng_alter_bj": {"size": [3916.0, 3306.0], "pivot": [0.49067598581314087, 0.66650390625], "position": [-37.70000076293945, 547.5999755859375], "rawSize": [2048.0, 1729.0]}, "chicheng_alter_rw3": {"size": [1700.0, 2048.0], "pivot": [0.49067598581314087, 0.66650390625], "position": [-594.0999755859375, 114.19999694824219], "rawSize": [1700.0, 2048.0]}}