{"he": {"size": [3952.0, 2957.0], "pivot": [0.49067598581314087, 0.66650390625], "position": [52.593441009521484, -120.83209228515625], "rawSize": [2048.0, 1532.0], "view": [514.6734008789062, 1179.8780517578125]}, "he_rw": {"size": [2048.0, 1516.0], "pivot": [0.49067598581314087, 0.66650390625], "position": [126.0, -100.0], "rawSize": [2048.0, 1516.0]}}