{"longwu": {"size": [1842.0, 2048.0], "pivot": [0.49067598581314087, 0.66650390625], "position": [-329.50006103515625, -233.00003051757812], "rawSize": [1842.0, 2048.0], "view": [527.5402221679688, 1209.375]}}