{"bushi": {"size": [1023.0, 1024.0], "pivot": [0.45894429087638855, 0.5654296875], "position": [-96.00008392333984, 69.0], "rawSize": [1023.0, 1024.0], "view": [414.0, 949.0]}}