{"pufeng_2": {"size": [1024.0, 958.0], "pivot": [0.501953125, 0.5960333943367004], "position": [-60.9996337890625, 12.0], "rawSize": [1024.0, 958.0], "view": [372.0, 851.0]}}