{"yingxianzuo_2": {"size": [2048.0, 1663.0], "pivot": [0.49853515625, 0.5432952642440796], "position": [-141.00003051757812, -103.0], "raw": true, "rawSize": [2048.0, 1663.0], "view": [488.1000061035156, 1119.199951171875]}}