{"diliyasite_2": {"size": [3548.0, 3220.0], "pivot": [0.49067598581314087, 0.66650390625], "position": [-185.67930603027344, 474.5619812011719], "rawSize": [2048.0, 1859.0], "view": [796.2872314453125, 1825.4718017578125]}, "diliyasite_2_rw": {"size": [948.0, 2048.0], "pivot": [0.49067598581314087, 0.66650390625], "position": [114.0, 589.0], "rawSize": [948.0, 2048.0]}}