{"hao": {"size": [2048.0, 1435.0], "pivot": [0.48530274629592896, 0.6273868083953857], "position": [-237.99998474121094, 87.0], "rawSize": [2048.0, 1435.0], "view": [455.8999938964844, 1045.300048828125]}}