{"feilong_2": {"size": [808.0, 1280.0], "pivot": [0.33366337418556213, 0.57750004529953], "position": [-222.99989318847656, 58.0], "rawSize": [1024.0, 1622.0], "view": [331.0, 758.0]}}