{"wudao": {"size": [1024.0, 901.0], "pivot": [0.662109375, 0.5954495072364807], "position": [96.99999237060547, 82.9000015258789], "rawSize": [1024.0, 901.0], "view": [230.60000610351562, 595.0]}}