{"bisimai_3": {"size": [3362.0, 3106.0], "pivot": [0.49067598581314087, 0.66650390625], "position": [-13.028533935546875, 99.24740600585938], "rawSize": [2048.0, 1892.0], "view": [680.697021484375, 1560.48388671875]}, "bisimai_3_rw": {"size": [1058.0, 2048.0], "pivot": [0.49067598581314087, 0.66650390625], "position": [313.0, 105.0], "rawSize": [1058.0, 2048.0]}}