{"lundun_h": {"size": [2869.0, 2314.0], "pivot": [0.49067598581314087, 0.66650390625], "position": [-128.63270568847656, -148.20413208007812], "rawSize": [2048.0, 1652.0], "view": [430.64508056640625, 987.244873046875]}, "lundun_h_front": {"size": [2869.0, 2314.0], "pivot": [0.49067598581314087, 0.66650390625], "position": [-26.750999450683594, 385.2900085449219], "rawSize": [2048.0, 1652.0]}, "lundun_h_rw": {"size": [2048.0, 1422.0], "pivot": [0.49067598581314087, 0.66650390625], "position": [2.799999952316284, -45.79999923706055], "rawSize": [2048.0, 1422.0]}}