{"mingniabolisi_h": {"size": [1862.0, 2048.0], "pivot": [0.5206766724586487, 0.53515625], "position": [-157.0, 6.0], "rawSize": [1862.0, 2048.0], "view": [439.70001220703125, 1008.0999755859375]}}