{"xiaotiane_2": {"size": [853.0, 1024.0], "pivot": [0.403868705034256, 0.6298828125], "position": [-185.00013732910156, 90.0], "rawSize": [853.0, 1024.0], "view": [460.0, 811.0]}}