{"salatuojia_2": {"size": [816.0, 1024.0], "pivot": [0.27328431606292725, 0.5634765625], "position": [-176.99957275390625, 51.0], "rawSize": [816.0, 1024.0], "view": [528.0, 929.0]}}