{"biluokexi_6": {"size": [1966.0, 2048.0], "pivot": [0.49067598581314087, 0.66650390625], "position": [-190.90249633789062, 22.97553253173828], "rawSize": [1966.0, 2048.0], "view": [514.6734008789062, 1179.8780517578125]}}