{"gaoxiong_2": {"size": [779.0, 1024.0], "pivot": [0.46534016728401184, 0.52734375], "position": [-131.99957275390625, 74.0], "rawSize": [779.0, 1024.0], "view": [438.0, 894.0]}}