{"lansaiyu_2": {"size": [1377.0, 1400.0], "pivot": [0.5181553959846497, 0.5514285564422607], "position": [-177.0000457763672, 41.0], "rawSize": [1377.0, 1400.0], "view": [496.5, 1138.5]}}