{"salatuojia_4": {"size": [698.0, 1024.0], "pivot": [0.4885386824607849, 0.666015625], "position": [-82.99980163574219, 74.0], "rawSize": [698.0, 1024.0], "view": [373.0, 855.0]}}