{"z23_4": {"size": [728.0, 1024.0], "pivot": [0.4137362837791443, 0.6517578363418579], "position": [-115.99962615966797, 40.0], "rawSize": [728.0, 1024.0], "view": [404.0, 927.0]}}