{"kalvbudisi_3": {"size": [1562.0, 2048.0], "pivot": [0.49067598581314087, 0.66650390625], "position": [-118.73918914794922, 231.565185546875], "raw": true, "rawSize": [1562.0, 2048.0], "view": [458.73065185546875, 1051.63037109375]}}