{"kaisa_3": {"size": [2048.0, 1712.0], "pivot": [0.51611328125, 0.5800233483314514], "position": [-139.0, 131.0], "rawSize": [2048.0, 1712.0], "view": [331.0, 921.2000122070312]}}