{"daqinghuayu": {"size": [966.0, 1024.0], "pivot": [0.359213262796402, 0.5009765625], "position": [-121.99971008300781, 36.0], "rawSize": [966.0, 1024.0], "view": [346.0, 793.0]}}