{"masazhusai_2": {"size": [1154.0, 1400.0], "pivot": [0.49740034341812134, 0.5514285564422607], "position": [-154.00003051757812, 148.0], "rawSize": [1154.0, 1400.0], "view": [412.1000061035156, 944.9000244140625]}}