{"huangjiafangzhou_alter": {"size": [2048.0, 1312.0], "pivot": [0.48828125, 0.6753048896789551], "position": [-193.0, 129.0], "rawSize": [2048.0, 1312.0], "view": [489.8999938964844, 1123.300048828125]}, "face": {"size": [146.0, 110.0], "pivot": [0.5, 0.5], "position": [3.0, 557.0], "rawSize": [146.0, 110.0], "list": [0, 1, 2, 3, 4]}}