{"z25": {"size": [1024.0, 1024.0], "pivot": [0.365234375, 0.59765625], "position": [-273.0001220703125, 101.0], "rawSize": [1024.0, 1024.0], "view": [359.0, 821.0]}}