{"mingyunnvshen_alter": {"size": [1614.0, 2048.0], "pivot": [0.49067598581314087, 0.66650390625], "position": [-145.77557373046875, -65.24495697021484], "rawSize": [1614.0, 2048.0], "view": [430.64508056640625, 987.244873046875]}}