{"chuchun_3": {"size": [2048.0, 1984.0], "pivot": [0.26953125, 0.5579637289047241], "position": [-193.99996948242188, 153.0], "rawSize": [2048.0, 1984.0], "view": [331.0, 1114.9000244140625]}}