{"yilishabai_3": {"size": [2040.0, 2048.0], "pivot": [0.4985294044017792, 0.53515625], "position": [-59.9999885559082, 15.0], "rawSize": [2040.0, 2048.0], "view": [572.2999877929688, 1312.199951171875]}}