{"jianwu_3": {"size": [5976.0, 3400.0], "pivot": [0.49067598581314087, 0.66650390625], "position": [-310.0121154785156, 157.18064880371094], "raw": true, "rawSize": [2048.0, 1165.0], "view": [508.4725341796875, 1165.6627197265625]}, "jianwu_3_rw": {"size": [1058.0, 2048.0], "pivot": [0.49067598581314087, 0.66650390625], "position": [107.0, 401.0], "raw": true, "rawSize": [1058.0, 2048.0]}}