{"haerxibaoweier_3": {"size": [1921.0, 2048.0], "pivot": [0.49843829870224, 0.53515625], "position": [-239.00006103515625, 13.0], "rawSize": [1921.0, 2048.0], "view": [519.0999755859375, 1190.0999755859375]}, "face": {"size": [219.0, 325.0], "pivot": [0.5, 0.5], "position": [23.5, 445.5], "rawSize": [219.0, 325.0], "list": [0, 1, 2, 3, 4]}}