{"duyisibao": {"size": [4430.0, 3764.0], "pivot": [0.49067598581314087, 0.66650390625], "position": [-196.56369018554688, 57.106834411621094], "rawSize": [2048.0, 1740.0], "view": [659.42529296875, 1511.7186279296875]}, "duyisibao_rw": {"size": [756.0, 2048.0], "pivot": [0.49067598581314087, 0.66650390625], "position": [-25.4000244140625, 56.29999923706055], "rawSize": [756.0, 2048.0]}}