{"lila_2": {"size": [3403.0, 4705.0], "pivot": [0.49067598581314087, 0.66650390625], "position": [-171.54550170898438, -120.72743225097656], "rawSize": [1481.0, 2048.0], "view": [767.3312377929688, 1759.0908203125]}, "lila_2_rw": {"size": [972.0, 2048.0], "pivot": [0.49067598581314087, 0.66650390625], "position": [81.0, -48.0], "rawSize": [972.0, 2048.0]}}