{"vtuber_matsuri_2": {"size": [1356.0, 1400.0], "pivot": [0.5799410343170166, 0.559499979019165], "position": [-121.0000228881836, 35.0], "rawSize": [1356.0, 1400.0], "view": [429.0, 983.7000122070312]}}