{"naximofu_3": {"size": [3856.0, 2398.0], "pivot": [0.49067598581314087, 0.66650390625], "position": [-129.30775451660156, 331.9999084472656], "raw": true, "rawSize": [2048.0, 1274.0], "view": [649.2803344726562, 1488.4615478515625]}, "naximofu_3_rw": {"size": [1656.0, 2048.0], "pivot": [0.49067598581314087, 0.66650390625], "position": [239.60000610351562, 360.1000061035156], "rawSize": [1656.0, 2048.0]}}