{"pinghai_4": {"size": [848.0, 1024.0], "pivot": [0.4964539110660553, 0.5703125], "position": [-83.00000762939453, 93.0], "rawSize": [848.0, 1024.0], "view": [363.6000061035156, 833.7000122070312]}}