{"dahuangfeng": {"size": [984.0, 1022.0], "pivot": [0.7721645832061768, 0.6225832104682922], "position": [161.5199432373047, 86.69000244140625], "rawSize": [984.0, 1022.0], "view": [341.6600036621094, 631.1199951171875]}}