{"yikaluosi_4": {"size": [6698.0, 6550.0], "pivot": [0.49067598581314087, 0.66650390625], "position": [-769.5000610351562, -85.50022888183594], "rawSize": [2048.0, 2003.0], "view": [1055.0804443359375, 2418.75]}, "yikaluosi_4_rw": {"size": [1938.0, 2048.0], "pivot": [0.49067598581314087, 0.66650390625], "position": [-324.0, 312.1000061035156], "rawSize": [1938.0, 2048.0]}}