{"kashan_2": {"size": [5428.0, 2946.0], "pivot": [0.49067598581314087, 0.66650390625], "position": [-156.01644897460938, 316.91790771484375], "raw": true, "rawSize": [2048.0, 1112.0], "view": [691.8560180664062, 1586.0655517578125]}, "kashan_2_rw": {"size": [892.0, 2048.0], "pivot": [0.49067598581314087, 0.66650390625], "position": [-15.699999809265137, 323.20001220703125], "rawSize": [892.0, 2048.0]}}