{"pulinsidun_4": {"size": [2048.0, 1772.0], "pivot": [0.49067598581314087, 0.66650390625], "position": [-190.4286346435547, -36.00004577636719], "rawSize": [2048.0, 1772.0], "view": [602.9031372070312, 1382.142822265625]}}