{"feiyun_2": {"size": [2048.0, 1988.0], "pivot": [0.49067598581314087, 0.66650390625], "position": [-141.80006408691406, 28.099910736083984], "rawSize": [2048.0, 1988.0], "view": [422.0321960449219, 967.5]}, "face": {"size": [500.0, 480.0], "pivot": [0.5, 0.5], "position": [22, 272.9], "rawSize": [500.0, 480.0], "list": [0, 1, 2, 3, 4, 5, 6, 6, 7, 8, 9, 10, 11]}}