{"adaerbote": {"size": [3886.0, 3485.0], "pivot": [0.49067598581314087, 0.66650390625], "position": [-248.28211975097656, 456.87176513671875], "rawSize": [2048.0, 1837.0], "view": [541.0669555664062, 1240.3846435546875]}, "adaerbote_jz": {"size": [3886.0, 3485.0], "pivot": [0.49067598581314087, 0.66650390625], "position": [-36.0, 578.0], "rawSize": [2048.0, 1837.0]}, "adaerbote_rw": {"size": [952.0, 2048.0], "pivot": [0.49067598581314087, 0.66650390625], "position": [-64.0, 375.0], "rawSize": [952.0, 2048.0]}}