{"tierbici_2": {"size": [1024.0, 1001.0], "pivot": [0.6318359375, 0.5529470443725586], "position": [31.99962615966797, 69.0], "rawSize": [1024.0, 1001.0], "view": [308.0, 709.0]}}