{"dian_5": {"size": [2048.0, 1668.0], "pivot": [0.49067598581314087, 0.66650390625], "position": [-180.01376342773438, -222.65762329101562], "rawSize": [2048.0, 1668.0], "view": [578.1262817382812, 1325.3424072265625]}}