{"dahuangfengii_2": {"size": [3491.0, 3655.0], "pivot": [0.49067598581314087, 0.66650390625], "position": [-384.50006103515625, 60.21407699584961], "rawSize": [1956.0, 2048.0], "view": [753.62890625, 1727.6785888671875]}, "dahuangfengii_2_rw": {"size": [2048.0, 1349.0], "pivot": [0.49067598581314087, 0.66650390625], "position": [-278.0, 433.0], "rawSize": [2048.0, 1349.0]}}