{"shiyu_4": {"size": [2046.0, 2048.0], "pivot": [0.49067598581314087, 0.66650390625], "position": [-157.27403259277344, 113.36978149414062], "rawSize": [2046.0, 2048.0], "view": [578.1262817382812, 1325.3424072265625]}}