{"diguo_2": {"size": [2048.0, 1966.0], "pivot": [0.49067598581314087, 0.66650390625], "position": [-193.80560302734375, -19.250030517578125], "rawSize": [2048.0, 1966.0], "view": [586.1558227539062, 1343.75]}}