{"xixuegui": {"size": [863.0, 1024.0], "pivot": [0.4443800747394562, 0.603515625], "position": [-132.00038146972656, 77.0], "rawSize": [863.0, 1024.0], "view": [337.0, 827.0]}}