{"beierfasite_9": {"size": [3738.0, 2680.0], "pivot": [0.49067598581314087, 0.66650390625], "position": [-240.0883026123047, 49.499908447265625], "rawSize": [2048.0, 1468.0], "view": [620.6355590820312, 1422.7940673828125]}, "beierfasite_9_rw": {"size": [2048.0, 1836.0], "pivot": [0.49067598581314087, 0.66650390625], "position": [66.5, 74.5], "rawSize": [2048.0, 1836.0]}}