{"tujizhe": {"size": [1208.0, 1184.0], "pivot": [0.6307947039604187, 0.6173986196517944], "position": [121.99991607666016, 165.0], "rawSize": [1024.0, 1004.0], "view": [462.0, 924.0]}}