{"z23_12": {"size": [5694.0, 3388.0], "pivot": [0.49067598581314087, 0.66650390625], "position": [-289.6829833984375, 124.19489288330078], "raw": true, "rawSize": [2048.0, 1220.0], "view": [1029.3468017578125, 2359.756103515625]}, "z23_12_rw": {"size": [2048.0, 2032.0], "pivot": [0.49067598581314087, 0.66650390625], "position": [93.80000305175781, 489.5], "rawSize": [2048.0, 2032.0]}}