{"z23_12": {"size": [5126.0, 4362.0], "pivot": [0.49067598581314087, 0.66650390625], "position": [-377.8824157714844, -336.5299072265625], "rawSize": [2048.0, 1743.0], "view": [1241.2711181640625, 2845.588134765625]}, "z23_12_rw": {"size": [2048.0, 2048.0], "pivot": [0.49067598581314087, 0.66650390625], "position": [-22.0, 143.0], "rawSize": [2048.0, 2048.0]}}