{"ninghai_6": {"size": [1245.0, 1400.0], "pivot": [0.4975903630256653, 0.5514285564422607], "position": [-137.0, -74.0], "rawSize": [1245.0, 1400.0], "view": [441.3999938964844, 1012.0999755859375]}}