{"dipulaikesi_2": {"size": [8726.0, 5234.0], "pivot": [0.49067598581314087, 0.66650390625], "position": [18.581342697143555, -260.5583190917969], "rawSize": [2048.0, 1228.0], "view": [981.47021484375, 2250.0]}, "dipulaikesi_2_rw": {"size": [2048.0, 1852.0], "pivot": [0.49067598581314087, 0.66650390625], "position": [-37.099998474121094, 93.80000305175781], "rawSize": [2048.0, 1852.0]}}