{"haiyinlixi_5": {"size": [4286.0, 2492.0], "pivot": [0.49067598581314087, 0.66650390625], "position": [-201.7220458984375, -140.38131713867188], "raw": true, "rawSize": [2048.0, 1191.0], "view": [620.6355590820312, 1422.7940673828125]}, "haiyinlixi_5_rw": {"size": [2048.0, 1780.0], "pivot": [0.49067598581314087, 0.66650390625], "position": [-62.900001525878906, 246.6999969482422], "rawSize": [2048.0, 1780.0]}}