{"niulunbao": {"size": [1810.0, 2048.0], "pivot": [0.4679557979106903, 0.619140625], "position": [-57.999996185302734, 244.0], "rawSize": [1810.0, 2048.0], "view": [331.0, 1054.0]}}