{"luodeni_alter": {"size": [2048.0, 1382.0], "pivot": [0.49067598581314087, 0.66650390625], "position": [-1368.4285888671875, 101.01092529296875], "rawSize": [2048.0, 1382.0], "view": [474.1934814453125, 1087.07861328125]}, "luodeni_alter_bj": {"size": [2706.0, 1520.0], "pivot": [0.49067598581314087, 0.66650390625], "position": [324.0, -407.0], "rawSize": [2048.0, 1150.0]}, "luodeni_alter_rw": {"size": [2048.0, 1382.0], "pivot": [0.49067598581314087, 0.66650390625], "position": [-898.0, 112.0], "rawSize": [2048.0, 1382.0]}}