{"wensensi_3": {"size": [1024.0, 1024.0], "pivot": [0.546875, 0.3759765625], "position": [-109.9998550415039, -134.0], "rawSize": [1024.0, 1024.0], "view": [370.0, 848.0]}}