{"qiansui_2": {"size": [3738.0, 3168.0], "pivot": [0.58984375, 0.5973502397537231], "position": [-26.99997329711914, 41.0], "rawSize": [2048.0, 1736.0], "view": [743.2999877929688, 1704.5]}, "qiansui_2_front": {"size": [990.0, 2048.0], "pivot": [0.49067598581314087, 0.66650390625], "position": [146.0, 212.0], "rawSize": [990.0, 2048.0]}}