{"z23_6": {"size": [1177.0, 1400.0], "pivot": [0.6189464926719666, 0.647857129573822], "position": [-35.999996185302734, 219.0], "rawSize": [1177.0, 1400.0], "view": [448.6000061035156, 1028.699951171875]}}