{"youming_g": {"size": [1400.0, 1270.0], "pivot": [0.5028571486473083, 0.5440945029258728], "position": [-198.0000457763672, -85.0], "rawSize": [1400.0, 1270.0], "view": [519.7000122070312, 1191.5999755859375]}}