{"jiluofu_2": {"view": [479.58203125, 1099.431884765625], "position": [-231.09097290039062, 176.77268981933594]}}