{"jiluofu_2": {"size": [2048.0, 2030.0], "pivot": [0.49853515625, 0.6120689511299133], "position": [-45.99995803833008, 147.0], "rawSize": [2048.0, 2030.0], "view": [408.1000061035156, 935.7999877929688]}}