{"luoma_4": {"size": [5470.0, 4526.0], "pivot": [0.49067598581314087, 0.66650390625], "position": [-507.3175354003906, -121.80961608886719], "rawSize": [2048.0, 1695.0], "view": [669.8923950195312, 1535.71435546875]}, "luoma_4_rw": {"size": [1804.0, 2048.0], "pivot": [0.49067598581314087, 0.66650390625], "position": [-363.5, -126.80000305175781], "rawSize": [1804.0, 2048.0]}}