{"qiubite": {"size": [705.0, 1024.0], "pivot": [0.42907801270484924, 0.603515625], "position": [-55.999610900878906, 119.0], "rawSize": [705.0, 1024.0], "view": [377.0, 774.0]}}