{"wudi": {"size": [646.0, 1024.0], "pivot": [0.47987616062164307, 0.619140625], "position": [-22.999727249145508, 107.0], "rawSize": [646.0, 1024.0], "view": [357.0, 819.0]}}