{"yingyong_2": {"size": [1881.0, 2048.0], "pivot": [0.4984050989151001, 0.53515625], "position": [-325.0, -80.0], "rawSize": [1881.0, 2048.0], "view": [712.7000122070312, 1634.4000244140625]}}