{"liekexingdun_2": {"size": [1200.0, 1111.0], "pivot": [0.48766666650772095, 0.7460846304893494], "position": [-108.00017547607422, 132.0], "rawSize": [1200.0, 1111.0], "view": [385.0, 881.0]}}