{"u47": {"size": [1024.0, 1024.0], "pivot": [0.560546875, 0.431640625], "position": [-46.99989318847656, -46.0], "rawSize": [1024.0, 1024.0], "view": [273.0, 625.0]}}