{"bominghan_3": {"size": [4470.0, 4236.0], "pivot": [0.49067598581314087, 0.66650390625], "position": [-549.0833740234375, -471.3335266113281], "raw": true, "rawSize": [2048.0, 1941.0], "view": [981.47021484375, 2250.0]}, "bominghan_3_rw": {"size": [1446.0, 2048.0], "pivot": [0.49067598581314087, 0.66650390625], "position": [31.0, -161.0], "rawSize": [1446.0, 2048.0]}}