{"ximu_3": {"size": [568.0, 1024.0], "pivot": [0.4459507465362549, 0.6890624761581421], "position": [-85.99998474121094, 102.0], "rawSize": [568.0, 1024.0], "view": [363.0, 832.0]}}