{"yingrui_3": {"size": [3382.0, 3305.0], "pivot": [0.49067598581314087, 0.66650390625], "position": [-565.9656372070312, -17.098834991455078], "rawSize": [2048.0, 2002.0], "view": [740.4072875976562, 1697.3682861328125]}, "yingrui_3_rw": {"size": [1602.0, 2048.0], "pivot": [0.49067598581314087, 0.66650390625], "position": [-393.0, 506.5], "rawSize": [1602.0, 2048.0]}}