{"u37": {"size": [2048.0, 1574.0], "pivot": [0.59765625, 0.40787801146507263], "position": [-238.0, -123.0], "rawSize": [2048.0, 1574.0], "view": [521.5, 1196.5999755859375]}}