{"qianzao_2": {"size": [1506.0, 2048.0], "pivot": [0.5192190408706665, 0.529263973236084], "position": [-109.63163757324219, 88.842041015625], "rawSize": [1506.0, 2048.0], "view": [444.2444152832031, 1018.4210815429688]}}