{"u47_5": {"size": [2048.0, 1784.0], "pivot": [0.49067598581314087, 0.66650390625], "position": [-85.63642883300781, -149.36367797851562], "rawSize": [2048.0, 1784.0], "view": [479.58203125, 1099.431884765625]}}