{"i25_2": {"size": [779.0, 1024.0], "pivot": [0.4421052634716034, 0.628710925579071], "position": [-152.0001220703125, 27.0], "rawSize": [779.0, 1024.0], "view": [434.0, 993.0]}}