{"aisijimo": {"size": [1349.0, 1400.0], "pivot": [0.5928835868835449, 0.5869286060333252], "position": [-114.00005340576172, 63.0], "rawSize": [1349.0, 1400.0], "view": [508.1000061035156, 1164.9000244140625]}}