{"aijiangdd_2": {"size": [1024.0, 893.0], "pivot": [0.4429687261581421, 0.685890257358551], "position": [-118.39984130859375, 85.5], "rawSize": [1024.0, 893.0], "view": [305.6000061035156, 701.7000122070312]}}