{"wushiling_5": {"size": [2048.0, 1350.0], "pivot": [0.49067598581314087, 0.66650390625], "position": [-274.9268798828125, -157.8782196044922], "raw": true, "rawSize": [2048.0, 1350.0], "view": [514.6734008789062, 1179.8780517578125]}}