{"jiaweisi_2": {"size": [2048.0, 1888.0], "pivot": [0.49067598581314087, 0.66650390625], "position": [-261.2857666015625, -93.10206604003906], "rawSize": [2048.0, 1888.0], "view": [430.64508056640625, 987.244873046875]}}