{"dahuangfeng_2": {"size": [604.0, 1024.0], "pivot": [0.4950331151485443, 0.5703125], "position": [-129.999755859375, 54.0], "rawSize": [604.0, 1024.0], "view": [313.0, 718.0]}}