{"texiusi_2": {"size": [2761.0, 2973.0], "pivot": [0.49067598581314087, 0.66650390625], "position": [-40.33338928222656, -108.00008392333984], "rawSize": [1902.0, 2048.0], "view": [562.7095947265625, 1290.0]}, "texiusi_2_rw": {"size": [1584.0, 2048.0], "pivot": [0.49067598581314087, 0.66650390625], "position": [-74.0, 82.0], "rawSize": [1584.0, 2048.0]}}