{"lupuleixite": {"size": [5226.0, 4272.0], "pivot": [0.49067598581314087, 0.66650390625], "position": [35.05122375488281, 280.053955078125], "rawSize": [2048.0, 1674.0], "view": [578.1263427734375, 1325.342529296875]}, "lupuleixite_rw": {"size": [1924.0, 2048.0], "pivot": [0.49067598581314087, 0.66650390625], "position": [273.0, 308.0], "rawSize": [1924.0, 2048.0]}}