{"biaoqiang_3": {"size": [1200.0, 1199.0], "pivot": [0.5049999952316284, 0.4899916648864746], "position": [-68.99964904785156, -8.0], "rawSize": [1200.0, 1199.0], "view": [340.0, 779.0]}}