{"aotuo_2": {"size": [1952.0, 2048.0], "pivot": [0.4732530117034912, 0.6810547113418579], "position": [-70.77762603759766, -491.4508361816406], "rawSize": [1952.0, 2048.0], "view": [584.5971069335938, 1343.75]}}