{"heiyansheshou_2": {"size": [3168.0, 2112.0], "pivot": [0.49067598581314087, 0.66650390625], "position": [-350.9682922363281, 45.33323287963867], "raw": true, "rawSize": [2048.0, 1366.0], "view": [669.8923950195312, 1535.71435546875]}, "heiyansheshou_2_bj": {"size": [3168.0, 2112.0], "pivot": [0.49067598581314087, 0.66650390625], "position": [-28.0, 353.20001220703125], "rawSize": [2048.0, 1366.0]}, "heiyansheshou_2_rw": {"size": [2048.0, 1708.0], "pivot": [0.49067598581314087, 0.66650390625], "position": [-194.8000030517578, 480.8999938964844], "rawSize": [2048.0, 1708.0]}}