{"fuerban_g": {"size": [836.0, 1024.0], "pivot": [0.5251196026802063, 0.5517578125], "position": [-75.0002212524414, 64.0], "rawSize": [836.0, 1024.0], "view": [297.0, 680.0]}}