{"u522": {"size": [958.0, 1024.0], "pivot": [0.6654488444328308, 0.5703125], "position": [0.0005064010620117188, 17.0], "rawSize": [958.0, 1024.0], "view": [421.0, 965.0]}}