{"longqibing": {"size": [1024.0, 967.0], "pivot": [0.4970703125, 0.550672173500061], "position": [-131.99996948242188, -3.0], "rawSize": [1024.0, 967.0], "view": [342.70001220703125, 785.7000122070312]}}