{"guanghui_h": {"size": [1024.0, 952.0], "pivot": [0.365234375, 0.6407563090324402], "position": [-107.00004577636719, 128.0], "rawSize": [1024.0, 951.0], "view": [407.0, 719.0]}}