{"xishao": {"size": [3566.0, 3358.0], "pivot": [0.49067598581314087, 0.66650390625], "position": [-448.47064208984375, -598.294189453125], "rawSize": [2048.0, 1929.0], "view": [620.6355590820312, 1422.7940673828125]}, "xishao_rw": {"size": [1538.0, 2048.0], "pivot": [0.49067598581314087, 0.66650390625], "position": [-135.0, 199.0], "rawSize": [1538.0, 2048.0]}, "xishao_front": {"size": [3566.0, 3358.0], "pivot": [0.49067598581314087, 0.66650390625], "position": [-33.249000549316406, 559.1199951171875], "rawSize": [2048.0, 1929.0]}}