{"yuekecheng_2": {"size": [579.0, 1024.0], "pivot": [0.530915379524231, 0.659960925579071], "position": [-97.00012969970703, 131.0], "raw": true, "rawSize": [579.0, 1024.0], "view": [359.0, 823.0]}}