{"changbo_2": {"size": [1843.0, 2048.0], "pivot": [0.49837222695350647, 0.5810546875], "position": [-109.00004577636719, 64.0], "rawSize": [1843.0, 2048.0], "view": [621.2000122070312, 1424.5999755859375]}}