{"niulunbao_2": {"size": [1800.0, 2048.0], "pivot": [0.722777783870697, 0.56787109375], "position": [-11.999999046325684, 113.0], "rawSize": [1800.0, 2048.0], "view": [331.0, 973.0]}}