{"chicheng": {"size": [2048.0, 2032.0], "pivot": [0.2314453125, 0.6126968264579773], "position": [-129.00003051757812, 296.0], "rawSize": [2048.0, 2032.0], "view": [331.0, 1244.9000244140625]}}