{"boyixi_idol": {"size": [2820.0, 2568.0], "pivot": [0.49067598581314087, 0.66650390625], "position": [136.84609985351562, 398.15374755859375], "rawSize": [2048.0, 1865.0], "view": [649.2803344726562, 1488.4615478515625]}, "boyixi_idol_rw": {"size": [1152.0, 2048.0], "pivot": [0.49067598581314087, 0.66650390625], "position": [328.29998779296875, 596.7999877929688], "rawSize": [1152.0, 2048.0]}}