{"fage_2": {"size": [6076.0, 3938.0], "pivot": [0.49067598581314087, 0.66650390625], "position": [-194.56103515625, 16.529315948486328], "rawSize": [2048.0, 1327.0], "view": [1004.838623046875, 2303.571533203125]}, "fage_2_rw": {"size": [1878.0, 2048.0], "pivot": [0.49067598581314087, 0.66650390625], "position": [83.4000015258789, 529.0], "rawSize": [1878.0, 2048.0]}}