{"mali": {"size": [5484.0, 3716.0], "pivot": [0.49067598581314087, 0.66650390625], "position": [-327.55560302734375, 277.2777099609375], "rawSize": [2048.0, 1388.0], "view": [586.1558227539062, 1343.75]}, "mali_rw": {"size": [1276.0, 2048.0], "pivot": [0.49067598581314087, 0.66650390625], "position": [-226.0, 407.0], "rawSize": [1276.0, 2048.0]}}