{"jiahezhanlie": {"size": [1211.0, 1400.0], "pivot": [0.4933938980102539, 0.7471428513526917], "position": [-96.99962615966797, 231.0], "rawSize": [1211.0, 1400.0], "view": [389.0, 890.0]}}