{"jiahe_6": {"size": [2048.0, 1984.0], "pivot": [0.49067598581314087, 0.66650390625], "position": [-224.00860595703125, 170.20501708984375], "rawSize": [2048.0, 1984.0], "view": [360.7113037109375, 826.923095703125]}}