{"lupuleixite_3": {"size": [6300.0, 3904.0], "pivot": [0.49067598581314087, 0.66650390625], "position": [-390.44268798828125, 198.88519287109375], "raw": true, "rawSize": [2048.0, 1269.0], "view": [691.8560180664062, 1586.0655517578125]}, "lupuleixite_3_rw": {"size": [1032.0, 2048.0], "pivot": [0.49067598581314087, 0.66650390625], "position": [-90.5, 468.29998779296875], "rawSize": [1032.0, 2048.0]}}