{"banerwei": {"size": [4270.0, 3650.0], "pivot": [0.49067598581314087, 0.66650390625], "position": [-611.5161743164062, 17.645061492919922], "rawSize": [2048.0, 1751.0], "view": [703.386962890625, 1612.4998779296875]}, "banerwei_rw": {"size": [2540.0, 2048.0], "pivot": [0.49067598581314087, 0.66650390625], "position": [-361.0, 33.0], "rawSize": [2540.0, 2048.0]}}