{"weixi_3": {"size": [2048.0, 1680.0], "pivot": [0.681640625, 0.4571428596973419], "position": [-6.999999046325684, -88.0], "rawSize": [2048.0, 1680.0], "view": [343.29998779296875, 787.2999877929688]}}