{"haman_5": {"size": [2048.0, 1898.0], "pivot": [0.49853515625, 0.6965226531028748], "position": [-202.00006103515625, 242.0], "rawSize": [2048.0, 1898.0], "view": [464.20001220703125, 1064.4000244140625]}}