{"nigulasi": {"size": [682.0, 1024.0], "pivot": [0.4633431136608124, 0.5869140625], "position": [-151.9998779296875, 141.0], "rawSize": [682.0, 1024.0], "view": [445.0, 785.0]}}