{"xiafei": {"size": [3680.0, 2888.0], "pivot": [0.49067598581314087, 0.66650390625], "position": [6.846099853515625, 172.25624084472656], "rawSize": [2048.0, 1607.0], "view": [541.0669555664062, 1240.3846435546875]}, "xiafei_rw": {"size": [1304.0, 2048.0], "pivot": [0.49067598581314087, 0.66650390625], "position": [251.0, 604.0], "rawSize": [1304.0, 2048.0]}}