{"mile_2": {"size": [3370.0, 2180.0], "pivot": [0.49067598581314087, 0.66650390625], "position": [-388.1111755371094, -56.889156341552734], "raw": true, "rawSize": [2048.0, 1325.0], "view": [811.6004028320312, 1860.5770263671875]}, "mile_2_rw": {"size": [2048.0, 1630.0], "pivot": [0.49067598581314087, 0.66650390625], "position": [-234.5, 544.2999877929688], "rawSize": [2048.0, 1630.0]}}