{"jialimaoxian_2": {"size": [2952.0, 2792.0], "pivot": [0.49067598581314087, 0.66650390625], "position": [-228.5069122314453, -81.15076446533203], "rawSize": [2048.0, 1937.0], "view": [578.1262817382812, 1325.3424072265625]}, "jialimaoxian_2_rw": {"size": [2048.0, 1586.0], "pivot": [0.49067598581314087, 0.66650390625], "position": [-94.0, 23.0], "rawSize": [2048.0, 1586.0]}}