{"chaijun_5": {"size": [4484.0, 3956.0], "pivot": [0.49067598581314087, 0.66650390625], "position": [-767.212890625, -247.57455444335938], "rawSize": [2048.0, 1807.0], "view": [897.9408569335938, 2058.5107421875]}, "chaijun_5_rw": {"size": [1982.0, 2048.0], "pivot": [0.49067598581314087, 0.66650390625], "position": [-94.13999938964844, 240.5], "rawSize": [1982.0, 2048.0]}}