{"keluoladuo_2": {"size": [797.0, 1024.0], "pivot": [0.3757841885089874, 0.6396484375], "position": [-109.60032653808594, 141.00009155273438], "rawSize": [797.0, 1024.0], "view": [322.0, 737.0]}}