{"baerdimo_h": {"size": [5416.0, 3062.0], "pivot": [0.49067598581314087, 0.66650390625], "position": [-312.09442138671875, -10.563079833984375], "raw": true, "rawSize": [2048.0, 1158.0], "view": [879.2337646484375, 2015.625]}, "baerdimo_h_rw": {"size": [1750.0, 2048.0], "pivot": [0.49067598581314087, 0.66650390625], "position": [-85.5, 196.0], "rawSize": [1750.0, 2048.0]}}