{"tierbici_4": {"size": [1970.0, 2048.0], "pivot": [0.6045685410499573, 0.5185546875], "position": [-216.0, 12.0], "rawSize": [1970.0, 2048.0], "view": [422.70001220703125, 969.2000122070312]}}