{"z16": {"size": [2048.0, 1938.0], "pivot": [0.49067598581314087, 0.66650390625], "position": [-294.7109069824219, -106.85832214355469], "rawSize": [2048.0, 1938.0], "view": [479.5820007324219, 1099.4317626953125]}}