{"xili_3": {"size": [852.0, 1024.0], "pivot": [0.5739436745643616, 0.5], "position": [-55.99954605102539, -31.0], "rawSize": [852.0, 1024.0], "view": [524.0, 1203.0]}}