{"longwu_3": {"size": [2048.0, 1916.0], "pivot": [0.49067598581314087, 0.66650390625], "position": [-254.29745483398438, -60.960174560546875], "rawSize": [2048.0, 1916.0], "view": [508.4725036621094, 1165.6627197265625]}}