{"zhijiage": {"size": [928.0, 1284.0], "pivot": [0.49568966031074524, 0.6580997109413147], "position": [-64.00028228759766, 192.0], "rawSize": [742.0, 1024.0], "view": [493.0, 893.0]}}