{"aierdeliqi_8": {"size": [4368.0, 2700.0], "pivot": [0.49067598581314087, 0.66650390625], "position": [-174.4834442138672, 136.32815551757812], "raw": true, "rawSize": [2048.0, 1266.0], "view": [740.4072875976562, 1697.3682861328125]}, "aierdeliqi_8_rw": {"size": [960.0, 2048.0], "pivot": [0.49067598581314087, 0.66650390625], "position": [171.0, 250.5], "rawSize": [960.0, 2048.0]}}