{"jiuyun": {"size": [2048.0, 1900.0], "pivot": [0.49067598581314087, 0.66650390625], "position": [0.9729089736938477, -192.05409240722656], "rawSize": [2048.0, 1900.0], "view": [285.1568908691406, 653.7161865234375]}}