{"chunxiang": {"size": [2048.0, 1988.0], "pivot": [0.4362248480319977, 0.4515017569065094], "position": [-141.96307373046875, -86.77993774414062], "rawSize": [2048.0, 1988.0], "view": [611.640869140625, 1402.173828125]}}