{"xiafei_3": {"size": [3629.0, 2585.0], "pivot": [0.49067598581314087, 0.66650390625], "position": [-160.12506103515625, -263.4168395996094], "rawSize": [2048.0, 1459.0], "view": [879.2337646484375, 2015.625]}, "xiafei_3_rw": {"size": [2048.0, 1890.0], "pivot": [0.49067598581314087, 0.66650390625], "position": [52.0, 4.0], "rawSize": [2048.0, 1890.0]}}