{"jialisuoniye_alter": {"size": [3350.0, 3170.0], "pivot": [0.49067598581314087, 0.66650390625], "position": [-193.51519775390625, 79.40245819091797], "rawSize": [2048.0, 1938.0], "view": [669.892333984375, 1535.7142333984375]}, "jialisuoniye_alter_rw": {"size": [2048.0, 1522.0], "pivot": [0.49067598581314087, 0.66650390625], "position": [-397.0, -202.0], "rawSize": [2048.0, 1522.0]}}