{"kunxi": {"size": [1024.0, 1024.0], "pivot": [0.3212890625, 0.6337890625], "position": [-179.00013732910156, 125.0], "rawSize": [1024.0, 1024.0], "view": [337.0, 771.0]}}