{"masazhusai": {"size": [1400.0, 1195.0], "pivot": [0.5213571786880493, 0.5583691000938416], "position": [-80.29975891113281, 72.0], "rawSize": [1400.0, 1195.0], "view": [288.0, 660.0]}}