{"ladefute": {"size": [447.0, 1024.0], "pivot": [0.2941834330558777, 0.6328125], "position": [-160.99996948242188, 125.0], "rawSize": [447.0, 1017.0], "view": [433.0, 763.0]}}