{"gubixuefu": {"size": [7777.0, 5418.0], "pivot": [0.49067598581314087, 0.66650390625], "position": [-225.21923828125, -444.1645202636719], "rawSize": [2048.0, 1427.0], "view": [578.1262817382812, 1325.3424072265625]}, "gubixuefu_rw": {"size": [1804.0, 2048.0], "pivot": [0.49067598581314087, 0.66650390625], "position": [609.0, -448.0], "rawSize": [1804.0, 2048.0]}, "gubixuefu_rw2": {"size": [1800.0, 2048.0], "pivot": [0.49067598581314087, 0.66650390625], "position": [-1133.0, -448.0], "rawSize": [1800.0, 2048.0]}}