{"yilishabai_alter": {"size": [4400.0, 3740.0], "pivot": [0.49067598581314087, 0.66650390625], "position": [-113.66673278808594, -417.2000427246094], "rawSize": [2048.0, 2048.0], "view": [562.7095947265625, 1290.0]}, "yilishabai_alter_rw": {"size": [2048.0, 1570.0], "pivot": [0.49067598581314087, 0.66650390625], "position": [-453.0, -312.79998779296875], "rawSize": [2048.0, 1570.0]}}