{"xinaoerliang_2": {"size": [2048.0, 2032.0], "pivot": [0.49067598581314087, 0.66650390625], "position": [-293.1905517578125, -48.2381591796875], "rawSize": [2048.0, 2032.0], "view": [422.0321960449219, 967.5]}}