{"mabuerheide_5": {"size": [2900.0, 3228.0], "pivot": [0.49067598581314087, 0.66650390625], "position": [-350.2727966308594, 43.45443344116211], "raw": true, "rawSize": [1840.0, 2048.0], "view": [767.3312377929688, 1759.0908203125]}, "mabuerheide_5_rw": {"size": [1078.0, 2048.0], "pivot": [0.49067598581314087, 0.66650390625], "position": [-164.0, 154.0], "rawSize": [1078.0, 2048.0]}}