{"yingwuluo_3": {"size": [3064.0, 2832.0], "pivot": [0.49067598581314087, 0.66650390625], "position": [-658.666748046875, -209.66680908203125], "rawSize": [2048.0, 1893.0], "view": [703.386962890625, 1612.4998779296875]}, "yingwuluo_3_rw": {"size": [2048.0, 1422.0], "pivot": [0.49067598581314087, 0.66650390625], "position": [118.0, 395.0], "rawSize": [2048.0, 1422.0]}}