{"i19_2": {"size": [757.0, 1024.0], "pivot": [0.3216644525527954, 0.615234375], "position": [-104.00006103515625, 89.0], "rawSize": [757.0, 1024.0], "view": [401.79998779296875, 919.2999877929688]}}