{"suweiaitongmeng_2": {"size": [2736.0, 2588.0], "pivot": [0.49067598581314087, 0.66650390625], "position": [-141.5946502685547, 87.67559814453125], "rawSize": [2048.0, 1937.0], "view": [570.3137817382812, 1307.432373046875]}, "suweiaitongmeng_2_rw": {"size": [2048.0, 1832.0], "pivot": [0.49067598581314087, 0.66650390625], "position": [151.0, 408.0], "rawSize": [2048.0, 1832.0]}}