{"jinboli_alter": {"size": [2048.0, 2048.0], "pivot": [0.49067598581314087, 0.66650390625], "position": [-56.30238723754883, 74.7906265258789], "rawSize": [2048.0, 2048.0], "view": [490.735107421875, 1125.0]}}