{"nigulasi_2": {"size": [1019.0, 1024.0], "pivot": [0.4921491742134094, 0.5478515625], "position": [-62.99971389770508, 55.0], "rawSize": [1002.0, 1024.0], "view": [373.0, 856.0]}}