{"hdn401": {"size": [1024.0, 931.0], "pivot": [0.5791015625, 0.6084855198860168], "position": [-51.99988555908203, 58.0], "rawSize": [1024.0, 931.0], "view": [403.0, 926.0]}}