{"deyizhi_2": {"size": [966.0, 1024.0], "pivot": [0.3706004023551941, 0.54296875], "position": [-197.9998016357422, 75.0], "rawSize": [966.0, 1024.0], "view": [287.0, 660.0]}}