{"baerdimo_idol": {"size": [2998.0, 2870.0], "pivot": [0.5303535461425781, 0.5983971953392029], "position": [-155.9999542236328, 229.0], "raw": true, "rawSize": [2048.0, 1961.0], "view": [518.7000122070312, 1189.5999755859375]}, "baerdimo_idol_front": {"size": [1400.0, 1400.0], "pivot": [0.49067598581314087, 0.66650390625], "position": [-46.400001525878906, 338.5], "rawSize": [1400.0, 1400.0]}}