{"weiyan_5": {"size": [2048.0, 1648.0], "pivot": [0.49067598581314087, 0.66650390625], "position": [-86.13050079345703, 176.13037109375], "rawSize": [2048.0, 1648.0], "view": [473.6892395019531, 1085.922607421875]}}