{"yan_2": {"size": [4254.0, 3346.0], "pivot": [0.49067598581314087, 0.66650390625], "position": [-363.197265625, 228.9013214111328], "rawSize": [2048.0, 1611.0], "view": [594.4115600585938, 1362.6761474609375]}, "yan_2_rw": {"size": [1610.0, 2048.0], "pivot": [0.49067598581314087, 0.66650390625], "position": [-655.0, 734.0], "rawSize": [1610.0, 2048.0]}, "yan_2_front": {"size": [4254.0, 3346.0], "pivot": [0.49067598581314087, 0.66650390625], "position": [-39.66400146484375, 557.1199951171875], "rawSize": [2048.0, 1611.0]}}