{"haitian_h": {"size": [2736.0, 2550.0], "pivot": [0.49067598581314087, 0.66650390625], "position": [-174.50006103515625, 279.5913391113281], "rawSize": [2048.0, 1909.0], "view": [514.6734008789062, 1179.8779296875]}, "haitian_h_bj": {"size": [2736.0, 2550.0], "pivot": [0.49067598581314087, 0.66650390625], "position": [-22.899999618530273, 425.3999938964844], "rawSize": [2048.0, 1909.0]}, "haitian_h_rw": {"size": [2048.0, 1682.0], "pivot": [0.49067598581314087, 0.66650390625], "position": [-200.8000030517578, 290.0], "rawSize": [2048.0, 1682.0]}}