{"zhenhai_3": {"size": [2656.0, 1568.0], "pivot": [0.49067598581314087, 0.66650390625], "position": [-177.8824005126953, -36.36851501464844], "raw": true, "rawSize": [2048.0, 1209.0], "view": [578.1262817382812, 1325.3424072265625]}, "zhenhai_3_rw": {"size": [2048.0, 994.0], "pivot": [0.49067598581314087, 0.66650390625], "position": [-66.0, 102.30000305175781], "rawSize": [2048.0, 994.0]}}