{"zhenhai_3": {"size": [2048.0, 1310.0], "pivot": [0.49067598581314087, 0.66650390625], "position": [-123.92314147949219, -111.0770034790039], "rawSize": [2048.0, 1310.0], "view": [541.0669555664062, 1240.3846435546875]}}