{"suweiaibeilaluosi": {"size": [4096.0, 2897.0], "pivot": [0.4885009825229645, 0.5248532891273499], "position": [-287.0000915527344, 7.0], "rawSize": [2048.0, 1449.0], "view": [533.2000122070312, 1222.800048828125]}, "suweiaibeilaluosi_middle": {"size": [4096.0, 2897.0], "pivot": [0.49067598581314087, 0.66650390625], "position": [-38.191001892089844, 482.3599853515625], "rawSize": [2048.0, 1449.0]}, "suweiaibeilaluosi_front": {"size": [2048.0, 1942.0], "pivot": [0.49067598581314087, 0.66650390625], "position": [-147.5, 355.20001220703125], "rawSize": [2048.0, 1942.0]}}