{"binxifaniya": {"size": [722.0, 1024.0], "pivot": [0.46601441502571106, 0.7024673223495483], "position": [-36.251163482666016, 203.0078887939453], "rawSize": [722.0, 1024.0], "view": [403.986083984375, 681.3380737304688]}}