{"liang": {"size": [3970.0, 3560.0], "pivot": [0.49067598581314087, 0.66650390625], "position": [-945.718017578125, 146.61521911621094], "rawSize": [2048.0, 1836.0], "view": [555.3056030273438, 1273.0263671875]}, "liang_rw": {"size": [1850.0, 2048.0], "pivot": [0.49067598581314087, 0.66650390625], "position": [-936.0, 263.0], "rawSize": [1850.0, 2048.0]}}