{"tashigan": {"size": [2048.0, 1748.0], "pivot": [0.49853515625, 0.6218535304069519], "position": [-218.00006103515625, 100.0], "rawSize": [2048.0, 1748.0], "view": [675.4000244140625, 1548.9000244140625]}}