{"hao_2": {"size": [1901.0, 2048.0], "pivot": [0.49842187762260437, 0.66845703125], "position": [-209.9999237060547, 225.0], "rawSize": [1901.0, 2048.0], "view": [518.7000122070312, 1189.300048828125]}}