{"jiangfeng_h": {"size": [1039.0, 1200.0], "pivot": [0.49715641140937805, 0.5196666717529297], "position": [-192.00006103515625, 48.0], "rawSize": [1039.0, 1200.0], "view": [325.70001220703125, 746.9000244140625]}}