{"pengsakela": {"size": [782.0, 1024.0], "pivot": [0.5063938498497009, 0.654296875], "position": [-22.999649047851562, 158.0], "rawSize": [782.0, 1024.0], "view": [342.0, 704.0]}}