{"linuo": {"size": [2048.0, 1982.0], "pivot": [0.49853515625, 0.6347123980522156], "position": [-251.0000762939453, 248.0], "rawSize": [2048.0, 1982.0], "view": [582.9000244140625, 1336.5]}}