{"zhaohe": {"size": [2048.0, 1730.0], "pivot": [0.43798828125, 0.6150289177894592], "position": [-323.99993896484375, 39.0], "rawSize": [2048.0, 1730.0], "view": [523.4000244140625, 1200.300048828125]}}