{"duli_6": {"size": [2048.0, 1840.0], "pivot": [0.49853515625, 0.539130449295044], "position": [-165.99990844726562, -189.0], "rawSize": [2048.0, 1840.0], "view": [533.2999877929688, 1223.0]}}