{"xiao_5": {"size": [2048.0, 1822.0], "pivot": [0.49067598581314087, 0.66650390625], "position": [-8.538521766662598, 11.99991512298584], "raw": true, "rawSize": [2048.0, 1822.0], "view": [541.0669555664062, 1240.3846435546875]}}