{"salatuojia_3": {"size": [808.0, 1024.0], "pivot": [0.4121287167072296, 0.603515625], "position": [-67.00045776367188, 65.0], "rawSize": [808.0, 1024.0], "view": [407.0, 934.0]}}