{"baoduoliuhua_3": {"size": [3150.0, 3170.0], "pivot": [0.49067598581314087, 0.66650390625], "position": [-210.6364288330078, 155.18167114257812], "rawSize": [2035.0, 2048.0], "view": [959.1640625, 2198.86376953125]}, "baoduoliuhua_3_rw": {"size": [1620.0, 2048.0], "pivot": [0.49067598581314087, 0.66650390625], "position": [220.0, 451.0], "rawSize": [1620.0, 2048.0]}}