{"huonululu_5": {"size": [1400.0, 1302.0], "pivot": [0.4612143039703369, 0.484485387802124], "position": [-96.99994659423828, -40.0], "rawSize": [1400.0, 1302.0], "view": [374.0, 857.7999877929688], "raw": true}}