{"moermansike": {"size": [2048.0, 1982.0], "pivot": [0.49853515625, 0.5363269448280334], "position": [-153.99998474121094, 83.0], "rawSize": [2048.0, 1982.0], "view": [488.20001220703125, 1119.5999755859375]}, "face": {"size": [278.0, 166.0], "pivot": [0.5, 0.5], "position": [-26.0, 469.5], "rawSize": [278.0, 166.0], "list": [0, 1, 2, 3, 4, 5, 6, 7]}}