{"mingshi_2": {"size": [836.0, 1024.0], "pivot": [0.4629186689853668, 0.56640625], "position": [-108.00000762939453, 61.0], "rawSize": [836.0, 1024.0], "view": [350.0, 804.0]}}