{"jingang_4": {"size": [2810.0, 2984.0], "pivot": [0.49067598581314087, 0.66650390625], "position": [-211.92543029785156, 144.8357696533203], "rawSize": [1929.0, 2048.0], "view": [629.8988037109375, 1444.02978515625]}, "jingang_4_rw": {"size": [1238.0, 2048.0], "pivot": [0.49067598581314087, 0.66650390625], "position": [-163.0, 100.0], "rawSize": [1238.0, 2048.0]}}