{"maliluosi_3_doa": {"size": [2048.0, 1884.0], "pivot": [0.49067598581314087, 0.66650390625], "position": [-30.174671173095703, -189.1113739013672], "rawSize": [2048.0, 1884.0], "view": [669.8923950195312, 1535.7142333984375]}}