{"beifeng": {"size": [1024.0, 1024.0], "pivot": [0.57421875, 0.556640625], "position": [-8.999897956848145, -45.0], "rawSize": [1024.0, 1024.0], "view": [369.0, 846.0]}}