{"dafeng_younv": {"size": [1884.0, 2048.0], "pivot": [0.4732530117034912, 0.6810547113418579], "position": [-199.13192749023438, 52.16969299316406], "rawSize": [1884.0, 2048.0], "view": [794.1697387695312, 1825.4718017578125]}}