{"huangchao": {"size": [661.0, 1024.0], "pivot": [0.42738276720046997, 0.5927734375], "position": [-57.999664306640625, 70.0], "rawSize": [661.0, 1024.0], "view": [302.0, 693.0]}}