{"andelieyaduoliya": {"size": [3390.0, 3060.0], "pivot": [0.49067598581314087, 0.66650390625], "position": [167.1175537109375, -37.411895751953125], "rawSize": [2048.0, 1849.0], "view": [649.2803344726562, 1488.4615478515625]}, "andelieyaduoliya_rw": {"size": [1240.0, 2048.0], "pivot": [0.49067598581314087, 0.66650390625], "position": [120.80000305175781, -44.5], "rawSize": [1240.0, 2048.0]}}