{"lingmin": {"size": [3098.0, 2611.0], "pivot": [0.49067598581314087, 0.66650390625], "position": [-241.87185668945312, 231.23074340820312], "rawSize": [2048.0, 1726.0], "view": [541.0669555664062, 1240.3846435546875]}, "lingmin_rw": {"size": [2048.0, 1696.0], "pivot": [0.49067598581314087, 0.66650390625], "position": [5.0, 330.0], "rawSize": [2048.0, 1696.0]}}