{"zhaochao_4": {"size": [2048.0, 1852.0], "pivot": [0.6015625, 0.4422246217727661], "position": [-96.99999237060547, -180.0], "rawSize": [2048.0, 1852.0], "view": [390.3999938964844, 895.2999877929688]}}