{"he_2": {"size": [2048.0, 1976.0], "pivot": [0.49067598581314087, 0.66650390625], "position": [-149.30775451660156, 163.38453674316406], "rawSize": [2048.0, 1976.0], "view": [541.0669555664062, 1240.3846435546875]}}