{"zhaozhi_2": {"size": [3314.0, 2804.0], "pivot": [0.49067598581314087, 0.66650390625], "position": [-409.50006103515625, -392.1667785644531], "rawSize": [2048.0, 1733.0], "view": [879.2337646484375, 2015.625]}, "zhaozhi_2_rw": {"size": [2048.0, 1570.0], "pivot": [0.49067598581314087, 0.66650390625], "position": [76.0, 129.89999389648438], "rawSize": [2048.0, 1570.0]}}