{"fulandeer_2": {"size": [2048.0, 2044.0], "pivot": [0.49067598581314087, 0.66650390625], "position": [-182.73536682128906, -267.5589599609375], "rawSize": [2048.0, 2044.0], "view": [620.6355590820312, 1422.7940673828125]}}