{"daofeng_5": {"size": [2048.0, 1860.0], "pivot": [0.49067598581314087, 0.66650390625], "position": [-143.8647918701172, 70.09133911132812], "rawSize": [2048.0, 1860.0], "view": [508.4725036621094, 1165.6627197265625]}}