{"huti": {"size": [755.0, 1024.0], "pivot": [0.44039735198020935, 0.607421875], "position": [-103.00033569335938, 78.0], "rawSize": [755.0, 1024.0], "view": [398.0, 751.0]}}