{"hao_4": {"size": [3044.0, 3876.0], "pivot": [0.49067598581314087, 0.66650390625], "position": [-395.87103271484375, 657.0177612304688], "rawSize": [1608.0, 2048.0], "view": [586.1558227539062, 1343.75]}, "hao_4_rw": {"size": [1672.0, 2048.0], "pivot": [0.49067598581314087, 0.66650390625], "position": [-102.0, 858.0], "rawSize": [1672.0, 2048.0]}}