{"kelaimengsuo": {"size": [4350.0, 3990.0], "pivot": [0.49067598581314087, 0.66650390625], "position": [-765.4931640625, 279.1231689453125], "rawSize": [2048.0, 1879.0], "view": [578.1262817382812, 1325.3424072265625]}, "kelaimengsuo_rw": {"size": [1785.0, 2048.0], "pivot": [0.49067598581314087, 0.66650390625], "position": [-496.0, 202.0], "rawSize": [1785.0, 2048.0]}}