{"shi_2": {"size": [2986.0, 1624.0], "pivot": [0.49067598581314087, 0.66650390625], "position": [-196.4667205810547, 35.599918365478516], "raw": true, "rawSize": [2048.0, 1114.0], "view": [562.7095947265625, 1290.0]}, "shi_2_rw": {"size": [2048.0, 1428.0], "pivot": [0.49067598581314087, 0.66650390625], "position": [146.39999389648438, 79.5999984741211], "rawSize": [2048.0, 1428.0]}}