{"yatelanda": {"size": [1078.0, 1048.0], "pivot": [0.30148422718048096, 0.5333969593048096], "position": [-302.000244140625, 93.0], "rawSize": [1024.0, 996.0], "view": [697.0, 977.0]}}