{"lingbo_8": {"size": [1200.0, 1148.0], "pivot": [0.4975000023841858, 0.5627177953720093], "position": [-159.00001525878906, -81.0], "raw": true, "rawSize": [1200.0, 1148.0], "view": [384.1000061035156, 880.7000122070312]}}