{"bailu": {"size": [846.0, 1139.0], "pivot": [0.4964539110660553, 0.5579455494880676], "position": [-69.00032043457031, 82.0], "rawSize": [761.0, 1024.0], "view": [460.0, 967.0]}}