{"shitelasai_4": {"size": [2022.0, 2048.0], "pivot": [0.49067598581314087, 0.66650390625], "position": [-136.4445037841797, 95.61102294921875], "rawSize": [2022.0, 2048.0], "view": [586.1558227539062, 1343.75]}}