{"mingsike_2": {"size": [1986.0, 2048.0], "pivot": [0.5679758191108704, 0.640625], "position": [-104.9999771118164, 248.0], "rawSize": [1986.0, 2048.0], "view": [551.7999877929688, 1265.4000244140625]}}