{"jinqu": {"size": [1978.0, 2048.0], "pivot": [0.49067598581314087, 0.66650390625], "position": [-275.3333740234375, 185.3330841064453], "rawSize": [1978.0, 2048.0], "view": [703.386962890625, 1612.4998779296875]}}