{"malani": {"size": [966.0, 1024.0], "pivot": [0.5508281588554382, 0.640625], "position": [-25.99964141845703, 8.0], "rawSize": [966.0, 1024.0], "view": [460.0, 1056.0]}}