{"pulinsidun": {"size": [2048.0, 1654.0], "pivot": [0.6875, 0.6444981694221497], "position": [-177.00001525878906, 165.0], "rawSize": [2048.0, 1654.0], "view": [543.7999877929688, 1247.0]}}