{"xiongye": {"size": [2048.0, 1829.0], "pivot": [0.234375, 0.5475669503211975], "position": [-352.99993896484375, -63.0], "rawSize": [2048.0, 1829.0], "view": [680.7999877929688, 1560.9000244140625]}}