{"geluosite_3": {"size": [5846.0, 3582.0], "pivot": [0.49067598581314087, 0.66650390625], "position": [-73.6667251586914, 158.66650390625], "raw": true, "rawSize": [2048.0, 1255.0], "view": [703.386962890625, 1612.4998779296875]}, "geluosite_3_rw": {"size": [1126.0, 2048.0], "pivot": [0.49067598581314087, 0.66650390625], "position": [-90.19999694824219, 257.0], "rawSize": [1126.0, 2048.0]}}