{"wuqi_h": {"size": [2048.0, 1692.0], "pivot": [0.4497920274734497, 0.4183083474636078], "position": [-91.52637481689453, -195.68431091308594], "rawSize": [2048.0, 1692.0], "view": [444.2444152832031, 1018.4210815429688]}}