{"sipeibojue_3": {"size": [522.0, 1024.0], "pivot": [0.3256705105304718, 0.7421875], "position": [-150.99996948242188, 109.0], "rawSize": [522.0, 1024.0], "view": [392.0, 900.0]}}