{"z25_2": {"size": [938.0, 1024.0], "pivot": [0.3123667240142822, 0.5927734375], "position": [-171.99954223632812, 81.0], "rawSize": [938.0, 1024.0], "view": [361.0, 826.0]}}