{"niaohai": {"size": [1024.0, 1002.0], "pivot": [0.529296875, 0.6077844500541687], "position": [-113.99978637695312, 152.0], "rawSize": [1024.0, 1002.0], "view": [320.0, 736.0]}}