{"simoli": {"size": [920.0, 1024.0], "pivot": [0.49673911929130554, 0.5703125], "position": [-230.00001525878906, 7.0], "rawSize": [920.0, 1024.0], "view": [407.79998779296875, 935.2000122070312]}}