{"geluosite": {"size": [2048.0, 1451.0], "pivot": [0.56494140625, 0.528256356716156], "position": [-217.00006103515625, 190.0], "rawSize": [2048.0, 1451.0], "view": [509.0, 1167.300048828125]}}