{"botelan": {"size": [1186.0, 1193.0], "pivot": [0.41483980417251587, 0.6106454133987427], "position": [-115.00003814697266, 88.0], "rawSize": [1018.0, 1024.0], "view": [483.0, 968.0]}}