{"yuekecheng_3": {"size": [2048.0, 1836.0], "pivot": [0.49067598581314087, 0.66650390625], "position": [-56.232337951660156, 76.69872283935547], "rawSize": [2048.0, 1836.0], "view": [490.7350769042969, 1124.9998779296875]}}