{"lafei": {"size": [762.0, 1024.0], "pivot": [0.4015747904777527, 0.5908203125], "position": [-78.99961853027344, 84.0], "rawSize": [762.0, 1024.0], "view": [346.0, 794.0]}}