{"xiao_4": {"size": [1948.0, 2048.0], "pivot": [0.49067598581314087, 0.66650390625], "position": [-446.27838134765625, -158.20626831054688], "raw": true, "rawSize": [1948.0, 2048.0], "view": [435.08465576171875, 997.422607421875]}}