{"yichui_2": {"size": [1002.0, 1200.0], "pivot": [0.6646706461906433, 0.6866666674613953], "position": [113.00022888183594, 81.0], "rawSize": [1002.0, 1200.0], "view": [338.0, 777.0]}}