{"salana_2": {"size": [1024.0, 1024.0], "pivot": [0.5322265625, 0.62109375], "position": [33.00007247924805, 89.0], "rawSize": [1024.0, 1024.0], "view": [369.0, 844.0]}}