{"badan": {"size": [993.0, 1024.0], "pivot": [0.39224570989608765, 0.6376953125], "position": [-126.99998474121094, 122.0], "rawSize": [993.0, 1024.0], "view": [355.0, 815.0]}}