{"daleike_2": {"size": [2048.0, 1742.0], "pivot": [0.62353515625, 0.6865097880363464], "position": [-97.00000762939453, 245.0], "rawSize": [2048.0, 1742.0], "view": [331.0, 1185.300048828125]}}