{"aerfuleiduo_2": {"size": [2048.0, 1824.0], "pivot": [0.49067598581314087, 0.66650390625], "position": [-313.6667175292969, 99.4998779296875], "rawSize": [2048.0, 1824.0], "view": [586.1558227539062, 1343.75]}}