{"zhaochao": {"size": [768.0, 1024.0], "pivot": [0.2903645932674408, 0.59765625], "position": [-171.000244140625, 90.0], "rawSize": [768.0, 1024.0], "view": [320.0, 736.0]}}