{"sunying": {"size": [1024.0, 995.0], "pivot": [0.509765625, 0.5683417320251465], "position": [-89.00028228759766, 125.0], "rawSize": [1024.0, 995.0], "view": [286.0, 656.0]}}