{"jifeng_3": {"size": [2048.0, 1872.0], "pivot": [0.49067598581314087, 0.66650390625], "position": [84.29025268554688, 109.25792694091797], "rawSize": [2048.0, 1872.0], "view": [680.6970825195312, 1560.48388671875]}}