{"weizhang_2": {"size": [4042.0, 3694.0], "pivot": [0.49067598581314087, 0.66650390625], "position": [-41.578372955322266, 177.38455200195312], "rawSize": [2048.0, 1872.0], "view": [541.06689453125, 1240.3846435546875]}, "weizhang_2_rw": {"size": [1176.0, 2048.0], "pivot": [0.49067598581314087, 0.66650390625], "position": [173.06643676757812, 210.99560546875], "rawSize": [1176.0, 2048.0]}}