{"jiahe": {"size": [1305.0, 1399.0], "pivot": [0.5252873301506042, 0.6222301721572876], "position": [-15.999931335449219, 163.0], "rawSize": [956.0, 1024.0], "view": [252.0, 872.0]}}