{"yixian_g": {"size": [4697.0, 4926.0], "pivot": [0.49067598581314087, 0.66650390625], "position": [-410.7736511230469, -850.6416625976562], "rawSize": [1982.0, 2048.0], "view": [796.2872314453125, 1825.4718017578125]}, "yixian_g_bj2": {"size": [1388.0, 1669.0], "pivot": [0.49067598581314087, 0.66650390625], "position": [-978.0, 75.0], "rawSize": [1388.0, 1669.0]}, "yixian_g_rw": {"size": [2048.0, 1872.0], "pivot": [0.49067598581314087, 0.66650390625], "position": [-139.0, -287.0], "rawSize": [2048.0, 1872.0]}, "yixian_g_bj1": {"size": [1756.0, 1872.0], "pivot": [0.49067598581314087, 0.66650390625], "position": [1034.0, -498.0], "rawSize": [1756.0, 1872.0]}}