{"changliang_2": {"size": [2048.0, 2019.0], "pivot": [0.572265625, 0.4772164523601532], "position": [-218.00006103515625, -106.0], "rawSize": [2048.0, 2019.0], "view": [672.0, 1540.9000244140625]}}