{"abeikelongbi_3": {"size": [1704.0, 2048.0], "pivot": [0.49067598581314087, 0.66650390625], "position": [-123.77171325683594, 132.47239685058594], "rawSize": [1704.0, 2048.0], "view": [664.6176147460938, 1523.6220703125]}}