{"huanchang_2": {"size": [3470.0, 3196.0], "pivot": [0.49067598581314087, 0.66650390625], "position": [-422.30126953125, -90.40968322753906], "rawSize": [2048.0, 1886.0], "view": [508.4725341796875, 1165.6627197265625]}, "huanchang_2_bj": {"size": [3470.0, 3196.0], "pivot": [0.49067598581314087, 0.66650390625], "position": [-29.0, 536.0], "rawSize": [2048.0, 1886.0]}, "huanchang_2_rw": {"size": [2048.0, 1900.0], "pivot": [0.49067598581314087, 0.66650390625], "position": [-22.0, 119.0], "rawSize": [2048.0, 1900.0]}}