{"sipeibojue_5": {"size": [1131.0, 1200.0], "pivot": [0.4888594448566437, 0.5899999737739563], "position": [-147.00001525878906, 43.0], "rawSize": [1131.0, 1200.0], "view": [386.79998779296875, 886.7999877929688]}}