{"wudao_2": {"size": [955.0, 1024.0], "pivot": [0.5481675267219543, 0.625], "position": [-18.00021743774414, 147.0], "rawSize": [955.0, 1024.0], "view": [462.0, 707.0]}}