{"feilong_g": {"size": [1185.0, 1400.0], "pivot": [0.5662447214126587, 0.6415714621543884], "position": [19.999841690063477, 71.0], "rawSize": [1185.0, 1400.0], "view": [350.0, 803.0]}}