{"haiyinlixi_2": {"size": [2327.0, 3025.0], "pivot": [0.49067598581314087, 0.66650390625], "position": [-211.63421630859375, 430.2926330566406], "rawSize": [1575.0, 2048.0], "view": [514.6734008789062, 1179.8780517578125]}, "haiyinlixi_2_rw": {"size": [1120.0, 2048.0], "pivot": [0.49067598581314087, 0.66650390625], "position": [9.0, 531.0], "rawSize": [1120.0, 2048.0]}}