{"ximu_5": {"size": [2048.0, 1840.0], "pivot": [0.49067598581314087, 0.66650390625], "position": [-160.49212646484375, -221.33346557617188], "rawSize": [2048.0, 1840.0], "view": [669.8923950195312, 1535.71435546875]}}