{"luyijiushi_2": {"size": [1690.0, 2048.0], "pivot": [0.5301775336265564, 0.58056640625], "position": [-189.99990844726562, 133.0], "rawSize": [1690.0, 2048.0], "view": [626.0999755859375, 1435.5]}}