{"daiduo_idol": {"size": [1996.0, 2048.0], "pivot": [0.5591182112693787, 0.6083984375], "position": [-36.999961853027344, 162.0], "rawSize": [1996.0, 2048.0], "view": [513.9000244140625, 1178.4000244140625]}}