{"nengdai_idol": {"size": [2996.0, 3648.0], "pivot": [0.49067598581314087, 0.66650390625], "position": [-216.3549041748047, 497.4837646484375], "rawSize": [1682.0, 2048.0], "view": [680.6970825195312, 1560.48388671875]}, "nengdai_idol_n": {"size": [1920.0, 2048.0], "pivot": [0.49067598581314087, 0.66650390625], "position": [108.80000305175781, 905.9000244140625], "rawSize": [1920.0, 2048.0]}}