{"awuwei": {"size": [563.0, 1022.0], "pivot": [0.3436945080757141, 0.5772994160652161], "position": [-100.00030517578125, 52.0], "rawSize": [562.0, 1024.0], "view": [358.0, 710.0]}}