{"xiongmeng": {"size": [1766.0, 2048.0], "pivot": [0.49067598581314087, 0.66650390625], "position": [-326.2222900390625, -268.4444885253906], "rawSize": [1766.0, 2048.0], "view": [468.9246826171875, 1075.0]}}