{"nengdai_h": {"size": [4582.0, 2992.0], "pivot": [0.49067598581314087, 0.66650390625], "position": [121.35790252685547, 308.7160949707031], "rawSize": [2048.0, 1337.0], "view": [468.92462158203125, 1075.0]}, "nengdai_h_rw": {"size": [2016.0, 2048.0], "pivot": [0.49067598581314087, 0.66650390625], "position": [604.2999877929688, 354.29998779296875], "rawSize": [2016.0, 2048.0]}}