{"ximu_g": {"size": [1024.0, 764.0], "pivot": [0.5333007574081421, 0.5942408442497253], "position": [-105.60002136230469, -7.800000190734863], "rawSize": [1024.0, 764.0], "view": [348.1400146484375, 798.2999877929688]}}