{"fumilulu_2": {"size": [1200.0, 1145.0], "pivot": [0.7458333373069763, 0.6186026334762573], "position": [2.999802589416504, 95.0], "rawSize": [1200.0, 1145.0], "view": [369.0, 848.0]}}