{"vtuber_mio_2": {"size": [1400.0, 1360.0], "pivot": [0.5119999647140503, 0.49455881118774414], "position": [-163.99998474121094, -98.0], "rawSize": [1400.0, 1360.0], "view": [426.8999938964844, 979.0999755859375]}}