{"u101": {"size": [1024.0, 1024.0], "pivot": [0.4970703125, 0.639843761920929], "position": [-158.9998779296875, 107.0], "rawSize": [1024.0, 1024.0], "view": [359.0, 823.0]}}