{"yuanchou": {"size": [6700.0, 4774.0], "pivot": [0.49067598581314087, 0.66650390625], "position": [-598.5517578125, 54.413734436035156], "rawSize": [2048.0, 1459.0], "view": [727.6417236328125, 1668.103515625]}, "yuanchou_rw": {"size": [2438.0, 2546.0], "pivot": [0.49067598581314087, 0.66650390625], "position": [-161.0, 95.0], "rawSize": [2438.0, 2546.0]}}