{"kaersilue_g": {"size": [684.0, 1024.0], "pivot": [0.4181286692619324, 0.662109375], "position": [-58.000144958496094, 146.0], "rawSize": [684.0, 1024.0], "view": [318.0, 731.0]}}