{"tianying_3": {"size": [3190.0, 2815.0], "pivot": [0.49067598581314087, 0.66650390625], "position": [-18.96586799621582, 192.19924926757812], "rawSize": [2048.0, 1807.0], "view": [781.5409545898438, 1791.6663818359375]}, "tianying_3_rw": {"size": [1756.0, 2048.0], "pivot": [0.49067598581314087, 0.66650390625], "position": [555.5, 309.70001220703125], "rawSize": [1756.0, 2048.0]}}