{"huashengdun": {"size": [912.0, 1024.0], "pivot": [0.4802631437778473, 0.5614258050918579], "position": [-69.99964904785156, 67.0], "rawSize": [940.0, 1024.0], "view": [291.0, 668.0]}}