{"birui_5": {"size": [2048.0, 1938.0], "pivot": [0.49853515625, 0.5371516942977905], "position": [-246.99996948242188, -211.0], "rawSize": [2048.0, 1938.0], "view": [539.4000244140625, 1236.800048828125]}}