{"peineiluopo_3": {"size": [2048.0, 1598.0], "pivot": [0.49067598581314087, 0.66650390625], "position": [-243.15390014648438, 82.08536529541016], "rawSize": [2048.0, 1598.0], "view": [360.7113037109375, 826.923095703125]}}