{"texiusi": {"size": [4647.0, 3888.0], "pivot": [0.49067598581314087, 0.66650390625], "position": [145.46568298339844, -248.27406311035156], "rawSize": [2048.0, 1713.0], "view": [578.1262817382812, 1325.3424072265625]}, "texiusi_rw": {"size": [1312.0, 2048.0], "pivot": [0.49067598581314087, 0.66650390625], "position": [177.0, 100.0], "rawSize": [1312.0, 2048.0]}}