{"huti_g": {"size": [911.0, 1024.0], "pivot": [0.4495060443878174, 0.6103515625], "position": [-95.00004577636719, 71.0], "rawSize": [912.0, 1024.0], "view": [380.0, 870.0]}}