{"huangjiafangzhou_5": {"size": [1988.0, 2048.0], "pivot": [0.49067598581314087, 0.66650390625], "position": [-401.1667175292969, 245.3332061767578], "rawSize": [1988.0, 2048.0], "view": [586.1558227539062, 1343.75]}}