{"yingxianzuo": {"size": [2048.0, 1780.0], "pivot": [0.49853515625, 0.4617977440357208], "position": [-311.0, -170.0], "rawSize": [2048.0, 1780.0], "view": [496.79998779296875, 1139.0999755859375]}}