{"changmen_2": {"size": [1400.0, 1020.0], "pivot": [0.5462856888771057, 0.5491176247596741], "position": [-31.000320434570312, -25.0], "rawSize": [1400.0, 1020.0], "view": [414.0, 950.0]}}