{"chicheng_idol": {"size": [1200.0, 1110.0], "pivot": [0.5852499604225159, 0.6007207036018372], "position": [-23.0, 68.0], "rawSize": [1200.0, 1110.0], "view": [393.0, 901.0999755859375]}}