{"rangbaer_3": {"size": [2048.0, 1508.0], "pivot": [0.49853515625, 0.5477453470230103], "position": [-96.9999771118164, 32.0], "rawSize": [2048.0, 1508.0], "view": [351.1000061035156, 805.0999755859375]}}