{"z19": {"size": [803.0, 1024.0], "pivot": [0.4838107228279114, 0.4462890625], "position": [-41.999908447265625, 26.0], "rawSize": [803.0, 1024.0], "view": [370.0, 943.0]}}