{"haiqi_2": {"size": [1614.0, 2048.0], "pivot": [0.49067598581314087, 0.66650390625], "position": [-159.20787048339844, -211.63644409179688], "rawSize": [1614.0, 2048.0], "view": [548.09375, 1256.4935302734375]}}