{"u556_2": {"size": [1024.0, 1000.0], "pivot": [0.4453125, 0.6119999885559082], "position": [-82.99964141845703, 84.0], "rawSize": [1024.0, 1000.0], "view": [432.0, 990.0]}}