{"edu_idol": {"size": [2902.0, 2744.0], "pivot": [0.4861474931240082, 0.5018221735954285], "position": [-258.9999694824219, -123.0], "rawSize": [2048.0, 1936.0], "view": [516.2000122070312, 1183.699951171875]}, "edu_idol_front": {"size": [1684.0, 2048.0], "pivot": [0.49067598581314087, 0.66650390625], "position": [-60.70000076293945, 470.0], "rawSize": [1684.0, 2048.0]}}