{"haerfude_2": {"size": [3372.0, 2358.0], "pivot": [0.49067598581314087, 0.66650390625], "position": [-385.1225891113281, -11.66788101196289], "raw": true, "rawSize": [2048.0, 1432.0], "view": [691.8560180664062, 1586.0655517578125]}, "haerfude_2_rw": {"size": [2048.0, 1824.0], "pivot": [0.49067598581314087, 0.66650390625], "position": [31.799999237060547, 333.70001220703125], "rawSize": [2048.0, 1824.0]}}