{"yibei_3": {"size": [2048.0, 1958.0], "pivot": [0.49067598581314087, 0.66650390625], "position": [-157.31752014160156, 256.44439697265625], "rawSize": [2048.0, 1958.0], "view": [669.8923950195312, 1535.71435546875]}}