{"canglong_g": {"size": [1400.0, 1238.0], "pivot": [0.48750001192092896, 0.6116316914558411], "position": [-96.0000228881836, 19.0], "rawSize": [1400.0, 1238.0], "view": [315.0, 722.0]}}