{"fengxiang_2": {"size": [751.0, 1024.0], "pivot": [0.36284953355789185, 0.572265625], "position": [-88.99954223632812, 57.0], "rawSize": [751.0, 1024.0], "view": [461.0, 912.0]}}