{"xinzexi_4": {"size": [4742.0, 2652.0], "pivot": [0.49067598581314087, 0.66650390625], "position": [-411.4737548828125, 129.105224609375], "raw": true, "rawSize": [2048.0, 1145.0], "view": [555.3055419921875, 1273.0263671875]}, "xinzexi_4_rw": {"size": [2048.0, 2000.0], "pivot": [0.49067598581314087, 0.66650390625], "position": [536.5, 318.29998779296875], "rawSize": [2048.0, 2000.0]}}