{"kaxin_2": {"size": [2048.0, 1992.0], "pivot": [0.610107421875, 0.44226908683776855], "position": [-218.25006103515625, -216.75003051757812], "rawSize": [2048.0, 1992.0], "view": [527.5402221679688, 1209.375]}}