{"changdao_2": {"size": [898.0, 1024.0], "pivot": [0.38752785325050354, 0.5791015625], "position": [-174.00013732910156, 94.0], "rawSize": [898.0, 1024.0], "view": [360.0, 917.0]}}