{"kongbu": {"size": [1266.0, 1263.0], "pivot": [0.415481835603714, 0.534045934677124], "position": [-181.9999237060547, 94.0], "rawSize": [1022.0, 1012.0], "view": [526.0, 1060.0]}}