{"edu_2": {"size": [1024.0, 944.0], "pivot": [0.248046875, 0.5180084705352783], "position": [-106.99978637695312, -140.0], "rawSize": [1024.0, 944.0], "view": [352.0, 808.0]}}