{"zi_2_shanluan": {"size": [2048.0, 2014.0], "pivot": [0.49067598581314087, 0.66650390625], "position": [-487.68499755859375, -68.54806518554688], "rawSize": [2048.0, 2014.0], "view": [578.1262817382812, 1325.3424072265625]}}