{"guying": {"size": [1084.0, 1151.0], "pivot": [0.36623615026474, 0.64943528175354], "position": [-149.99960327148438, 128.0], "rawSize": [964.0, 1024.0], "view": [531.0, 921.0]}}