{"ougen_h": {"size": [1024.0, 1024.0], "pivot": [0.3994140625, 0.65234375], "position": [-105.0001220703125, 156.0], "rawSize": [1024.0, 1024.0], "view": [292.0, 668.0]}}