{"kuersike": {"size": [4942.0, 4509.0], "pivot": [0.49067598581314087, 0.66650390625], "position": [-355.97442626953125, -116.20516967773438], "rawSize": [2048.0, 1869.0], "view": [541.0669555664062, 1240.3846435546875]}, "kuersike_rw": {"size": [2048.0, 1536.0], "pivot": [0.49067598581314087, 0.66650390625], "position": [-569.7000122070312, -403.5], "rawSize": [2048.0, 1536.0]}}