{"qiubite_2": {"size": [1024.0, 1024.0], "pivot": [0.42578125, 0.529296875], "position": [-97.00000762939453, 22.0], "rawSize": [1024.0, 1024.0], "view": [387.3999938964844, 888.2999877929688]}}