{"z11_2": {"size": [2864.0, 1686.0], "pivot": [0.49067598581314087, 0.66650390625], "position": [-418.51904296875, -142.43051147460938], "raw": true, "rawSize": [2048.0, 1206.0], "view": [534.2179565429688, 1224.6834716796875]}, "z11_2_rw": {"size": [2048.0, 1400.0], "pivot": [0.49067598581314087, 0.66650390625], "position": [-23.799999237060547, 91.80000305175781], "rawSize": [2048.0, 1400.0]}}