{"hdn102_1": {"size": [1024.0, 1024.0], "pivot": [0.5205078125, 0.640917956829071], "position": [-76.99987030029297, 31.200000762939453], "rawSize": [1024.0, 1024.0], "view": [310.79998779296875, 710.9000244140625]}}