{"huangjiafangzhou_4": {"size": [2048.0, 2036.0], "pivot": [0.501953125, 0.6458742618560791], "position": [-273.0, 235.0], "rawSize": [2048.0, 2036.0], "view": [608.5, 1395.199951171875]}}