{"luodeni_4": {"size": [1942.0, 2048.0], "pivot": [0.49067598581314087, 0.66650390625], "position": [-228.7757568359375, 271.81304931640625], "rawSize": [1942.0, 2048.0], "view": [394.422607421875, 904.20556640625]}}