{"luodeni_3": {"size": [611.0, 1024.0], "pivot": [0.3788870573043823, 0.6396484375], "position": [-81.70015716552734, 136.0], "rawSize": [611.0, 1024.0], "view": [312.0, 718.0]}}