{"fuerban_3": {"size": [850.0, 1024.0], "pivot": [0.4964706003665924, 0.5703125], "position": [-235.99974060058594, 80.0], "rawSize": [850.0, 1024.0], "view": [400.0, 916.0]}}