{"aimierbeierding_3": {"size": [1400.0, 1137.0], "pivot": [0.49785715341567993, 0.563324511051178], "position": [-107.00001525878906, 60.0], "rawSize": [1400.0, 1137.0], "view": [428.5, 1017.5]}}