{"guanghui": {"size": [951.0, 895.0], "pivot": [0.30651944875717163, 0.5916200876235962], "position": [-194.99996948242188, 90.0], "rawSize": [1024.0, 963.0], "view": [352.0, 621.0]}}