{"genaisennao": {"size": [945.0, 1024.0], "pivot": [0.5179893970489502, 0.590136706829071], "position": [-36.00007629394531, 77.0], "rawSize": [945.0, 1024.0], "view": [300.0, 766.0]}}