{"lafei_10": {"size": [2048.0, 1750.0], "pivot": [0.49067598581314087, 0.66650390625], "position": [-290.9431457519531, -199.13821411132812], "rawSize": [2048.0, 1750.0], "view": [360.7112731933594, 826.923095703125]}}