{"luao_3": {"size": [2048.0, 1982.0], "pivot": [0.49067598581314087, 0.66650390625], "position": [-92.79551696777344, -178.00009155273438], "rawSize": [2048.0, 1982.0], "view": [479.58203125, 1099.431884765625]}}