{"anshan": {"size": [1006.0, 1024.0], "pivot": [0.21968190371990204, 0.5830078125], "position": [-265.0000305175781, 56.0], "rawSize": [1006.0, 1024.0], "view": [368.0, 843.0]}}