{"asituoliya_2": {"size": [1632.0, 2048.0], "pivot": [0.27450981736183167, 0.6328125], "position": [-226.0, 136.0], "raw": true, "rawSize": [1632.0, 2048.0], "view": [331.0, 1386.0]}}