{"boerzhanuo_3": {"size": [2846.0, 3034.0], "pivot": [0.49067598581314087, 0.66650390625], "position": [-215.63018798828125, -83.47956848144531], "rawSize": [1921.0, 2048.0], "view": [578.1262817382812, 1325.3424072265625]}, "boerzhanuo_3_rw": {"size": [1258.0, 2048.0], "pivot": [0.49067598581314087, 0.66650390625], "position": [-6.0, -97.0], "rawSize": [1258.0, 2048.0]}}