{"tiaoyu": {"size": [1024.0, 989.0], "pivot": [0.4267578125, 0.6203235387802124], "position": [-84.99994659423828, 105.0], "rawSize": [1024.0, 989.0], "view": [332.0, 762.0]}}