{"tianlangxing_3": {"size": [975.0, 1024.0], "pivot": [0.4969230890274048, 0.5703125], "position": [-77.00045776367188, 61.0], "rawSize": [975.0, 1024.0], "view": [423.0, 970.0]}}