{"yueke_ger_2": {"size": [3320.0, 3354.0], "pivot": [0.49067598581314087, 0.66650390625], "position": [-439.6470947265625, -239.47071838378906], "rawSize": [2027.0, 2048.0], "view": [620.6355590820312, 1422.7940673828125]}, "yueke_ger_2_rw": {"size": [2048.0, 1838.0], "pivot": [0.49067598581314087, 0.66650390625], "position": [-10.0, -128.0], "rawSize": [2048.0, 1838.0]}}