{"xiangfeng_2": {"size": [1024.0, 893.0], "pivot": [0.40234375, 0.5246360301971436], "position": [-142.99974060058594, 4.0], "raw": true, "rawSize": [1024.0, 893.0], "view": [367.0, 728.0]}}