{"haitian_5": {"size": [2796.0, 4048.0], "pivot": [0.49067598581314087, 0.66650390625], "position": [-321.52838134765625, 121.43390655517578], "rawSize": [1415.0, 2048.0], "view": [796.2872314453125, 1825.4718017578125]}, "haitian_5_rw": {"size": [1782.0, 2048.0], "pivot": [0.49067598581314087, 0.66650390625], "position": [200.39999389648438, 241.1999969482422], "rawSize": [1782.0, 2048.0]}}