{"aerbien_2": {"size": [2833.0, 2674.0], "pivot": [0.49067598581314087, 0.66650390625], "position": [-77.75275421142578, 95.84642791748047], "rawSize": [2048.0, 1940.0], "view": [479.5820007324219, 1099.431884765625]}, "aerbien_2_rw": {"size": [2048.0, 1522.0], "pivot": [0.49067598581314087, 0.66650390625], "position": [-201.0, 115.0], "rawSize": [2048.0, 1522.0]}}