{"talin": {"size": [3180.0, 2978.0], "pivot": [0.5208805203437805, 0.5241773128509521], "position": [-67.9999771118164, -6.0], "rawSize": [2048.0, 1918.0], "view": [456.29998779296875, 1046.5]}, "talin_front": {"size": [1680.0, 2048.0], "pivot": [0.49067598581314087, 0.66650390625], "position": [9.100000381469727, -124.0], "rawSize": [1680.0, 2048.0]}}