{"bulukelin": {"size": [1032.0, 1394.0], "pivot": [0.375, 0.6872310042381287], "position": [-88.0003662109375, 239.0], "rawSize": [757.0, 1022.0], "view": [327.0, 939.0]}}