{"hdn301": {"size": [813.0, 1024.0], "pivot": [0.4667896628379822, 0.580078125], "position": [-60.99977111816406, 42.0], "rawSize": [813.0, 1024.0], "view": [423.0, 970.0]}}