{"botelan_2": {"size": [745.0, 1024.0], "pivot": [0.4637583792209625, 0.6279296875], "position": [-95.99994659423828, 56.0], "rawSize": [745.0, 1024.0], "view": [395.0, 904.0]}}