{"aisaikesi_3": {"size": [1400.0, 1399.0], "pivot": [0.6957857012748718, 0.6381701231002808], "position": [36.00001525878906, 166.0], "rawSize": [1400.0, 1399.0], "view": [479.29998779296875, 1099.0999755859375]}}