{"tiancheng_3": {"size": [2700.0, 2030.0], "pivot": [0.4732530117034912, 0.6810547113418579], "position": [-528.2939453125, -20.000045776367188], "rawSize": [2048.0, 1540.0], "view": [618.9852294921875, 1422.7940673828125]}, "tiancheng_3_bj": {"size": [1473.0, 1013.0], "pivot": [0.4732530117034912, 0.6810547113418579], "position": [-307.0, 476.0], "rawSize": [1473.0, 1013.0]}, "tiancheng_3_rw": {"size": [2048.0, 1479.0], "pivot": [0.4732530117034912, 0.6810547113418579], "position": [-130.5, 162.5], "rawSize": [2048.0, 1479.0]}}