{"liangbo_2": {"size": [5010.0, 3182.0], "pivot": [0.49067598581314087, 0.66650390625], "position": [-300.1746826171875, 304.0633850097656], "raw": true, "rawSize": [2048.0, 1301.0], "view": [669.8923950195312, 1535.71435546875]}, "liangbo_2_rw": {"size": [1008.0, 2048.0], "pivot": [0.49067598581314087, 0.66650390625], "position": [-111.5999984741211, 386.79998779296875], "rawSize": [1008.0, 2048.0]}}