{"keleiwen": {"size": [756.0, 941.0], "pivot": [0.4722222089767456, 0.6009564399719238], "position": [-107.00006866455078, 110.0], "rawSize": [756.0, 941.0], "view": [411.0, 799.0]}}