{"tierbici_3": {"size": [1400.0, 1386.0], "pivot": [0.5607143044471741, 0.6477633118629456], "position": [-96.99993133544922, 233.0], "rawSize": [1400.0, 1386.0], "view": [418.79998779296875, 960.4000244140625]}}