{"xixuegui_2": {"size": [1001.0, 1024.0], "pivot": [0.4690309762954712, 0.56640625], "position": [-77.99969482421875, 38.0], "rawSize": [1001.0, 1024.0], "view": [317.0, 727.0]}}