{"fuluoxiluofu": {"size": [6010.0, 5898.0], "pivot": [0.49067598581314087, 0.66650390625], "position": [71.49308776855469, 276.38348388671875], "rawSize": [2048.0, 2010.0], "view": [578.1262817382812, 1325.3424072265625]}, "fuluoxiluofu_rw": {"size": [3000.0, 2250.0], "pivot": [0.49067598581314087, 0.66650390625], "position": [345.0581, 118.367], "rawSize": [3000.0, 2250.0]}}