{"z46_7": {"size": [3164.0, 2958.0], "pivot": [0.49067598581314087, 0.66650390625], "position": [-173.3889617919922, -83.4864730834961], "rawSize": [2048.0, 1915.0], "view": [879.2337646484375, 2015.625]}, "z46_7_rw": {"size": [1298.0, 2048.0], "pivot": [0.49067598581314087, 0.66650390625], "position": [29.0, 355.0], "rawSize": [1298.0, 2048.0]}}