{"guying_g": {"size": [1024.0, 1000.0], "pivot": [0.33984375, 0.5049999952316284], "position": [-191.99990844726562, -39.0], "rawSize": [1024.0, 1000.0], "view": [445.0, 1018.0]}}