{"yikaluosi": {"size": [1400.0, 1171.0], "pivot": [0.49785715341567993, 0.5614858865737915], "position": [-192.99996948242188, 42.0], "rawSize": [1400.0, 1171.0], "view": [478.6000061035156, 1097.5999755859375]}}