{"safuke": {"size": [573.0, 1022.0], "pivot": [0.5418848395347595, 0.5401174426078796], "position": [-34.99980926513672, 26.0], "rawSize": [573.0, 1022.0], "view": [344.0, 788.0]}}