{"aisaikesi_4": {"size": [1236.0, 2048.0], "pivot": [0.49757280945777893, 0.53515625], "position": [-32.99995803833008, -131.0], "rawSize": [1236.0, 2048.0], "view": [491.6000061035156, 1127.0999755859375]}}