{"bangfeng_g": {"size": [916.0, 1024.0], "pivot": [0.4072052538394928, 0.5361328125], "position": [-86.0003890991211, 42.0], "rawSize": [916.0, 1024.0], "view": [374.0, 857.0]}}