{"guanghui_8": {"size": [3030.0, 1736.0], "pivot": [0.49067598581314087, 0.66650390625], "position": [-201.41183471679688, 0.23511594533920288], "raw": true, "rawSize": [2048.0, 1174.0], "view": [620.6355590820312, 1422.7940673828125]}, "guanghui_8_bj": {"size": [3030.0, 1736.0], "pivot": [0.49067598581314087, 0.66650390625], "position": [-28.25200080871582, 289.04998779296875], "rawSize": [2048.0, 1174.0]}, "guanghui_8_rw": {"size": [2048.0, 1534.0], "pivot": [0.49067598581314087, 0.66650390625], "position": [215.5, 173.0], "rawSize": [2048.0, 1534.0]}}