{"hemin_4": {"size": [4045.0, 3692.0], "pivot": [0.2367119938135147, 0.40222102403640747], "position": [-783.000244140625, -298.0], "rawSize": [2048.0, 1869.0], "view": [331.0, 1165.5999755859375]}, "hemin_4_renwu": {"size": [1286.0, 2048.0], "pivot": [0.49067598581314087, 0.66650390625], "position": [-588.0, -97.0], "rawSize": [1286.0, 2048.0]}}