{"yanusi_5": {"size": [2048.0, 1768.0], "pivot": [0.49067598581314087, 0.66650390625], "position": [-57.215110778808594, -55.74199676513672], "rawSize": [2048.0, 1768.0], "view": [453.7980651855469, 1040.3226318359375]}}