{"peineiluopo": {"size": [2048.0, 1786.0], "pivot": [0.49853515625, 0.6685330271720886], "position": [-279.0, 228.0], "rawSize": [2048.0, 1786.0], "view": [580.2999877929688, 1330.699951171875]}}