{"chuixue_3": {"size": [805.0, 1024.0], "pivot": [0.5221117734909058, 0.5517578125], "position": [-55.00032043457031, 70.0], "rawSize": [805.0, 1024.0], "view": [314.0, 718.0]}}