{"shaenhuosite_alter": {"size": [2272.0, 2860.0], "pivot": [0.49067598581314087, 0.66650390625], "position": [-150.73965454101562, -148.43719482421875], "rawSize": [1627.0, 2048.0], "view": [508.47259521484375, 1165.6627197265625]}, "shaenhuosite_alter_rw": {"size": [1850.0, 2048.0], "pivot": [0.49067598581314087, 0.66650390625], "position": [-223.0, -61.29999923706055], "rawSize": [1850.0, 2048.0]}, "shaenhuosite_alter_front": {"size": [1850.0, 2048.0], "pivot": [0.49067598581314087, 0.66650390625], "position": [-222.5, -61.29999923706055], "rawSize": [1850.0, 2048.0]}}