{"tianlangxing": {"size": [904.0, 1024.0], "pivot": [0.5055309534072876, 0.65576171875], "position": [-23.999794006347656, 65.0], "rawSize": [904.0, 1024.0], "view": [357.0, 817.0]}}