{"gelunbiya": {"size": [738.0, 1024.0], "pivot": [0.3079945743083954, 0.676074206829071], "position": [-157.6999969482422, 111.5], "rawSize": [738.0, 1024.0], "view": [328.6000061035156, 751.4000244140625]}, "face": {"size": [110.0, 99.0], "pivot": [0.5, 0.5], "position": [-169.0, 366.0], "rawSize": [110.0, 99.0], "list": [0, 1, 2, 3, 4]}}