{"gelunbiya": {"size": [738.0, 1024.0], "pivot": [0.3079945743083954, 0.676074206829071], "position": [-157.6999969482422, 111.5], "rawSize": [738.0, 1024.0], "view": [328.6000061035156, 751.4000244140625]}}