{"ligen": {"size": [723.0, 1024.0], "pivot": [0.385200560092926, 0.5983203053474426], "position": [-65.99957275390625, 94.0], "rawSize": [723.0, 1024.0], "view": [458.0, 700.0]}}