{"mingniabolisi_2": {"size": [1024.0, 1005.0], "pivot": [0.6298828125, 0.5248756408691406], "position": [-64.99974822998047, 55.0], "rawSize": [1024.0, 1005.0], "view": [418.0, 959.0]}}