{"haiqi": {"size": [1864.0, 2048.0], "pivot": [0.49067598581314087, 0.66650390625], "position": [-246.28578186035156, 72.71424102783203], "rawSize": [1864.0, 2048.0], "view": [602.9031372070312, 1382.142822265625]}}