{"adaerbote_2": {"size": [4040.0, 4246.0], "pivot": [0.49067598581314087, 0.66650390625], "position": [-599.9412231445312, 75.23524475097656], "rawSize": [1949.0, 2048.0], "view": [620.6355590820312, 1422.7940673828125]}, "adaerbote_2_rw": {"size": [2048.0, 1338.0], "pivot": [0.49067598581314087, 0.66650390625], "position": [-21.30002784729004, 221.70001220703125], "rawSize": [2048.0, 1338.0]}}