{"lala_2_tolove": {"size": [6268.0, 4248.0], "pivot": [0.49067598581314087, 0.66650390625], "position": [-591.1464233398438, -78.48796081542969], "rawSize": [2048.0, 1388.0], "view": [1029.3468017578125, 2359.756103515625]}, "lala_2_tolove_rw": {"size": [1786.0, 2048.0], "pivot": [0.49067598581314087, 0.66650390625], "position": [-94.19999694824219, 415.0], "rawSize": [1786.0, 2048.0]}}