{"zubing_3": {"size": [1376.0, 1400.0], "pivot": [0.49781978130340576, 0.5514285564422607], "position": [-218.99998474121094, 25.0], "raw": true, "rawSize": [1376.0, 1400.0], "view": [600.5, 1376.9000244140625]}}