{"qianlai_2": {"size": [5490.0, 5044.0], "pivot": [0.49067598581314087, 0.66650390625], "position": [-377.5338134765625, 156.23065185546875], "rawSize": [2048.0, 1882.0], "view": [861.2900390625, 1974.489501953125]}, "qianlai_2_rw": {"size": [1140.0, 2048.0], "pivot": [0.49067598581314087, 0.66650390625], "position": [-82.0, 680.0], "rawSize": [1140.0, 2048.0]}}