{"bulisituoer_2": {"size": [4756.0, 4184.0], "pivot": [0.49067598581314087, 0.66650390625], "position": [-403.5116882324219, 135.02310180664062], "rawSize": [2048.0, 1802.0], "view": [981.47021484375, 2250.0]}, "bulisituoer_2_rw": {"size": [1824.0, 2048.0], "pivot": [0.49067598581314087, 0.66650390625], "position": [-430.0, 456.0], "rawSize": [1824.0, 2048.0]}}