{"gelasige": {"size": [852.0, 1024.0], "pivot": [0.4964788854122162, 0.5703125], "position": [-78.80000305175781, 135.10000610351562], "rawSize": [852.0, 1024.0], "view": [343.6600036621094, 788.02001953125]}}