{"gongzhu_2": {"size": [4380.0, 3770.0], "pivot": [0.49067598581314087, 0.66650390625], "position": [-35.289527893066406, -623.658203125], "rawSize": [2048.0, 1763.0], "view": [1110.6109619140625, 2546.052490234375]}, "gongzhu_2_rw": {"size": [1566.0, 2048.0], "pivot": [0.49067598581314087, 0.66650390625], "position": [284.20001220703125, -255.10000610351562], "rawSize": [1566.0, 2048.0]}}