{"haerbin_3": {"size": [4918.0, 3434.0], "pivot": [0.49067598581314087, 0.66650390625], "position": [-155.62074279785156, -160.41390991210938], "rawSize": [2048.0, 1430.0], "view": [727.6417236328125, 1668.103515625]}, "haerbin_3_rw": {"size": [2048.0, 1930.0], "pivot": [0.49067598581314087, 0.66650390625], "position": [-131.3999786376953, 11.20001220703125], "rawSize": [2048.0, 1930.0]}}