{"jingang_2": {"size": [1718.0, 2048.0], "pivot": [0.47369030117988586, 0.640185534954071], "position": [-159.0, 221.10000610351562], "rawSize": [1718.0, 2048.0], "view": [454.1000061035156, 1040.9000244140625]}}