{"ankeleiqi_2": {"size": [2048.0, 1426.0], "pivot": [0.4732530117034912, 0.6810547113418579], "position": [-63.50850296020508, 165.6058349609375], "rawSize": [2048.0, 1426.0], "view": [501.0832824707031, 1151.7857666015625]}}