{"akasita_g": {"size": [507.0, 1024.0], "pivot": [0.2337278127670288, 0.6025390625], "position": [-118.00033569335938, 112.0], "rawSize": [507.0, 1024.0], "view": [336.0, 667.0]}}