{"gelunweier_alter": {"size": [2250.0, 1532.0], "pivot": [0.49067598581314087, 0.66650390625], "position": [-193.4286346435547, -176.92864990234375], "rawSize": [2048.0, 1394.0], "view": [502.4193115234375, 1151.7857666015625]}, "gelunweier_alter_rw": {"size": [2048.0, 1398.0], "pivot": [0.49067598581314087, 0.66650390625], "position": [-72.30000305175781, 300.57000732421875], "rawSize": [2048.0, 1398.0]}}