{"zhala": {"size": [1400.0, 1351.0], "pivot": [0.49785715341567993, 0.647298276424408], "position": [-143.00009155273438, 187.0], "rawSize": [1400.0, 1351.0], "view": [453.20001220703125, 1039.199951171875]}}