{"shenghuan_2": {"size": [1502.0, 2048.0], "pivot": [0.49067598581314087, 0.66650390625], "position": [-149.9412384033203, 175.5293731689453], "rawSize": [1502.0, 2048.0], "view": [496.5084533691406, 1138.2352294921875]}}