{"jialisuoniye": {"size": [2048.0, 1784.0], "pivot": [0.46142578125, 0.591199517250061], "position": [-279.99993896484375, 117.0], "rawSize": [2048.0, 1784.0], "view": [424.0, 972.2000122070312]}}