{"aheye": {"size": [901.0, 1024.0], "pivot": [0.5166481733322144, 0.6494140625], "position": [-53.000244140625, 101.0], "rawSize": [901.0, 1024.0], "view": [304.0, 697.0]}}