{"beierfasite_2": {"size": [809.0, 1200.0], "pivot": [0.5131025910377502, 0.809583306312561], "position": [-57.99980163574219, 192.0], "rawSize": [809.0, 1200.0], "view": [384.0, 879.0]}}