{"quejie": {"size": [1009.0, 1024.0], "pivot": [0.4970267713069916, 0.5703125], "position": [-86.0001449584961, 113.0], "rawSize": [1009.0, 1024.0], "view": [341.0, 782.0]}}