{"kalvbudisi_4": {"size": [2048.0, 1936.0], "pivot": [0.49067598581314087, 0.66650390625], "position": [-304.5472412109375, 81.81114196777344], "rawSize": [2048.0, 1936.0], "view": [796.2872314453125, 1825.4718017578125]}}