{"huangjiafangzhou_h": {"size": [2788.0, 3722.0], "pivot": [0.4643089473247528, 0.5828857421875], "position": [-54.75006103515625, 169.74993896484375], "rawSize": [1534.0, 2048.0], "view": [527.5402221679688, 1209.375]}, "huangjiafangzhou_h_rw": {"size": [1826.0, 2048.0], "pivot": [0.49067598581314087, 0.66650390625], "position": [-325.1000061035156, 41.599998474121094], "rawSize": [1826.0, 2048.0]}}