{"buzhihuo_2": {"size": [1024.0, 1000.0], "pivot": [0.510058581829071, 0.5877000093460083], "position": [-155.99996948242188, 61.0], "rawSize": [1024.0, 1000.0], "view": [343.29998779296875, 787.2000122070312]}}