{"luodeni_2": {"size": [802.0, 1024.0], "pivot": [0.45261844992637634, 0.5810546875], "position": [-203.00013732910156, 42.0], "rawSize": [802.0, 1024.0], "view": [484.0, 855.0]}}