{"guanghui_4": {"size": [867.0, 1024.0], "pivot": [0.4192618131637573, 0.746289074420929], "position": [-107.00005340576172, 117.0], "rawSize": [867.0, 1024.0], "view": [369.0, 846.0]}}