{"beili": {"size": [588.0, 1024.0], "pivot": [0.4574829936027527, 0.6298828125], "position": [-69.9997329711914, 125.0], "rawSize": [588.0, 1024.0], "view": [436.0, 770.0]}}