{"pubo": {"size": [2048.0, 1828.0], "pivot": [0.4775390625, 0.5809627771377563], "position": [-339.0, 130.0], "rawSize": [2048.0, 1828.0], "view": [631.5999755859375, 1448.5]}}