{"sanli_3": {"size": [2048.0, 1922.0], "pivot": [0.49067598581314087, 0.66650390625], "position": [20.346874237060547, 218.4284210205078], "rawSize": [2048.0, 1922.0], "view": [430.64508056640625, 987.244873046875]}}