{"xiafei_4": {"size": [4574.0, 2866.0], "pivot": [0.49067598581314087, 0.66650390625], "position": [-729.4324951171875, -169.4368438720703], "raw": true, "rawSize": [2048.0, 1283.0], "view": [1110.611083984375, 2546.052734375]}, "xiafei_4_rw": {"size": [2000.0, 2048.0], "pivot": [0.49067598581314087, 0.66650390625], "position": [10.0, 272.0], "rawSize": [2000.0, 2048.0]}, "xiafei_4_bj": {"size": [4574.0, 2866.0], "pivot": [0.49067598581314087, 0.66650390625], "position": [-35.0, 478.0], "rawSize": [2048.0, 1283.0]}}