{"aisaikesi_8": {"size": [3962.0, 2078.0], "pivot": [0.49067598581314087, 0.66650390625], "position": [-964.6923828125, 243.02554321289062], "raw": true, "rawSize": [2048.0, 1074.0], "view": [703.386962890625, 1612.4998779296875]}, "aisaikesi_8_rw": {"size": [1788.0, 2048.0], "pivot": [0.49067598581314087, 0.66650390625], "position": [-616.0, 357.0], "rawSize": [1788.0, 2048.0]}}