{"u81": {"size": [1024.0, 1024.0], "pivot": [0.3701171875, 0.5732421875], "position": [-152.00013732910156, 39.0], "rawSize": [1024.0, 1024.0], "view": [383.0, 883.0]}}