{"aierdeliqi_3": {"size": [988.0, 1280.0], "pivot": [0.46862348914146423, 0.629687488079071], "position": [-86.99971771240234, 185.0], "rawSize": [988.0, 1280.0], "view": [348.0, 798.0]}}