{"qibolin_younv": {"size": [1024.0, 1004.0], "pivot": [0.42597657442092896, 0.6931275129318237], "position": [-139.000244140625, 128.0], "rawSize": [1024.0, 1004.0], "view": [339.0, 778.0]}}