{"yingrui_4": {"size": [4448.0, 2562.0], "pivot": [0.49067598581314087, 0.66650390625], "position": [-213.66671752929688, -39.85195541381836], "raw": true, "rawSize": [2048.0, 1180.0], "view": [781.5410766601562, 1791.6666259765625]}, "yingrui_4_rw": {"size": [2048.0, 1934.0], "pivot": [0.49067598581314087, 0.66650390625], "position": [-46.29999923706055, 202.60000610351562], "rawSize": [2048.0, 1934.0]}}