{"yixian_h": {"size": [2048.0, 1818.0], "pivot": [0.567626953125, 0.5396039485931396], "position": [-23.99995231628418, 22.200000762939453], "rawSize": [2048.0, 1818.0], "view": [344.6400146484375, 790.280029296875]}}