{"junzhu": {"size": [1280.0, 1231.0], "pivot": [0.500781238079071, 0.6348497271537781], "position": [-113.99967956542969, 5.0], "rawSize": [1280.0, 1231.0], "view": [309.0, 710.0]}}