{"aimudeng_4": {"size": [3774.0, 3110.0], "pivot": [0.49067598581314087, 0.66650390625], "position": [-282.3408508300781, -130.83392333984375], "rawSize": [2048.0, 1688.0], "view": [620.6355590820312, 1422.794189453125]}, "aimudeng_4_rw": {"size": [1376.0, 2048.0], "pivot": [0.49067598581314087, 0.66650390625], "position": [-215.10000610351562, 29.0], "rawSize": [1376.0, 2048.0]}}