{"deyizhi_3": {"size": [1024.0, 955.0], "pivot": [0.41796875, 0.5481675267219543], "position": [-118.00020599365234, -2.0], "rawSize": [1024.0, 955.0], "view": [431.0, 990.0]}}