{"aogusite": {"size": [3884.0, 3478.0], "pivot": [0.4520290493965149, 0.41207170486450195], "position": [-204.70404052734375, -181.638427734375], "rawSize": [2048.0, 1834.0], "view": [514.6734008789062, 1179.878173828125]}, "aogusite_rw": {"size": [1744.0, 2048.0], "pivot": [0.49067598581314087, 0.66650390625], "position": [-96.0, 6.5], "rawSize": [1744.0, 2048.0]}}