{"z46_3": {"size": [1348.0, 1400.0], "pivot": [0.49777448177337646, 0.5514285564422607], "position": [-302.0000305175781, -44.0], "rawSize": [1348.0, 1400.0], "view": [585.4000244140625, 1342.300048828125]}}