{"talin_2": {"size": [2048.0, 2048.0], "pivot": [0.49067598581314087, 0.66650390625], "position": [-338.1111755371094, -94.66670227050781], "raw": true, "rawSize": [2048.0, 2048.0], "view": [468.9246826171875, 1075.0]}}