{"z24_3": {"size": [2048.0, 1890.0], "pivot": [0.49067598581314087, 0.66650390625], "position": [-572.9036865234375, -140.28929138183594], "rawSize": [2048.0, 1890.0], "view": [508.4725341796875, 1165.6627197265625]}}