{"zuozhiya": {"size": [847.0, 1024.0], "pivot": [0.45395514369010925, 0.7001953125], "position": [-82.00006866455078, 78.0], "rawSize": [847.0, 1024.0], "view": [299.0, 687.0]}}