{"qianlai": {"size": [2048.0, 1978.0], "pivot": [0.49067598581314087, 0.66650390625], "position": [-221.23919677734375, 10.912907600402832], "rawSize": [2048.0, 1978.0], "view": [458.73065185546875, 1051.63037109375]}}