{"z24_4": {"size": [3298.0, 2526.0], "pivot": [0.49067598581314087, 0.66650390625], "position": [-177.9302978515625, 76.06962585449219], "rawSize": [2048.0, 1569.0], "view": [490.735107421875, 1125.0]}, "z24_4_rw": {"size": [1698.0, 2048.0], "pivot": [0.49067598581314087, 0.66650390625], "position": [-187.0, 273.0], "rawSize": [1698.0, 2048.0]}}