{"huonululu": {"size": [732.0, 1024.0], "pivot": [0.3961748778820038, 0.6875], "position": [-79.99980163574219, 136.0], "rawSize": [732.0, 1024.0], "view": [413.0, 729.0]}}