{"yichui_5": {"size": [2048.0, 1920.0], "pivot": [0.49067598581314087, 0.66650390625], "position": [-177.00006103515625, 86.99996185302734], "rawSize": [2048.0, 1920.0], "view": [527.5402221679688, 1209.375]}}