{"tashigan_4": {"size": [2992.0, 2520.0], "pivot": [0.49067598581314087, 0.66650390625], "position": [-364.541259765625, 264.77978515625], "rawSize": [2048.0, 1725.0], "view": [620.6355590820312, 1422.7940673828125]}, "tashigan_4_rw": {"size": [2048.0, 1819.0], "pivot": [0.49067598581314087, 0.66650390625], "position": [-142.0, 364.0], "rawSize": [2048.0, 1819.0]}}