{"lemaer_3": {"size": [755.0, 1024.0], "pivot": [0.5986754894256592, 0.5703125], "position": [-33.99980163574219, 71.0], "rawSize": [755.0, 1024.0], "view": [362.0, 830.0]}}