{"zi": {"size": [2048.0, 2030.0], "pivot": [0.41017770767211914, 0.41997119784355164], "position": [-319.43719482421875, -134.02442932128906], "rawSize": [2048.0, 2030.0], "view": [468.9246520996094, 1075.0]}}