{"lieren_alter": {"size": [1860.0, 2048.0], "pivot": [0.49067598581314087, 0.66650390625], "position": [-273.40753173828125, 35.92342758178711], "rawSize": [1860.0, 2048.0], "view": [548.09375, 1256.493408203125]}}