{"zhunuo_2": {"size": [2048.0, 1836.0], "pivot": [0.49067598581314087, 0.66650390625], "position": [-35.192832946777344, -6.3133649826049805], "rawSize": [2048.0, 1836.0], "view": [508.4725341796875, 1165.66259765625]}}