{"kulasuo": {"size": [1028.0, 1200.0], "pivot": [0.4873540997505188, 0.768666684627533], "position": [-88.00003814697266, 170.0], "rawSize": [1028.0, 1200.0], "view": [391.0, 899.0]}}