{"weizhang": {"size": [2900.0, 3378.0], "pivot": [0.49067598581314087, 0.66650390625], "position": [1371.72119140625, -280.83477783203125], "rawSize": [1758.0, 2048.0], "view": [541.0669555664062, 1240.3846435546875]}, "weizhang_mid": {"size": [3060.0, 3378.0], "pivot": [0.49067598581314087, 0.66650390625], "position": [2945.800048828125, 562.4500122070312], "rawSize": [1855.0, 2048.0]}, "weizhang_rw": {"size": [2048.0, 2038.0], "pivot": [0.49067598581314087, 0.66650390625], "position": [1476.5999755859375, -282.1000061035156], "rawSize": [2048.0, 2038.0]}}