{"jiujinshan": {"size": [2000.0, 2048.0], "pivot": [0.7580000162124634, 0.70361328125], "position": [72.0, 454.0], "rawSize": [2000.0, 2048.0], "view": [331.0, 1110.300048828125]}}