{"hdn201": {"size": [830.0, 1024.0], "pivot": [0.7084337472915649, 0.4912109375], "position": [-55.00018310546875, 113.0], "rawSize": [830.0, 1024.0], "view": [370.0, 845.0]}}