{"pinghai_3": {"size": [1024.0, 975.0], "pivot": [0.38671875, 0.4743589758872986], "scale": [1.0215983390808105, 1.0215983390808105], "position": [0.0, 0.0], "rawSize": [1024.0, 975.0]}}