{"pinghai_3": {"size": [1024.0, 975.0], "pivot": [0.38671875, 0.4743589758872986], "position": [-140.9998321533203, -12.0], "rawSize": [1024.0, 975.0], "view": [471.0, 770.0]}}