{"shiyu_g": {"size": [1024.0, 956.0], "pivot": [0.4970703125, 0.5753138065338135], "position": [-160.3000030517578, 17.100000381469727], "rawSize": [1024.0, 956.0], "view": [318.8599853515625, 731.2100219726562]}}