{"xizhang_g": {"size": [959.0, 1024.0], "pivot": [0.33003127574920654, 0.556640625], "position": [-247.0000762939453, -32.0], "rawSize": [959.0, 1024.0], "view": [434.0, 996.0]}}