{"teluntuo": {"size": [1400.0, 1154.0], "pivot": [0.5133571624755859, 0.6776430010795593], "position": [-73.00001525878906, 199.0], "rawSize": [1400.0, 1154.0], "view": [349.0, 800.2999877929688]}}