{"fage": {"size": [4072.0, 3362.0], "pivot": [0.49067598581314087, 0.66650390625], "position": [-155.5714874267578, 873.4285278320312], "rawSize": [2048.0, 1691.0], "view": [602.9031372070312, 1382.142822265625]}, "fage_bj": {"size": [4072.0, 3362.0], "pivot": [0.49067598581314087, 0.66650390625], "position": [-36.0, 559.5], "rawSize": [2048.0, 1691.0]}, "fage_rw": {"size": [1902.0, 2048.0], "pivot": [0.49067598581314087, 0.66650390625], "position": [52.20000076293945, 992.0], "rawSize": [1902.0, 2048.0]}}