{"fushun_g": {"size": [2780.0, 2504.0], "pivot": [0.49067598581314087, 0.66650390625], "position": [-241.0000762939453, -468.5555419921875], "rawSize": [2048.0, 1845.0], "view": [468.9246826171875, 1075.0]}, "fushun_g_rw": {"size": [2048.0, 1436.0], "pivot": [0.49067598581314087, 0.66650390625], "position": [-70.0, -295.5], "rawSize": [2048.0, 1436.0]}}