{"aijiangcv": {"size": [1024.0, 938.0], "pivot": [0.596484363079071, 0.6812366843223572], "position": [26.1001033782959, 111.0], "rawSize": [1024.0, 938.0], "view": [316.3999938964844, 724.2999877929688]}}