{"heianjie": {"size": [1160.0, 1357.0], "pivot": [0.375, 0.5803242325782776], "position": [-219.99981689453125, 59.0], "rawSize": [874.0, 1022.0], "view": [541.0, 1075.0]}}