{"liwupu_2": {"size": [3204.0, 2338.0], "pivot": [0.49067598581314087, 0.66650390625], "position": [320.1051940917969, -70.89481353759766], "rawSize": [2048.0, 1494.0], "view": [555.3055419921875, 1273.0263671875]}, "liwupu_2_rw": {"size": [2048.0, 1612.0], "pivot": [0.49067598581314087, 0.66650390625], "position": [21.5, 92.9000015258789], "rawSize": [2048.0, 1612.0]}}