{"lvzuofu_3": {"size": [3864.0, 4258.0], "pivot": [0.49067598581314087, 0.66650390625], "position": [-419.2984924316406, 81.81114959716797], "rawSize": [1859.0, 2048.0], "view": [796.2872314453125, 1825.4718017578125]}, "lvzuofu_3_rw": {"size": [1198.0, 2048.0], "pivot": [0.49067598581314087, 0.66650390625], "position": [-352.0, 196.0], "rawSize": [1198.0, 2048.0]}}