{"rexin_g": {"size": [710.0, 1024.0], "pivot": [0.2535211145877838, 0.5966796875], "position": [-159.9998016357422, 87.0], "rawSize": [710.0, 1024.0], "view": [387.0, 772.0]}}