{"liangyue_2": {"size": [2048.0, 1970.0], "pivot": [0.49853515625, 0.5365481972694397], "position": [-215.99996948242188, -104.0], "rawSize": [2048.0, 1970.0], "view": [541.9000244140625, 1242.800048828125]}}