{"jiuyun_3": {"size": [4338.0, 4540.0], "pivot": [0.4732530117034912, 0.6810547113418579], "position": [-233.03697204589844, -520.2070922851562], "rawSize": [1957.0, 2048.0], "view": [1026.6097412109375, 2359.756103515625]}, "jiuyun_3_rw": {"size": [1792.0, 2048.0], "pivot": [0.4732530117034912, 0.6810547113418579], "position": [-388.0, 24.0], "rawSize": [1792.0, 2048.0]}}