{"buleisite_2": {"size": [3792.0, 3380.0], "pivot": [0.49067598581314087, 0.66650390625], "position": [-733.1111450195312, -0.4185142517089844], "rawSize": [2048.0, 1826.0], "view": [620.6355590820312, 1422.794189453125]}, "buleisite_2_rw": {"size": [2048.0, 1340.0], "pivot": [0.49067598581314087, 0.66650390625], "position": [-472.0, 495.4999694824219], "rawSize": [2048.0, 1340.0]}, "buleisite_2_bj": {"size": [2048.0, 1700.0], "pivot": [0.49067598581314087, 0.66650390625], "position": [372.0, -348.0], "rawSize": [2048.0, 1700.0]}}