{"kaisa_2": {"size": [1400.0, 1235.0], "pivot": [0.5945000052452087, 0.6251215934753418], "position": [7.000038146972656, 134.0], "rawSize": [1400.0, 1235.0], "view": [369.70001220703125, 847.9000244140625]}}