{"suweiaitongmengnew": {"size": [5616.0, 3982.0], "pivot": [0.49067598581314087, 0.66650390625], "position": [-29.80797576904297, -106.4580307006836], "rawSize": [2048.0, 1452.0], "view": [479.5820007324219, 1099.431884765625]}, "suweiaitongmengnew_rw": {"size": [1704.0, 2048.0], "pivot": [0.49067598581314087, 0.66650390625], "position": [217.0, 97.0], "rawSize": [1704.0, 2048.0]}}