{"birui_4": {"size": [1946.0, 2048.0], "pivot": [0.4984583854675293, 0.53515625], "position": [-256.9999694824219, 102.0], "rawSize": [1946.0, 2048.0], "view": [546.7999877929688, 1253.699951171875]}}