{"lei_5": {"size": [2048.0, 1974.0], "pivot": [0.49067598581314087, 0.66650390625], "position": [-238.095947265625, -298.95904541015625], "rawSize": [2048.0, 1974.0], "view": [578.1262817382812, 1325.3424072265625]}}