{"yalisangna_2": {"size": [2048.0, 1174.0], "pivot": [0.49067598581314087, 0.66650390625], "position": [-295.85064697265625, -7.540302276611328], "raw": true, "rawSize": [2048.0, 1174.0], "view": [485.094482421875, 1112.0689697265625]}}