{"nigulasi_4": {"size": [2048.0, 1866.0], "pivot": [0.49853515625, 0.5385851860046387], "position": [-245.99989318847656, 161.0], "rawSize": [2048.0, 1866.0], "view": [691.2999877929688, 1585.4000244140625]}}