{"changdao": {"size": [941.0, 1188.0], "pivot": [0.4287991523742676, 0.6136363744735718], "position": [-121.99977111816406, 131.0], "rawSize": [811.0, 1024.0], "view": [362.0, 925.0]}}