{"lafei_2": {"size": [578.0, 1024.0], "pivot": [0.15570934116840363, 0.5771484375], "position": [-197.99957275390625, 64.0], "rawSize": [578.0, 1024.0], "view": [361.0, 828.0]}}