{"xixuegui_4": {"size": [940.0, 1024.0], "pivot": [0.4394680857658386, 0.56103515625], "position": [-216.99996948242188, -54.400001525878906], "rawSize": [940.0, 1024.0], "view": [328.95001220703125, 754.3099975585938]}}