{"chaijun_3": {"size": [1872.0, 2048.0], "pivot": [0.49839743971824646, 0.53515625], "position": [-121.9999771118164, 32.0], "rawSize": [1872.0, 2048.0], "view": [492.70001220703125, 1129.800048828125]}}