{"qian": {"size": [9352.0, 7842.0], "pivot": [0.49067598581314087, 0.66650390625], "position": [-681.5886840820312, 889.2722778320312], "rawSize": [2048.0, 1717.0], "view": [1004.8387451171875, 2303.571533203125]}, "qian_rw": {"size": [1274.0, 2048.0], "pivot": [0.49067598581314087, 0.66650390625], "position": [-369.29998779296875, 1247.300048828125], "rawSize": [1274.0, 2048.0]}}