{"huobi": {"size": [818.0, 1024.0], "pivot": [0.3826406002044678, 0.5341796875], "position": [-62.99983596801758, 41.0], "rawSize": [818.0, 1024.0], "view": [370.0, 848.0]}}