{"qikaluofu": {"size": [4376.0, 2870.0], "pivot": [0.49067598581314087, 0.66650390625], "position": [-246.9207000732422, -29.984371185302734], "rawSize": [2048.0, 1343.0], "view": [669.8923950195312, 1535.7142333984375]}, "qikaluofu_rw": {"size": [1484.0, 2048.0], "pivot": [0.49067598581314087, 0.66650390625], "position": [97.0, -69.0], "rawSize": [1484.0, 2048.0]}}