{"haifeng_2": {"size": [2048.0, 1834.0], "pivot": [0.49067598581314087, 0.66650390625], "position": [-313.00006103515625, 77.99996948242188], "rawSize": [2048.0, 1834.0], "view": [422.0321960449219, 967.5]}}