{"jiangfeng": {"size": [1400.0, 1318.0], "pivot": [0.4521428644657135, 0.5174506902694702], "position": [-188.9996795654297, -6.0], "rawSize": [1400.0, 1318.0], "view": [320.0, 731.0]}}