{"kongbu_2": {"size": [1024.0, 1006.0], "pivot": [0.3330078125, 0.5337972044944763], "position": [-190.00027465820312, 50.0], "rawSize": [1024.0, 1006.0], "view": [312.0, 715.0]}}