{"mengbiliai": {"size": [916.0, 1024.0], "pivot": [0.39574235677719116, 0.732226550579071], "position": [-181.00035095214844, 151.1999969482422], "rawSize": [916.0, 1024.0], "view": [281.29998779296875, 643.2000122070312]}}