{"yilishabai_7": {"size": [2048.0, 1276.0], "pivot": [0.49067598581314087, 0.66650390625], "position": [-366.8413391113281, 375.49188232421875], "rawSize": [2048.0, 1276.0], "view": [669.8923950195312, 1535.71435546875]}}