{"yilishabai_7": {"size": [2600.0, 1620.0], "pivot": [0.49067598581314087, 0.66650390625], "position": [-639.8572387695312, 207.23777770996094], "rawSize": [2600.0, 1620.0], "view": [669.8923950195312, 1535.71435546875]}}