{"jianye_3": {"size": [2048.0, 1944.0], "pivot": [0.49067598581314087, 0.66650390625], "position": [-299.0847473144531, -114.83253479003906], "rawSize": [2048.0, 1944.0], "view": [485.0944519042969, 1112.06884765625]}}