{"liangbo": {"size": [2048.0, 2046.0], "pivot": [0.49067598581314087, 0.66650390625], "position": [-122.07942199707031, 145.01577758789062], "rawSize": [2048.0, 2046.0], "view": [669.8923950195312, 1535.71435546875]}}