{"bulvxieer": {"size": [1964.0, 2048.0], "pivot": [0.49067598581314087, 0.66650390625], "position": [73.51275634765625, 225.58956909179688], "rawSize": [1964.0, 2048.0], "view": [541.0669555664062, 1240.3846435546875]}}