{"hamanii_2": {"size": [3214.0, 3171.0], "pivot": [0.49067598581314087, 0.66650390625], "position": [-415.2000732421875, -49.8001823425293], "rawSize": [2048.0, 2021.0], "view": [844.0643920898438, 1935.0]}, "hamanii_2_rw": {"size": [1522.0, 2048.0], "pivot": [0.49067598581314087, 0.66650390625], "position": [84.0, 129.0], "rawSize": [1522.0, 2048.0]}}