{"bangfeng_2": {"size": [1024.0, 978.0], "pivot": [0.388671875, 0.5010225176811218], "position": [-95.99974060058594, -23.0], "rawSize": [1024.0, 978.0], "view": [422.0, 968.0]}}