{"luao": {"size": [1024.0, 693.0], "pivot": [0.551562488079071, 0.5148628950119019], "position": [-3.700085163116455, -1.0], "rawSize": [1024.0, 693.0], "view": [260.79998779296875, 598.0]}}