{"kaiersheng_2": {"size": [2616.0, 2744.0], "pivot": [0.49067598581314087, 0.66650390625], "position": [-123.00006103515625, 218.3331756591797], "rawSize": [1952.0, 2048.0], "view": [703.386962890625, 1612.4998779296875]}, "kaiersheng_2_rw": {"size": [770.0, 2048.0], "pivot": [0.49067598581314087, 0.66650390625], "position": [75.0, 244.0], "rawSize": [770.0, 2048.0]}}