{"gecheng": {"size": [3814.0, 2642.0], "pivot": [0.49067598581314087, 0.66650390625], "position": [-26.411827087402344, -26.235382080078125], "rawSize": [2048.0, 1419.0], "view": [629.8988037109375, 1444.02978515625]}, "gecheng_rw": {"size": [1940.0, 2048.0], "pivot": [0.49067598581314087, 0.66650390625], "position": [31.100000381469727, 42.79999923706055], "rawSize": [1940.0, 2048.0]}}