{"banjiu": {"size": [3844.0, 2886.0], "pivot": [0.49067598581314087, 0.66650390625], "position": [-186.05235290527344, 158.61508178710938], "rawSize": [2048.0, 1538.0], "view": [669.8923950195312, 1535.71435546875]}, "banjiu_rw": {"size": [1858.0, 2048.0], "pivot": [0.49067598581314087, 0.66650390625], "position": [-96.0, 147.0], "rawSize": [1858.0, 2048.0]}}