{"zaoshen": {"size": [942.0, 1209.0], "pivot": [0.4394904375076294, 0.643093466758728], "position": [-140.00003051757812, 147.0], "rawSize": [942.0, 1209.0], "view": [496.0, 923.0]}}