{"changmen_alter": {"size": [5544.0, 4842.0], "pivot": [0.49067598581314087, 0.66650390625], "position": [-111.24376678466797, -303.3592834472656], "rawSize": [2048.0, 1789.0], "view": [602.903076171875, 1382.142822265625]}, "changmen_alter_rw": {"size": [2048.0, 1794.0], "pivot": [0.49067598581314087, 0.66650390625], "position": [191.0, -99.0], "rawSize": [2048.0, 1794.0]}}