{"dafeng_5": {"size": [3075.0, 2717.0], "pivot": [0.49067598581314087, 0.66650390625], "position": [-38.49490737915039, -218.14443969726562], "rawSize": [2048.0, 1813.0], "view": [420.0811462402344, 997.4226684570312]}, "dafeng_5f1": {"size": [3075.0, 2717.0], "pivot": [0.49067598581314087, 0.66650390625], "position": [1021.7999877929688, 821.5999755859375], "rawSize": [3075.0, 2717.0]}}