{"qiye_8": {"size": [1678.0, 2048.0], "pivot": [0.49067598581314087, 0.66650390625], "position": [-102.47950744628906, 132.5478515625], "raw": true, "rawSize": [1678.0, 2048.0], "view": [578.1262817382812, 1325.3424072265625]}}