{"nengdai_6": {"size": [5585.0, 3084.0], "pivot": [0.4440823495388031, 0.5323929786682129], "position": [-456.8999938964844, -49.000064849853516], "rawSize": [2048.0, 1131.0], "view": [582.9000244140625, 1336.5]}, "nengdai_6_2": {"size": [5585.0, 3084.0], "pivot": [0.49067598581314087, 0.66650390625], "position": [-48.5, 518.2000122070312], "rawSize": [2048.0, 1133.0]}, "nengdai_6_1": {"size": [5585.0, 3084.0], "pivot": [0.49067598581314087, 0.66650390625], "position": [-52.14899826049805, 515.0], "rawSize": [2048.0, 1133.0]}, "nengdai_6_n": {"size": [2048.0, 1560.0], "pivot": [0.49067598581314087, 0.66650390625], "position": [-69.69999694824219, 136.10000610351562], "rawSize": [2048.0, 1560.0]}}