{"edu": {"size": [924.0, 1024.0], "pivot": [0.4967532455921173, 0.5703125], "position": [-106.00003051757812, 61.0], "rawSize": [924.0, 1024.0], "view": [367.0, 841.0]}}