{"shengdiyage_g": {"size": [1024.0, 907.0], "pivot": [0.412109375, 0.48346197605133057], "position": [-69.99978637695312, -15.0], "rawSize": [1024.0, 907.0], "view": [350.0, 802.0]}}