{"muyue_4": {"size": [1400.0, 1314.0], "pivot": [0.49785715341567993, 0.5547945499420166], "position": [-193.0000457763672, 32.0], "rawSize": [1400.0, 1314.0], "view": [480.79998779296875, 1102.300048828125]}}