{"lingbo_9": {"size": [1168.0, 1400.0], "pivot": [0.5034246444702148, 0.5400000214576721], "position": [-230.99996948242188, -38.0], "raw": true, "rawSize": [1168.0, 1400.0], "view": [406.70001220703125, 932.7000122070312]}}