{"zhumo_2": {"size": [5130.0, 3262.0], "pivot": [0.49067598581314087, 0.66650390625], "position": [-158.11117553710938, 91.62946319580078], "raw": true, "rawSize": [2048.0, 1302.0], "view": [781.5410766601562, 1791.6666259765625]}, "zhumo_2_rw": {"size": [1734.0, 2048.0], "pivot": [0.49067598581314087, 0.66650390625], "position": [-40.0, 660.0], "rawSize": [1734.0, 2048.0]}}