{"qiansui": {"size": [2048.0, 1571.0], "pivot": [0.58349609375, 0.5458306670188904], "position": [-39.00004959106445, -56.0], "rawSize": [2048.0, 1571.0], "view": [441.5, 1012.2999877929688]}}