{"beili_g": {"size": [1071.0, 1280.0], "pivot": [0.47665733098983765, 0.574999988079071], "position": [-67.00055694580078, 60.0], "rawSize": [854.0, 1024.0], "view": [575.0, 1013.0]}}