{"weiyan": {"size": [1400.0, 1268.0], "pivot": [0.49785715341567993, 0.5567823052406311], "position": [-176.99996948242188, 104.0], "rawSize": [1400.0, 1268.0], "view": [476.8999938964844, 1093.5]}}