{"jifeng_2": {"size": [1024.0, 991.0], "pivot": [0.5, 0.5817356109619141], "position": [-77.0003662109375, -15.0], "rawSize": [1024.0, 991.0], "view": [406.0, 930.0]}}