{"nengdai_5": {"size": [1810.0, 2048.0], "pivot": [0.49067598581314087, 0.66650390625], "position": [-177.7843780517578, -580.2353515625], "rawSize": [1810.0, 2048.0], "view": [562.7095947265625, 1290.0]}}