{"muyue_2": {"size": [1024.0, 892.0], "pivot": [0.4951171875, 0.5336322784423828], "position": [-22.99993133544922, -1.0], "rawSize": [1024.0, 892.0], "view": [407.0, 934.0]}}