{"leigensibao_3": {"size": [6286.0, 3782.0], "pivot": [0.49067598581314087, 0.66650390625], "position": [-234.03709411621094, 187.23138427734375], "raw": true, "rawSize": [2048.0, 1232.0], "view": [527.5402221679688, 1209.375]}, "leigensibao_3_rw": {"size": [968.0, 2048.0], "pivot": [0.49067598581314087, 0.66650390625], "position": [-43.0, 312.0], "rawSize": [968.0, 2048.0]}}