{"hailunna_alter": {"size": [2048.0, 1264.0], "pivot": [0.516357421875, 0.6716772317886353], "position": [-54.999996185302734, 237.0], "rawSize": [2048.0, 1264.0], "view": [323.70001220703125, 806.5999755859375]}}