{"beiyade": {"size": [3966.0, 3988.0], "pivot": [0.49067598581314087, 0.66650390625], "position": [-168.23294067382812, 589.4539184570312], "rawSize": [2037.0, 2048.0], "view": [602.9031372070312, 1382.142822265625]}, "beiyade_rw": {"size": [2012.0, 2048.0], "pivot": [0.49067598581314087, 0.66650390625], "position": [-75.0, 764.0], "rawSize": [2012.0, 2048.0]}}