{"xingzuo_2": {"size": [3064.0, 2722.0], "pivot": [0.49067598581314087, 0.66650390625], "position": [-452.8730773925781, 157.5554656982422], "rawSize": [2048.0, 1819.0], "view": [669.8923950195312, 1535.71435546875]}, "xingzuo_2_rw": {"size": [1394.0, 2048.0], "pivot": [0.49067598581314087, 0.66650390625], "position": [-128.89999389648438, 414.6000061035156], "rawSize": [1394.0, 2048.0]}, "xingzuo_2_bj": {"size": [3064.0, 2722.0], "pivot": [0.49067598581314087, 0.66650390625], "position": [-29.5, 450.8999938964844], "rawSize": [2048.0, 1819.0]}}