{"xingzuo_2": {"size": [4570.0, 2748.0], "pivot": [0.49067598581314087, 0.66650390625], "position": [-290.05560302734375, 268.9443664550781], "raw": true, "rawSize": [2048.0, 1231.0], "view": [586.1558227539062, 1343.75]}, "xingzuo_2_bj": {"size": [4570.0, 2748.0], "pivot": [0.49067598581314087, 0.66650390625], "position": [-42.611000061035156, 457.54998779296875], "rawSize": [2048.0, 1231.0]}, "xingzuo_2_rw": {"size": [1394.0, 2048.0], "pivot": [0.49067598581314087, 0.66650390625], "position": [-23.0, 428.0], "rawSize": [1394.0, 2048.0]}}