{"duosaitejun": {"size": [988.0, 1024.0], "pivot": [0.4180161952972412, 0.6279296875], "position": [-73.00028991699219, 116.0], "rawSize": [988.0, 1024.0], "view": [382.0, 785.0]}}