{"rexin": {"size": [580.0, 1024.0], "pivot": [0.3499999940395355, 0.5478515625], "position": [-97.0001449584961, 23.0], "rawSize": [580.0, 1024.0], "view": [393.0, 781.0]}}