{"boertawa": {"size": [4726.0, 3810.0], "pivot": [0.49067598581314087, 0.66650390625], "position": [-98.02046966552734, -7.387786865234375], "rawSize": [2048.0, 1651.0], "view": [430.64508056640625, 987.244873046875]}, "boertawa_bj1": {"size": [4726.0, 3810.0], "pivot": [0.49067598581314087, 0.66650390625], "position": [-45.0, 643.0], "rawSize": [2048.0, 1651.0]}, "boertawa_bj2": {"size": [1889.0, 782.0], "pivot": [0.49067598581314087, 0.66650390625], "position": [43.099998474121094, 265.0], "rawSize": [1889.0, 782.0]}, "boertawa_rw": {"size": [2048.0, 2048.0], "pivot": [0.49067598581314087, 0.66650390625], "position": [177.0, -256.0], "rawSize": [2048.0, 2048.0]}}