{"deyizhi_5": {"size": [2048.0, 1798.0], "pivot": [0.53173828125, 0.6090100407600403], "position": [-149.00003051757812, 153.0], "rawSize": [2048.0, 1798.0], "view": [476.6000061035156, 1093.0]}}