{"jishang": {"size": [4020.0, 4620.0], "pivot": [0.49067598581314087, 0.66650390625], "position": [-303.024169921875, 139.0074005126953], "rawSize": [1782.0, 2048.0], "view": [527.5402221679688, 1209.3748779296875]}, "jishang_front": {"size": [4020.0, 4620.0], "pivot": [0.49067598581314087, 0.66650390625], "position": [-35.0, 767.0], "rawSize": [1782.0, 2048.0]}, "jishang_rw": {"size": [2048.0, 2000.0], "pivot": [0.49067598581314087, 0.66650390625], "position": [95.0999984741211, 284.20001220703125], "rawSize": [2048.0, 2000.0]}}