{"tangsi_2": {"size": [2048.0, 1922.0], "pivot": [0.6983506679534912, 0.36183375120162964], "position": [140.49993896484375, -370.5000305175781], "rawSize": [2048.0, 1922.0], "view": [527.5402221679688, 1209.375]}}