{"z24_2": {"size": [2042.0, 2048.0], "pivot": [0.5181195139884949, 0.53076171875], "position": [-437.0000305175781, -57.0], "rawSize": [2042.0, 2048.0], "view": [524.0999755859375, 1201.699951171875]}}