{"magedebao": {"size": [3294.0, 3139.0], "pivot": [0.49067598581314087, 0.66650390625], "position": [-452.6322326660156, -63.63221740722656], "rawSize": [2048.0, 1952.0], "view": [485.094482421875, 1112.0689697265625]}, "magedebao_jz2": {"size": [1480.0, 2177.0], "pivot": [0.49067598581314087, 0.66650390625], "position": [641.0, 171.0], "rawSize": [1392.0, 2048.0]}, "magedebao_jz1": {"size": [2014.0, 1238.0], "pivot": [0.49067598581314087, 0.66650390625], "position": [-678.0, 93.0], "rawSize": [2014.0, 1238.0]}, "magedebao_rw": {"size": [2048.0, 1658.0], "pivot": [0.49067598581314087, 0.66650390625], "position": [-220.1999969482422, 141.0], "rawSize": [2048.0, 1658.0]}}