{"feilong": {"size": [1582.0, 1394.0], "pivot": [0.48230087757110596, 0.5875179171562195], "position": [-24.999767303466797, 92.0], "rawSize": [1024.0, 895.0], "view": [521.0, 971.0]}}