{"adiliao_2": {"size": [2638.0, 2462.0], "pivot": [0.49067598581314087, 0.66650390625], "position": [-58.333396911621094, -144.476318359375], "rawSize": [2048.0, 1911.0], "view": [602.9031372070312, 1382.142822265625]}, "adiliao_2_rw": {"size": [2048.0, 1668.0], "pivot": [0.49067598581314087, 0.66650390625], "position": [154.60000610351562, 111.69999694824219], "rawSize": [2048.0, 1668.0]}, "adiliao_2_bj": {"size": [724.0, 1236.0], "pivot": [0.49067598581314087, 0.66650390625], "position": [-574.4000244140625, -143.8000030517578], "rawSize": [724.0, 1236.0]}}