{"sipeibojue_younv": {"size": [2048.0, 1758.0], "pivot": [0.49067598581314087, 0.66650390625], "position": [-172.8621368408203, 0.5056793093681335], "rawSize": [2048.0, 1758.0], "view": [485.094482421875, 1112.0689697265625]}}