{"songdiao": {"size": [2048.0, 1800.0], "pivot": [0.49067598581314087, 0.66650390625], "position": [-166.87957763671875, -136.19284057617188], "rawSize": [2048.0, 1800.0], "view": [508.4725341796875, 1165.6627197265625]}}