{"daiduo_2": {"size": [2048.0, 1841.0], "pivot": [0.49853515625, 0.6129820942878723], "position": [-226.00006103515625, 80.0], "rawSize": [2048.0, 1841.0], "view": [546.5, 1253.0999755859375]}}