{"qingbo": {"size": [1024.0, 1147.0], "pivot": [0.4970703125, 0.5627724528312683], "position": [-133.0000457763672, 63.0], "rawSize": [1024.0, 1147.0], "view": [453.20001220703125, 1039.199951171875]}}