{"xufulun_2": {"size": [1948.0, 2048.0], "pivot": [0.49067598581314087, 0.66650390625], "position": [-198.22483825683594, 50.024993896484375], "raw": true, "rawSize": [1948.0, 2048.0], "view": [629.8988037109375, 1444.0299072265625]}}