{"shiyu_3": {"size": [1024.0, 946.0], "pivot": [0.4970703125, 0.5761099457740784], "position": [-63.00015640258789, -16.0], "rawSize": [1024.0, 946.0], "view": [386.0, 885.0]}}