{"aijiangbb": {"size": [952.0, 1024.0], "pivot": [0.5053572058677673, 0.704882800579071], "position": [-57.90025329589844, 152.3000030517578], "rawSize": [952.0, 1024.0], "view": [311.0, 713.5]}}