{"lisailiu_2": {"size": [2048.0, 1818.0], "pivot": [0.5865722894668579, 0.5235423445701599], "position": [49.00001525878906, -45.0], "rawSize": [2048.0, 1818.0], "view": [350.6000061035156, 804.0]}}