{"luyijiushi_3": {"size": [2048.0, 1808.0], "pivot": [0.49853515625, 0.5398229956626892], "position": [-186.00001525878906, -70.0], "rawSize": [2048.0, 1808.0], "view": [493.5, 1131.4000244140625]}}