{"xifujiniya_2": {"size": [1024.0, 996.0], "pivot": [0.4453125, 0.6305220723152161], "position": [-63.99971008300781, 128.0], "rawSize": [1024.0, 996.0], "view": [318.0, 730.0]}}