{"shanfeng_2": {"size": [2048.0, 1722.0], "pivot": [0.49067598581314087, 0.66650390625], "position": [-36.117706298828125, -138.73533630371094], "rawSize": [2048.0, 1722.0], "view": [602.9031372070312, 1382.142822265625]}, "face": {"size": [319.0, 339.0], "pivot": [0.5, 0.5], "position": [230.0, 295.0], "rawSize": [319.0, 339.0], "list": [1, 2, 3, 4, 5, 6, 7, 8]}}