{"shanfeng_2": {"size": [2048.0, 1722.0], "pivot": [0.49067598581314087, 0.66650390625], "position": [-36.117706298828125, -138.73533630371094], "rawSize": [2048.0, 1722.0], "view": [602.9031372070312, 1382.142822265625]}}