{"u37_2": {"size": [1758.0, 2048.0], "pivot": [0.7406143546104431, 0.52001953125], "position": [-243.99998474121094, 142.0], "rawSize": [1758.0, 2048.0], "view": [737.0, 1691.0]}}