{"xinyue": {"size": [752.0, 1233.0], "pivot": [0.43617022037506104, 0.6127331852912903], "position": [-126.00005340576172, 120.0], "rawSize": [624.0, 1024.0], "view": [504.0, 959.0]}}