{"lafeiii_3": {"size": [2048.0, 2030.0], "pivot": [0.49067598581314087, 0.66650390625], "position": [-405.27593994140625, -195.93115234375], "rawSize": [2048.0, 2030.0], "view": [727.6417236328125, 1668.103515625]}}