{"lafeiii_3": {"size": [4670.0, 2624.0], "pivot": [0.49067598581314087, 0.66650390625], "position": [-178.69021606445312, 151.43653869628906], "raw": true, "rawSize": [2048.0, 1151.0], "view": [594.4115600585938, 1362.6761474609375]}, "lafeiii_3_rw": {"size": [2048.0, 2030.0], "pivot": [0.49067598581314087, 0.66650390625], "position": [182.0, 542.0999755859375], "rawSize": [2048.0, 2030.0]}}