{"vtuber_shion_2": {"size": [1024.0, 1002.0], "pivot": [0.4970703125, 0.5718562602996826], "position": [-182.00001525878906, 50.0], "rawSize": [1024.0, 1002.0], "view": [391.20001220703125, 897.2000122070312]}}