{"kewei_3": {"size": [2048.0, 1380.0], "pivot": [0.36474609375, 0.7210144996643066], "position": [-79.00004577636719, 334.0], "rawSize": [2048.0, 1380.0], "view": [331.0, 770.2000122070312]}}