{"kulasuo_2": {"size": [910.0, 1200.0], "pivot": [0.6191208958625793, 0.736916720867157], "position": [45.00008010864258, 123.0], "rawSize": [910.0, 1200.0], "view": [421.0, 965.0]}}