{"aerbien_4": {"size": [4592.0, 2518.0], "pivot": [0.49067598581314087, 0.66650390625], "position": [-193.92315673828125, 333.5383605957031], "raw": true, "rawSize": [2048.0, 1123.0], "view": [649.2803344726562, 1488.4615478515625]}, "aerbien_4_rw": {"size": [1610.0, 2048.0], "pivot": [0.49067598581314087, 0.66650390625], "position": [449.6000061035156, 306.3999938964844], "rawSize": [1610.0, 2048.0]}}