{"batuoluomeiao_2": {"size": [2946.0, 1794.0], "pivot": [0.49067598581314087, 0.66650390625], "position": [-666.1177368164062, -17.411895751953125], "raw": true, "rawSize": [2048.0, 1247.0], "view": [620.6355590820312, 1422.7940673828125]}, "batuoluomeiao_2_rw": {"size": [2048.0, 854.0], "pivot": [0.49067598581314087, 0.66650390625], "position": [-213.0, 269.0], "rawSize": [2048.0, 854.0]}, "batuoluomeiao_2_bj": {"size": [2946.0, 1794.0], "pivot": [0.49067598581314087, 0.66650390625], "position": [-26.5999755859375, 299.8999938964844], "rawSize": [2048.0, 1247.0]}}