{"xiefeierde_6": {"size": [4756.0, 3320.0], "pivot": [0.49067598581314087, 0.66650390625], "position": [26.863576889038086, -40.27280044555664], "rawSize": [2048.0, 1430.0], "view": [479.58203125, 1099.431884765625]}, "xiefeierde_6_rw": {"size": [1648.0, 2048.0], "pivot": [0.49067598581314087, 0.66650390625], "position": [137.39999389648438, 434.3999938964844], "rawSize": [1648.0, 2048.0]}}