{"lingbo": {"size": [633.0, 1024.0], "pivot": [0.42875197529792786, 0.6689453125], "position": [-45.099998474121094, 150.0], "rawSize": [633.0, 1024.0], "view": [309.0, 680.0]}}