{"akasita_2": {"size": [654.0, 1024.0], "pivot": [0.46330276131629944, 0.6162109375], "position": [-70.0000991821289, 120.0], "rawSize": [654.0, 1024.0], "view": [389.0, 772.0]}}