{"yichui": {"size": [1400.0, 1111.0], "pivot": [0.4985714256763458, 0.7772276997566223], "position": [-51.000205993652344, 172.0], "rawSize": [1400.0, 1111.0], "view": [318.0, 728.0]}}