{"sitanli": {"size": [857.0, 1024.0], "pivot": [0.6085180640220642, 0.5703125], "position": [-11.999980926513672, -27.0], "rawSize": [857.0, 1024.0], "view": [422.29998779296875, 968.2999877929688]}}