{"monika_doa": {"size": [2048.0, 1926.0], "pivot": [0.55322265625, 0.6220145225524902], "position": [-41.000064849853516, 266.0], "rawSize": [2048.0, 1926.0], "view": [382.3999938964844, 876.7999877929688]}}