{"zhunuo_g": {"size": [2048.0, 1748.0], "pivot": [0.49067598581314087, 0.66650390625], "position": [-240.181884765625, -45.95457458496094], "rawSize": [2048.0, 1748.0], "view": [479.58203125, 1099.431884765625]}}