{"yingyong_3": {"size": [1846.0, 2048.0], "pivot": [0.3320693373680115, 0.5849609375], "position": [-114.00003051757812, 199.0], "rawSize": [1846.0, 2048.0], "view": [331.0, 774.7999877929688]}}