{"balaka": {"size": [2820.0, 2644.0], "pivot": [0.49067598581314087, 0.66650390625], "position": [-139.30775451660156, 12.153751373291016], "rawSize": [2048.0, 1920.0], "view": [649.2803344726562, 1488.4615478515625]}, "balaka_rw": {"size": [1962.0, 2048.0], "pivot": [0.49067598581314087, 0.66650390625], "position": [217.8000030517578, 43.5], "rawSize": [1962.0, 2048.0]}}