{"xianggelila": {"size": [1200.0, 977.0], "pivot": [0.48500001430511475, 0.6914022564888], "position": [-57.99964904785156, 87.0], "rawSize": [1200.0, 977.0], "view": [367.0, 842.0]}}