{"weiershiqinwang": {"size": [2048.0, 1707.0], "pivot": [0.416015625, 0.6118922233581543], "position": [-143.0004425048828, 167.0], "rawSize": [2048.0, 1707.0], "view": [701.0, 1283.0]}}