{"pulimaosi_2": {"size": [4096.0, 4180.0], "pivot": [0.49067598581314087, 0.66650390625], "position": [-262.97021484375, -0.2388935089111328], "rawSize": [2008.0, 2048.0], "view": [629.8988037109375, 1444.02978515625]}, "pulimaosi_2_rw": {"size": [2048.0, 1936.0], "pivot": [0.49067598581314087, 0.66650390625], "position": [-58.0, 0.0], "rawSize": [2048.0, 1936.0]}}