{"banerwei_2": {"size": [3202.0, 2770.0], "pivot": [0.49067598581314087, 0.66650390625], "position": [-289.12872314453125, -263.2455139160156], "rawSize": [2048.0, 1772.0], "view": [811.6002807617188, 1860.576904296875]}, "banerwei_2_rw": {"size": [2048.0, 1510.0], "pivot": [0.49067598581314087, 0.66650390625], "position": [100.4000015258789, 51.79999923706055], "rawSize": [2048.0, 1510.0]}}