{"duli": {"size": [1400.0, 1340.0], "pivot": [0.6271428465843201, 0.7049253582954407], "position": [88.0001220703125, 125.0], "rawSize": [1400.0, 1340.0], "view": [419.0, 962.0]}}