{"beiqi_2": {"size": [782.0, 1024.0], "pivot": [0.49067598581314087, 0.66650390625], "position": [-97.00006103515625, 112.0], "rawSize": [782.0, 1024.0], "view": [359.0, 823.0]}}