{"feiteliedadi_younv": {"size": [1620.0, 2048.0], "pivot": [0.49067598581314087, 0.66650390625], "position": [-218.4286346435547, -8.408289909362793], "rawSize": [1620.0, 2048.0], "view": [430.64508056640625, 987.244873046875]}}