{"lumang_idol": {"size": [2526.0, 2694.0], "pivot": [0.49067598581314087, 0.66650390625], "position": [-292.1807861328125, 132.4818878173828], "rawSize": [1920.0, 2048.0], "view": [508.4725341796875, 1165.6627197265625]}, "lumang_idol_rw": {"size": [2048.0, 1668.0], "pivot": [0.49067598581314087, 0.66650390625], "position": [-88.80000305175781, 602.2000122070312], "rawSize": [2048.0, 1668.0]}}