{"qiaozhiwushi": {"size": [1400.0, 1389.0], "pivot": [0.5271428823471069, 0.5093592405319214], "position": [-86.99974060058594, 15.0], "rawSize": [1400.0, 1389.0], "view": [417.0, 957.0]}}