{"gongzhu": {"size": [4282.0, 3580.0], "pivot": [0.49067598581314087, 0.66650390625], "position": [201.76918029785156, -149.84629821777344], "rawSize": [2048.0, 1712.0], "view": [649.2803344726562, 1488.4615478515625]}, "gongzhu_rw": {"size": [1464.0, 2048.0], "pivot": [0.49067598581314087, 0.66650390625], "position": [347.0, -189.0], "rawSize": [1464.0, 2048.0]}}