{"mingniabolisi_4": {"size": [1618.0, 2048.0], "pivot": [0.49814584851264954, 0.53515625], "position": [-61.99998092651367, 119.0], "rawSize": [1618.0, 2048.0], "view": [383.3999938964844, 879.2000122070312]}}