{"dahuangfeng_4": {"size": [2048.0, 2042.0], "pivot": [0.49067598581314087, 0.66650390625], "position": [-101.59776306152344, -90.29888916015625], "rawSize": [2048.0, 2042.0], "view": [485.094482421875, 1112.0689697265625]}}