{"gushouchuan_2_tolove": {"size": [7932.0, 5092.0], "pivot": [0.49067598581314087, 0.66650390625], "position": [-170.19921875, -294.9727783203125], "rawSize": [2048.0, 1315.0], "view": [757.6878662109375, 1736.983642578125]}, "gushouchuan_2_tolove_rw": {"size": [1144.0, 2048.0], "pivot": [0.49067598581314087, 0.66650390625], "position": [0.6000000238418579, -210.10000610351562], "rawSize": [1144.0, 2048.0]}}