{"fuerjia_2": {"size": [2048.0, 1884.0], "pivot": [0.49067598581314087, 0.66650390625], "position": [-434.7551574707031, 64.04075622558594], "raw": true, "rawSize": [2048.0, 1884.0], "view": [430.64508056640625, 987.2449340820312]}}