{"xixuegui_h": {"size": [892.0, 1024.0], "pivot": [0.4506726562976837, 0.541015625], "position": [-83.99983215332031, 60.0], "rawSize": [892.0, 1024.0], "view": [491.0, 865.0]}}