{"guandao_2": {"size": [4608.0, 4026.0], "pivot": [0.49067598581314087, 0.66650390625], "position": [-169.1127471923828, 99.3238525390625], "rawSize": [2048.0, 1789.0], "view": [594.4115600585938, 1362.6761474609375]}, "guandao_2_rw": {"size": [968.0, 2048.0], "pivot": [0.49067598581314087, 0.66650390625], "position": [83.0, 313.0], "rawSize": [968.0, 2048.0]}, "guandao_2_bj": {"size": [4608.0, 4026.0], "pivot": [0.49067598581314087, 0.66650390625], "position": [-47.0, 675.0], "rawSize": [2048.0, 1789.0]}}