{"lafei_12": {"size": [2612.0, 1954.0], "pivot": [0.4732530117034912, 0.6810547113418579], "position": [-187.8411102294922, -9.28590202331543], "raw": true, "rawSize": [2048.0, 1532.0], "view": [668.1110229492188, 1535.71435546875]}, "lafei_12_rw": {"size": [2048.0, 1068.0], "pivot": [0.4732530117034912, 0.6810547113418579], "position": [-84.0, 204.0], "rawSize": [2048.0, 1068.0]}}