{"keluoladuo_g": {"size": [4000.0, 2480.0], "pivot": [0.49067598581314087, 0.66650390625], "position": [-185.6793212890625, 251.62261962890625], "rawSize": [2048.0, 1270.0], "view": [398.14361572265625, 912.7359008789062]}, "keluoladuo_g_bj": {"size": [4000.0, 2480.0], "pivot": [0.49067598581314087, 0.66650390625], "position": [-36.79999923706055, 413.8999938964844], "rawSize": [2048.0, 1270.0]}, "keluoladuo_g_rw": {"size": [2048.0, 1490.0], "pivot": [0.49067598581314087, 0.66650390625], "position": [-30.8799991607666, 168.8000030517578], "rawSize": [2048.0, 1490.0]}}