{"huanxianghao": {"size": [3684.0, 4792.0], "pivot": [0.49067598581314087, 0.66650390625], "position": [-83.23383331298828, -498.9092102050781], "rawSize": [1574.0, 2048.0], "view": [548.09375, 1256.4935302734375]}, "huanxianghao_rw": {"size": [2048.0, 1962.0], "pivot": [0.49067598581314087, 0.66650390625], "position": [135.10000610351562, -450.1000061035156], "rawSize": [2048.0, 1962.0]}}