{"aimudeng_2": {"size": [4853.0, 5253.0], "pivot": [0.49067598581314087, 0.66650390625], "position": [-114.32601928710938, -114.42171478271484], "rawSize": [1892.0, 2048.0], "view": [796.287109375, 1825.4716796875]}, "aimudeng_2_rw": {"size": [806.0, 2048.0], "pivot": [0.49067598581314087, 0.66650390625], "position": [43.5, 829.0], "rawSize": [806.0, 2048.0]}}