{"mengya_2": {"size": [5950.0, 4244.0], "pivot": [0.49067598581314087, 0.66650390625], "position": [-655.7500610351562, -185.5004425048828], "rawSize": [2048.0, 1462.0], "view": [1055.0804443359375, 2418.75]}, "mengya_2_rw": {"size": [2048.0, 2048.0], "pivot": [0.49067598581314087, 0.66650390625], "position": [-67.0, 254.1999969482422], "rawSize": [2048.0, 2048.0]}}