{"xinzexi_3": {"size": [2048.0, 1650.0], "pivot": [0.4732530117034912, 0.6810547113418579], "position": [-71.08626556396484, -243.14837646484375], "rawSize": [2048.0, 1650.0], "view": [519.6419067382812, 1194.4444580078125]}}