{"lafei_g": {"size": [1024.0, 986.0], "pivot": [0.361328125, 0.5365111827850342], "position": [-170.9998779296875, 23.0], "rawSize": [1024.0, 986.0], "view": [302.0, 691.0]}}