{"jialifuniya": {"size": [1076.0, 1439.0], "pivot": [0.5269516706466675, 0.5792216658592224], "position": [-27.00018310546875, 144.0], "rawSize": [763.0, 1021.0], "view": [405.0, 882.0]}}