{"u96_4": {"size": [5432.0, 3560.0], "pivot": [0.49067598581314087, 0.66650390625], "position": [-381.4755859375, 192.13951110839844], "rawSize": [2048.0, 1342.0], "view": [811.6004028320312, 1860.5770263671875]}, "u96_4_rw": {"size": [2048.0, 1834.0], "pivot": [0.49067598581314087, 0.66650390625], "position": [-89.9000015258789, 981.7999877929688], "rawSize": [2048.0, 1834.0]}}