{"fanji_alter": {"size": [2048.0, 1724.0], "pivot": [0.49067598581314087, 0.66650390625], "position": [-105.42111206054688, 214.105224609375], "rawSize": [2048.0, 1724.0], "view": [444.2444152832031, 1018.4210815429688]}}