{"mingyunnvshen": {"size": [1033.0, 1239.0], "pivot": [0.43707647919654846, 0.5984665155410767], "position": [-93.99979400634766, 118.0], "rawSize": [853.0, 1024.0], "view": [348.0, 898.0]}}