{"huonululu_4": {"size": [900.0, 1024.0], "pivot": [0.5099999904632568, 0.7216796875], "position": [-31.99991798400879, 71.0], "rawSize": [900.0, 1024.0], "view": [418.0, 956.0]}}