{"qiye_5": {"size": [1883.0, 2048.0], "pivot": [0.4545937478542328, 0.523974597454071], "position": [-242.00001525878906, -11.0], "rawSize": [1883.0, 2048.0], "view": [415.5, 952.7000122070312]}}