{"changyue": {"size": [749.0, 1024.0], "pivot": [0.4292389750480652, 0.626953125], "position": [-114.99990844726562, 44.0], "rawSize": [749.0, 1024.0], "view": [424.0, 971.0]}}