{"guangrong_2": {"size": [507.0, 1024.0], "pivot": [0.2633136212825775, 0.6748046875], "position": [-105.0003662109375, 114.0], "rawSize": [507.0, 1024.0], "view": [337.0, 773.0]}}