{"vtuber_sora": {"size": [1400.0, 1363.0], "pivot": [0.5907856822013855, 0.538664698600769], "position": [-9.000016212463379, 7.0], "rawSize": [1400.0, 1363.0], "view": [360.3999938964844, 826.5]}}