{"xizhang": {"size": [907.0, 1024.0], "pivot": [0.4393608272075653, 0.5927734375], "position": [-149.9996337890625, 59.0], "rawSize": [1136.0, 1280.0], "view": [502.0, 767.0]}}