{"qiershazhi_2": {"size": [3860.0, 4050.0], "pivot": [0.49067598581314087, 0.66650390625], "position": [261.0281066894531, -220.66917419433594], "rawSize": [1952.0, 2048.0], "view": [639.4426879882812, 1465.9090576171875]}, "qiershazhi_2_rw": {"size": [800.0, 2048.0], "pivot": [0.49067598581314087, 0.66650390625], "position": [331.0, -84.0], "rawSize": [800.0, 2048.0]}}