{"lituoliao_5": {"size": [4207.0, 3826.0], "pivot": [0.49067598581314087, 0.66650390625], "position": [11.49051284790039, -240.07562255859375], "rawSize": [2048.0, 1862.0], "view": [796.2872314453125, 1825.4718017578125]}, "lituoliao_5_rw": {"size": [1416.0, 2048.0], "pivot": [0.49067598581314087, 0.66650390625], "position": [39.810001373291016, -121.44000244140625], "rawSize": [1416.0, 2048.0]}}