{"dahuangfeng_3": {"size": [1708.0, 2048.0], "pivot": [0.4982435703277588, 0.53515625], "position": [-128.99996948242188, 15.0], "rawSize": [1708.0, 2048.0], "view": [537.2999877929688, 1232.199951171875]}}