{"baiyanjuren_3": {"size": [1880.0, 2048.0], "pivot": [0.49067598581314087, 0.66650390625], "position": [-158.64389038085938, -267.45208740234375], "rawSize": [1880.0, 2048.0], "view": [578.1262817382812, 1325.3424072265625]}}