{"wuzang_3": {"size": [4796.0, 3248.0], "pivot": [0.49067598581314087, 0.66650390625], "position": [-10.421113967895508, -62.47379684448242], "raw": true, "rawSize": [2048.0, 1387.0], "view": [555.3055419921875, 1273.0263671875]}, "wuzang_3_rw": {"size": [1792.0, 2048.0], "pivot": [0.49067598581314087, 0.66650390625], "position": [-474.0, 79.4000015258789], "rawSize": [1792.0, 2048.0]}}