{"molisen_2": {"size": [2048.0, 1972.0], "pivot": [0.6123046875, 0.6223123669624329], "position": [-206.0, 113.0], "rawSize": [2048.0, 1972.0], "view": [331.0, 1102.4000244140625]}}