{"huangjiacaifu_2": {"size": [2048.0, 1686.0], "pivot": [0.49067598581314087, 0.66650390625], "position": [-214.50006103515625, -149.8183135986328], "rawSize": [2048.0, 1686.0], "view": [479.58203125, 1099.431884765625]}}