{"chuixue_6": {"size": [1088.0, 1400.0], "pivot": [0.49724265933036804, 0.6828571557998657], "position": [-181.0000457763672, 165.0], "rawSize": [1088.0, 1400.0], "view": [483.0, 1107.4000244140625]}, "face": {"size": [214.0, 158.0], "pivot": [0.5, 0.5], "position": [-89.0, 530.0], "rawSize": [214.0, 158.0], "list": [0, 1, 2, 3]}}