{"shengdiyage": {"size": [830.0, 1262.0], "pivot": [0.2590361535549164, 0.4881141185760498], "position": [-207.99888610839844, -33.0], "rawSize": [674.0, 1024.0], "view": [563.0, 1089.0]}}