{"fuxu_3": {"size": [2074.0, 2776.0], "pivot": [0.49067598581314087, 0.66650390625], "position": [-348.6129455566406, 179.74183654785156], "rawSize": [1530.0, 2048.0], "view": [680.6970825195312, 1560.48388671875]}, "fuxu_3_rw": {"size": [892.0, 2048.0], "pivot": [0.49067598581314087, 0.66650390625], "position": [-162.0, 304.0], "rawSize": [892.0, 2048.0]}}