{"xiyatu_4": {"size": [1892.0, 2048.0], "pivot": [0.5211416482925415, 0.59619140625], "position": [-191.99996948242188, 110.0], "rawSize": [1892.0, 2048.0], "view": [664.0, 1522.699951171875]}}