{"gelunbiya_3": {"size": [2048.0, 1520.0], "pivot": [0.49067598581314087, 0.66650390625], "position": [-149.99072265625, -77.9065933227539], "rawSize": [2048.0, 1520.0], "view": [394.422607421875, 904.20556640625]}}