{"gelunbiya_3": {"size": [2048.0, 1520.0], "pivot": [0.49067598581314087, 0.66650390625], "position": [-149.99072265625, -77.9065933227539], "rawSize": [2048.0, 1520.0], "view": [394.422607421875, 904.20556640625]}, "face": {"size": [118.0, 144.0], "pivot": [0.5, 0.5], "position": [-1.0, 179.0], "rawSize": [118.0, 144.0], "list": [0, 1, 2, 3, 4]}}