{"vtuber_aqua_2": {"size": [1400.0, 1207.0], "pivot": [0.493714302778244, 0.550787091255188], "position": [-97.19999694824219, 27.900009155273438], "rawSize": [1400.0, 1207.0], "view": [352.3999938964844, 808.0]}}