{"xinnong_3": {"size": [4437.0, 3875.0], "pivot": [0.49067598581314087, 0.66650390625], "position": [-420.63482666015625, -30.25261878967285], "rawSize": [2048.0, 1789.0], "view": [917.4613037109375, 2103.2607421875]}, "xinnong_3_rw": {"size": [2048.0, 1982.0], "pivot": [0.49067598581314087, 0.66650390625], "position": [-227.0, 360.0], "rawSize": [2048.0, 1982.0]}}