{"nandaketa": {"size": [2048.0, 1703.0], "pivot": [0.46728515625, 0.45596006512641907], "position": [-212.9995880126953, -71.0], "rawSize": [2048.0, 1703.0], "view": [604.0, 1240.0]}}