{"baerdimo_2": {"size": [543.0, 1024.0], "pivot": [0.44290974736213684, 0.654296875], "position": [-47.00002670288086, 134.0], "rawSize": [543.0, 1024.0], "view": [353.0, 809.0]}}