{"keluoladuo": {"size": [1800.0, 1466.0], "pivot": [0.5672222375869751, 0.5873124003410339], "position": [-19.000144958496094, 130.0], "rawSize": [1800.0, 1466.0], "view": [356.0, 816.0]}}