{"siwangzhuzai": {"size": [5078.0, 5076.0], "pivot": [0.49067598581314087, 0.66650390625], "position": [-288.1667175292969, -555.8333740234375], "rawSize": [2048.0, 2048.0], "view": [703.386962890625, 1612.4998779296875]}, "siwangzhuzai_bj": {"size": [5078.0, 5076.0], "pivot": [0.49067598581314087, 0.66650390625], "position": [-44.79999923706055, 843.2999877929688], "rawSize": [2048.0, 2048.0]}, "siwangzhuzai_rw": {"size": [1772.0, 2048.0], "pivot": [0.49067598581314087, 0.66650390625], "position": [82.5, -298.70001220703125], "rawSize": [1772.0, 2048.0]}}