{"aerhangeersike": {"size": [5406.0, 3778.0], "pivot": [0.49067598581314087, 0.66650390625], "position": [-192.8396453857422, -152.90420532226562], "rawSize": [2048.0, 1431.0], "view": [669.8923950195312, 1535.71435546875]}, "aerhangeersike_rw": {"size": [2002.0, 2048.0], "pivot": [0.49067598581314087, 0.66650390625], "position": [9.0, 314.0], "rawSize": [2002.0, 2048.0]}}