{"z26_2": {"size": [1400.0, 1223.0], "pivot": [0.5271428823471069, 0.5923957228660583], "position": [-199.99996948242188, -60.0], "raw": true, "rawSize": [1400.0, 1223.0], "view": [567.4000244140625, 1301.300048828125]}}