{"hailunna_3": {"size": [967.0, 1024.0], "pivot": [0.4968976080417633, 0.5703125], "position": [-111.00030517578125, 92.0], "rawSize": [967.0, 1024.0], "view": [376.0, 862.0]}}