{"yaerweite_2": {"size": [4756.0, 2864.0], "pivot": [0.49067598581314087, 0.66650390625], "position": [-339.7717590332031, -10.7486572265625], "rawSize": [2048.0, 1233.0], "view": [733.9689331054688, 1682.608642578125]}, "yaerweite_2_rw": {"size": [2042.0, 2048.0], "pivot": [0.49067598581314087, 0.66650390625], "position": [-136.0, 37.0], "rawSize": [2042.0, 2048.0]}}