{"nubiyaren_2": {"size": [1694.0, 2048.0], "pivot": [0.49067598581314087, 0.66650390625], "position": [-138.4404296875, -95.69710540771484], "raw": true, "rawSize": [1694.0, 2048.0], "view": [490.7350769042969, 1125.0]}}