{"bulunxierde_2": {"size": [2032.0, 2048.0], "pivot": [0.49067598581314087, 0.66650390625], "position": [-327.6123046875, 187.51010131835938], "rawSize": [2032.0, 2048.0], "view": [430.64508056640625, 987.244873046875]}}