{"bulaimodun_2": {"size": [1868.0, 2048.0], "pivot": [0.49067598581314087, 0.66650390625], "position": [-96.44010925292969, 327.4872131347656], "rawSize": [1868.0, 2048.0], "view": [548.09375, 1256.493408203125]}}