{"masaiqu": {"size": [5280.0, 4460.0], "pivot": [0.49067598581314087, 0.66650390625], "position": [-112.71434783935547, 229.1427764892578], "rawSize": [2048.0, 1730.0], "view": [602.9031372070312, 1382.142822265625]}, "masaiqu_rw": {"size": [1736.0, 2048.0], "pivot": [0.49067598581314087, 0.66650390625], "position": [-218.0, 180.0], "rawSize": [1736.0, 2048.0]}}