{"z46": {"size": [929.0, 1024.0], "pivot": [0.4278794527053833, 0.6142578125], "position": [-54.999813079833984, 113.0], "rawSize": [929.0, 1024.0], "view": [308.0, 786.0]}}