{"daqinghuayu_idol": {"size": [3258.0, 3392.0], "pivot": [0.4990791976451874, 0.5212264060974121], "position": [-417.00006103515625, -5.0], "rawSize": [1967.0, 2048.0], "view": [770.9000244140625, 1767.699951171875]}, "daqinghuayu_idol_front": {"size": [1874.0, 2048.0], "pivot": [0.49067598581314087, 0.66650390625], "position": [-238.8000030517578, 310.29998779296875], "rawSize": [1874.0, 2048.0]}, "face": {"size": [365.0, 191.0], "pivot": [0.5, 0.5], "position": [-314.5, 528.7999877929688], "rawSize": [365.0, 191.0], "list": [0, 1, 2, 3, 4]}, "daqinghuayu_idol_middle": {"size": [3258.0, 3392.0], "pivot": [0.49067598581314087, 0.66650390625], "position": [-26.600000381469727, 564.780029296875], "rawSize": [1967.0, 2048.0]}}