{"yinggelahan": {"size": [2048.0, 1874.0], "pivot": [0.49067598581314087, 0.66650390625], "position": [-187.6738739013672, 134.22210693359375], "rawSize": [2048.0, 1874.0], "view": [521.02734375, 1194.4443359375]}}