{"lei_3": {"size": [992.0, 1024.0], "pivot": [0.48891130089759827, 0.5078125], "position": [-54.99998092651367, -1.0], "rawSize": [992.0, 1024.0], "view": [345.29998779296875, 791.7000122070312]}}