{"kala": {"size": [3561.0, 2524.0], "pivot": [0.49067598581314087, 0.66650390625], "position": [35.71022033691406, -186.13088989257812], "rawSize": [2048.0, 1452.0], "view": [394.422607421875, 904.20556640625]}, "kala_rw": {"size": [2048.0, 1494.0], "pivot": [0.49067598581314087, 0.66650390625], "position": [-101.0, 106.0], "rawSize": [2048.0, 1494.0]}}