{"jiluofu": {"size": [2048.0, 1848.0], "pivot": [0.5392090082168579, 0.5708333253860474], "position": [-44.00000762939453, 103.0], "rawSize": [2048.0, 1848.0], "view": [391.29998779296875, 897.2000122070312]}}