{"nigulasi_5": {"size": [2048.0, 1654.0], "pivot": [0.44189453125, 0.5677146315574646], "position": [-224.99993896484375, 32.0], "rawSize": [2048.0, 1654.0], "view": [667.9000244140625, 1531.5999755859375]}}