{"nigulasi_5": {"view": [691.2999877929688, 1585.4000244140625], "position": [-245.99989318847656, 161.0]}}