{"shentong_2": {"size": [1014.0, 1024.0], "pivot": [0.5088757276535034, 0.640625], "position": [-94.00032043457031, 127.0], "rawSize": [1014.0, 1024.0], "view": [306.0, 702.0]}}