{"magedebao_2": {"size": [4160.0, 2736.0], "pivot": [0.49067598581314087, 0.66650390625], "position": [-180.8260040283203, 64.62710571289062], "rawSize": [2048.0, 1347.0], "view": [727.6417236328125, 1668.1036376953125]}, "magedebao_2_rw": {"size": [1056.0, 2048.0], "pivot": [0.49067598581314087, 0.66650390625], "position": [51.0, 190.0], "rawSize": [1056.0, 2048.0]}}