{"ougen_2": {"size": [1024.0, 983.0], "pivot": [0.4169921875, 0.537639856338501], "position": [-105.99971008300781, 77.0], "rawSize": [1024.0, 983.0], "view": [342.0, 874.0]}}