{"yichui_4": {"size": [2048.0, 1759.0], "pivot": [0.536572277545929, 0.5989766716957092], "position": [-209.00003051757812, 75.0], "rawSize": [2048.0, 1759.0], "view": [466.70001220703125, 1070.0999755859375]}}