{"jiahe_2": {"size": [979.0, 1024.0], "pivot": [0.5995914340019226, 0.6826171875], "position": [-13.000001907348633, 92.0], "rawSize": [979.0, 1024.0], "view": [210.0, 729.0]}}