{"xiusidunii": {"size": [3914.0, 3264.0], "pivot": [0.49067598581314087, 0.66650390625], "position": [-312.07696533203125, -34.38353729248047], "rawSize": [2048.0, 1708.0], "view": [669.8923950195312, 1535.71435546875]}, "xiusidunii_rw": {"size": [2010.0, 2048.0], "pivot": [0.49067598581314087, 0.66650390625], "position": [8.0, 0.0], "rawSize": [2010.0, 2048.0]}}