{"shengmading": {"size": [5800.0, 5364.0], "pivot": [0.49067598581314087, 0.66650390625], "position": [-234.34945678710938, 80.6746597290039], "raw": true, "rawSize": [2048.0, 1894.0], "view": [508.4725341796875, 1165.6627197265625]}, "shengmading_rw": {"size": [1120.0, 2048.0], "pivot": [0.49067598581314087, 0.66650390625], "position": [-403.0, -291.0], "rawSize": [1120.0, 2048.0]}}