{"susaikesi_3": {"size": [1400.0, 1273.0], "pivot": [0.5885714292526245, 0.6798900365829468], "position": [-125.00006866455078, 95.0], "rawSize": [1400.0, 1273.0], "view": [510.8999938964844, 1171.5999755859375]}}