{"dafeng_alter": {"size": [3970.0, 2678.0], "pivot": [0.49067598581314087, 0.66650390625], "position": [-192.93411254882812, -27.12097930908203], "rawSize": [2048.0, 1381.0], "view": [463.7716369628906, 1063.186767578125]}, "dafeng_alter_rw": {"size": [2048.0, 1556.0], "pivot": [0.49067598581314087, 0.66650390625], "position": [-11.399999618530273, -37.5], "rawSize": [2048.0, 1556.0]}}