{"huashengdun_3": {"size": [3632.0, 2310.0], "pivot": [0.49067598581314087, 0.66650390625], "position": [-62.83406066894531, -152.03872680664062], "raw": true, "rawSize": [2048.0, 1303.0], "view": [669.8923950195312, 1535.71435546875]}, "huashengdun_3_rw": {"size": [2048.0, 1658.0], "pivot": [0.49067598581314087, 0.66650390625], "position": [-237.0, 119.5], "rawSize": [2048.0, 1658.0]}}