{"aifosen_2": {"size": [5298.0, 3136.0], "pivot": [0.49067598581314087, 0.66650390625], "position": [-358.70220947265625, -39.0639533996582], "raw": true, "rawSize": [2048.0, 1212.0], "view": [897.9408569335938, 2058.5107421875]}, "aifosen_2_rw": {"size": [2002.0, 2048.0], "pivot": [0.49067598581314087, 0.66650390625], "position": [-299.0, 227.5], "rawSize": [2002.0, 2048.0]}}