{"haitunhao_2": {"size": [5334.0, 3178.0], "pivot": [0.49067598581314087, 0.66650390625], "position": [-550.5714721679688, 285.21417236328125], "raw": true, "rawSize": [2048.0, 1220.0], "view": [753.62890625, 1727.6785888671875]}, "haitunhao_2_rw": {"size": [1526.0, 2048.0], "pivot": [0.49067598581314087, 0.66650390625], "position": [-14.227999687194824, 383.8999938964844], "rawSize": [1526.0, 2048.0]}}