{"z52": {"size": [3582.0, 3412.0], "pivot": [0.49067598581314087, 0.66650390625], "position": [-173.25006103515625, -436.5938720703125], "rawSize": [2048.0, 1951.0], "view": [659.42529296875, 1511.71875]}, "z52_rw": {"size": [2048.0, 1620.0], "pivot": [0.49067598581314087, 0.66650390625], "position": [60.0, 69.0], "rawSize": [2048.0, 1620.0]}}