{"pufeng": {"size": [796.0, 1024.0], "pivot": [0.536432147026062, 0.5927734375], "position": [-54.999595642089844, 57.0], "rawSize": [796.0, 1024.0], "view": [373.0, 856.0]}}