{"lumang_3": {"size": [1286.0, 1400.0], "pivot": [0.49766719341278076, 0.4400714039802551], "position": [-169.9999237060547, -187.0], "rawSize": [1286.0, 1400.0], "view": [400.1000061035156, 917.5]}}