{"magedebao_3": {"size": [2032.0, 2048.0], "pivot": [0.49067598581314087, 0.66650390625], "position": [-94.9382095336914, -157.79388427734375], "rawSize": [2032.0, 2048.0], "view": [435.084716796875, 997.4226684570312]}}