{"fute": {"size": [906.0, 902.0], "pivot": [0.46247240900993347, 0.45676276087760925], "position": [-123.99950408935547, 7.0], "rawSize": [906.0, 902.0], "view": [511.0, 970.0]}}