{"guanghui_5": {"size": [1381.0, 1400.0], "pivot": [0.5434467792510986, 0.6285714507102966], "position": [-185.00003051757812, 119.0], "rawSize": [1381.0, 1400.0], "view": [470.29998779296875, 1078.5]}}