{"kubo_2": {"size": [1364.0, 1400.0], "pivot": [0.5586510300636292, 0.5514285564422607], "position": [-267.0001220703125, 11.0], "raw": true, "rawSize": [1364.0, 1400.0], "view": [610.4000244140625, 1399.5999755859375]}}