{"bisimai_4": {"size": [3636.0, 2204.0], "pivot": [0.49067598581314087, 0.66650390625], "position": [-179.7694854736328, 70.82816314697266], "raw": true, "rawSize": [2048.0, 1241.0], "view": [502.4193115234375, 1151.7857666015625]}, "bisimai_4_rw": {"size": [2048.0, 1184.0], "pivot": [0.49067598581314087, 0.66650390625], "position": [-84.62999725341797, 215.0], "rawSize": [2048.0, 1184.0]}}