{"shancheng_alter": {"size": [7017.0, 5848.0], "pivot": [0.49067598581314087, 0.66650390625], "position": [-153.76693725585938, 402.3505554199219], "rawSize": [2048.0, 1707.0], "view": [1110.611083984375, 2546.052734375]}, "shancheng_alter_rw": {"size": [1710.0, 2048.0], "pivot": [0.49067598581314087, 0.66650390625], "position": [16.0, 909.0], "raw": true, "rawSize": [1710.0, 2048.0]}}