{"i26_3": {"size": [1278.0, 1400.0], "pivot": [0.38341158628463745, 0.5485714077949524], "position": [-152.99993896484375, 14.0], "rawSize": [1278.0, 1400.0], "view": [438.1000061035156, 1004.7999877929688]}}