{"shidifenbote_2": {"size": [1888.0, 2048.0], "pivot": [0.6875, 0.5341796875], "position": [-89.99999237060547, -30.0], "rawSize": [1888.0, 2048.0], "view": [331.0, 1581.5]}}