{"changliang": {"size": [498.0, 1024.0], "pivot": [0.4076305329799652, 0.5234375], "position": [-85.00016784667969, 66.0], "rawSize": [498.0, 1024.0], "view": [379.0, 669.0]}}