{"kalangshitade_2": {"size": [4628.0, 2870.0], "pivot": [0.49067598581314087, 0.66650390625], "position": [-204.0382537841797, 340.07501220703125], "rawSize": [2048.0, 1270.0], "view": [629.8987426757812, 1444.02978515625]}, "kalangshitade_2_rw": {"size": [2048.0, 1810.0], "pivot": [0.49067598581314087, 0.66650390625], "position": [-33.099998474121094, 386.3999938964844], "rawSize": [2048.0, 1810.0]}}