{"baixue_2": {"size": [2048.0, 1864.0], "pivot": [0.501953125, 0.431688129901886], "position": [-229.72732543945312, -138.90919494628906], "rawSize": [2048.0, 1864.0], "view": [767.3312377929688, 1759.0908203125]}, "face": {"size": [532.0, 370.0], "pivot": [0.5, 0.5], "position": [-165.0, 374.0], "rawSize": [532.0, 370.0], "list": [0, 1, 2, 3]}}