{"sheshuiyu_2": {"size": [2048.0, 1830.0], "pivot": [0.49067598581314087, 0.66650390625], "position": [-123.92314147949219, 261.8460693359375], "rawSize": [2048.0, 1830.0], "view": [649.2803344726562, 1488.4615478515625]}}