{"yizhi_2": {"size": [1928.0, 2048.0], "pivot": [0.3832034468650818, 0.4500596523284912], "position": [-162.2381591796875, -59.904815673828125], "rawSize": [1928.0, 2048.0], "view": [669.8923950195312, 1535.71435546875]}}