{"aerbien": {"size": [3286.0, 2625.0], "pivot": [0.49067598581314087, 0.66650390625], "position": [-691.3182983398438, -493.6818542480469], "rawSize": [2048.0, 1636.0], "view": [479.58203125, 1099.431884765625]}, "aerbien_front": {"size": [3286.0, 2625.0], "pivot": [0.49067598581314087, 0.66650390625], "position": [-31.0, 438.0], "rawSize": [2048.0, 1636.0]}, "aerbien_rw": {"size": [2048.0, 1686.0], "pivot": [0.49067598581314087, 0.66650390625], "position": [-221.0, -162.0], "rawSize": [2048.0, 1686.0]}}