{"shengdiyage_h": {"size": [1400.0, 1330.0], "pivot": [0.7164285778999329, 0.6058646440505981], "position": [97.99996948242188, 71.0], "rawSize": [1400.0, 1330.0], "view": [396.5, 909.0]}}