{"ninghai_7": {"size": [1096.0, 1400.0], "pivot": [0.4333941638469696, 0.6071428656578064], "position": [-330.0, 90.0], "rawSize": [1096.0, 1400.0], "view": [547.0, 1254.4000244140625]}}