{"aosiben": {"size": [744.0, 1090.0], "pivot": [0.4704301059246063, 0.5807339549064636], "position": [-81.99996948242188, 74.0], "rawSize": [744.0, 1090.0], "view": [477.0, 935.0]}}