{"aruituosha": {"size": [1028.0, 1102.0], "pivot": [0.4873540997505188, 0.5453720688819885], "position": [-70.00011444091797, 101.0], "rawSize": [955.0, 1024.0], "view": [485.0, 961.0]}}