{"chuyun": {"size": [1800.0, 1109.0], "pivot": [0.3955555558204651, 0.6379621028900146], "position": [-260.0000915527344, 37.0], "rawSize": [1800.0, 1109.0], "view": [278.0, 637.0]}}