{"lingbo_11": {"size": [1834.0, 2048.0], "pivot": [0.3140676021575928, 0.56982421875], "position": [-97.00011444091797, 140.0], "rawSize": [1834.0, 2048.0], "view": [331.0, 970.0999755859375]}}