{"i19": {"size": [1024.0, 717.0], "pivot": [0.5361328125, 0.5585774183273315], "position": [-6.6002912521362305, 53.0], "rawSize": [1024.0, 717.0], "view": [271.0, 621.0]}}