{"rangbaer_4": {"size": [2048.0, 1926.0], "pivot": [0.60595703125, 0.5846313834190369], "position": [-124.99999237060547, 115.0], "rawSize": [2048.0, 1926.0], "view": [366.29998779296875, 840.0]}}