{"yuekegongjue_2": {"size": [2048.0, 1610.0], "pivot": [0.5093749761581421, 0.5790683031082153], "position": [-142.00006103515625, 59.0], "raw": true, "rawSize": [2048.0, 1610.0], "view": [393.20001220703125, 901.7999877929688]}}