{"shengdiyage_younv": {"size": [951.0, 1024.0], "pivot": [0.5809674263000488, 0.5263671875], "position": [-57.00017166137695, -21.0], "rawSize": [951.0, 1024.0], "view": [506.0, 1158.0]}}