{"kaisa": {"size": [1400.0, 1236.0], "pivot": [0.49785715341567993, 0.6049352884292603], "position": [-114.00001525878906, 102.0], "rawSize": [1400.0, 1236.0], "view": [348.79998779296875, 799.9000244140625]}}