{"bominghan": {"size": [825.0, 1024.0], "pivot": [0.37030303478240967, 0.6455078125], "position": [-116.99990844726562, 143.0], "rawSize": [825.0, 1024.0], "view": [353.0, 809.0]}}