{"hemuhao_2": {"size": [2956.0, 2340.0], "pivot": [0.49067598581314087, 0.66650390625], "position": [-315.77557373046875, -104.02043151855469], "raw": true, "rawSize": [2048.0, 1621.0], "view": [430.64508056640625, 987.244873046875]}, "hemuhao_2_rw": {"size": [2048.0, 1924.0], "pivot": [0.49067598581314087, 0.66650390625], "position": [-64.80000305175781, 356.1000061035156], "rawSize": [2048.0, 1924.0]}}