{"junzhu_2": {"size": [920.0, 1024.0], "pivot": [0.48695650696754456, 0.5986328125], "position": [-90.99992370605469, 89.0], "rawSize": [920.0, 1024.0], "view": [284.0, 653.0]}}