{"haman_2": {"size": [584.0, 1021.0], "pivot": [0.3664383590221405, 0.6161606311798096], "position": [-147.0001220703125, 131.0], "rawSize": [585.0, 1024.0], "view": [281.0, 714.0]}}