{"heitaizi_3": {"size": [2048.0, 1480.0], "pivot": [0.49853515625, 0.5486486554145813], "position": [-621.0001831054688, 8.0], "rawSize": [2048.0, 1480.0], "view": [664.2000122070312, 1523.0]}}