{"nana_2_tolove": {"size": [3632.0, 2346.0], "pivot": [0.49067598581314087, 0.66650390625], "position": [-394.7465515136719, 53.549251556396484], "raw": true, "rawSize": [2048.0, 1323.0], "view": [594.4115600585938, 1362.6761474609375]}, "nana_2_tolove_rw": {"size": [2048.0, 1890.0], "pivot": [0.49067598581314087, 0.66650390625], "position": [253.39999389648438, 92.5], "rawSize": [2048.0, 1890.0]}}