{"shidifenbote": {"size": [1902.0, 2048.0], "pivot": [0.7460567951202393, 0.3818359375], "position": [210.89999389648438, -148.0], "rawSize": [1902.0, 2048.0], "view": [713.4000244140625, 1164.9000244140625]}, "face": {"size": [226.0, 217.0], "pivot": [0.5, 0.5], "position": [467.0, 183.5], "rawSize": [226.0, 217.0], "list": [0, 1, 2, 3, 4, 5, 6]}}