{"shidifenbote": {"size": [1902.0, 2048.0], "pivot": [0.7460567951202393, 0.3818359375], "position": [210.89999389648438, -148.0], "rawSize": [1902.0, 2048.0], "view": [713.4000244140625, 1164.9000244140625]}}