{"aikesaite": {"size": [1017.0, 1235.0], "pivot": [0.48230087757110596, 0.6862348318099976], "position": [-7.000207901000977, 188.0], "rawSize": [907.0, 1024.0], "view": [480.0, 887.0]}}