{"ouruola_3": {"size": [1183.0, 1200.0], "pivot": [0.32163989543914795, 0.6324999928474426], "position": [-231.00009155273438, 194.0], "rawSize": [1183.0, 1200.0], "view": [342.0, 785.0]}}