{"tianying_2": {"size": [2048.0, 1898.0], "pivot": [0.47265625, 0.6296101212501526], "position": [-319.9999694824219, 266.0], "rawSize": [2048.0, 1898.0], "view": [331.0, 1222.9000244140625]}}