{"pufeng_3": {"size": [2048.0, 1980.0], "pivot": [0.6229538917541504, 0.5737614035606384], "position": [-175.33338928222656, 96.99994659423828], "rawSize": [2048.0, 1980.0], "view": [703.386962890625, 1612.4998779296875]}}