{"weiqita_2": {"size": [3653.0, 3371.0], "pivot": [0.4438817501068115, 0.46380895376205444], "position": [-227.00006103515625, -129.0], "rawSize": [2048.0, 1890.0], "view": [713.2000122070312, 1635.5999755859375]}, "weiqita_2_front": {"size": [1971.0, 2048.0], "pivot": [0.49067598581314087, 0.66650390625], "position": [181.0, 4.0], "rawSize": [1971.0, 2048.0]}}