{"afuleer_2": {"size": [1475.0, 2048.0], "pivot": [0.4936271011829376, 0.4462890625], "position": [-164.0, -179.0], "rawSize": [1475.0, 2048.0], "view": [351.20001220703125, 805.2000122070312]}}