{"malilan_g": {"size": [4566.0, 3884.0], "pivot": [0.49067598581314087, 0.66650390625], "position": [-1097.0, -251.3334197998047], "rawSize": [2048.0, 1742.0], "view": [703.386962890625, 1612.4998779296875]}, "malilan_g_rw": {"size": [2048.0, 1940.0], "pivot": [0.49067598581314087, 0.66650390625], "position": [-336.0, 144.5], "rawSize": [2048.0, 1940.0]}, "malilan_g_bj": {"size": [4566.0, 3884.0], "pivot": [0.49067598581314087, 0.66650390625], "position": [-46.29999923706055, 647.7000122070312], "rawSize": [2048.0, 1742.0]}}