{"xinnong_younv": {"size": [2048.0, 1994.0], "pivot": [0.49067598581314087, 0.66650390625], "position": [-494.56103515625, -161.17088317871094], "rawSize": [2048.0, 1994.0], "view": [1029.3468017578125, 2359.756103515625]}}