{"zhongjian": {"size": [3154.0, 3048.0], "pivot": [0.49067598581314087, 0.66650390625], "position": [-159.17398071289062, 57.80078887939453], "rawSize": [2048.0, 1999.0], "view": [458.7306213378906, 1051.63037109375]}, "zhongjian_rw": {"size": [2048.0, 1242.0], "pivot": [0.49067598581314087, 0.66650390625], "position": [-191.0, 128.0], "rawSize": [2048.0, 1242.0]}}