{"baerdimo": {"size": [1526.0, 1600.0], "pivot": [0.2961992025375366, 0.6187499761581421], "position": [-314.9997253417969, 160.0], "rawSize": [1526.0, 1600.0], "view": [445.0, 1021.0]}}