{"zaoshen_alter": {"size": [1842.0, 2048.0], "pivot": [0.4732530117034912, 0.6810547113418579], "position": [-198.86404418945312, -79.69154357910156], "rawSize": [1842.0, 2048.0], "view": [519.6419677734375, 1194.4444580078125]}}