{"tuolichaili": {"size": [2048.0, 1904.0], "pivot": [0.49853515625, 0.5835084319114685], "position": [-262.9999694824219, 44.0], "rawSize": [2048.0, 1904.0], "view": [331.0, 1191.5999755859375]}}