{"guinu_2": {"size": [1200.0, 1172.0], "pivot": [0.5199999809265137, 0.6609214544296265], "position": [-147.00003051757812, 169.0], "rawSize": [1200.0, 1172.0], "view": [368.3999938964844, 844.7999877929688]}}