{"bolisi_2": {"size": [916.0, 1024.0], "pivot": [0.47925764322280884, 0.533203125], "position": [-91.99971008300781, -27.0], "rawSize": [916.0, 1024.0], "view": [469.0, 1073.0]}}