{"saiwasituoboer": {"size": [4420.0, 3910.0], "pivot": [0.49067598581314087, 0.66650390625], "position": [-392.5882873535156, 286.99993896484375], "rawSize": [2048.0, 1812.0], "view": [620.6355590820312, 1422.7940673828125]}, "saiwasituoboer_rw": {"size": [1660.0, 2048.0], "pivot": [0.49067598581314087, 0.66650390625], "position": [-237.0, 303.0], "rawSize": [1660.0, 2048.0]}}