{"xuefeng_h": {"size": [928.0, 1024.0], "pivot": [0.36842671036720276, 0.639941394329071], "position": [-179.99998474121094, 63.0], "rawSize": [928.0, 1024.0], "view": [363.0, 834.0]}}