{"yueke_ger": {"size": [4082.0, 3890.0], "pivot": [0.49067598581314087, 0.66650390625], "position": [-88.3793716430664, 108.55162048339844], "rawSize": [2048.0, 1952.0], "view": [727.6417236328125, 1668.103515625]}, "yueke_ger_rw": {"size": [724.0, 2048.0], "pivot": [0.49067598581314087, 0.66650390625], "position": [155.0, 169.0], "rawSize": [724.0, 2048.0]}}