{"dian_4": {"size": [1820.0, 2048.0], "pivot": [0.4983516335487366, 0.53515625], "position": [-211.99996948242188, -118.0], "rawSize": [1820.0, 2048.0], "view": [510.1000061035156, 1169.800048828125]}}