{"yinghuochong_2": {"size": [2012.0, 2048.0], "pivot": [0.4985089600086212, 0.44580078125], "position": [-185.00001525878906, -242.0], "rawSize": [2012.0, 2048.0], "view": [472.5, 1083.4000244140625]}}