{"kelifulan_7": {"size": [2230.0, 2710.0], "pivot": [0.4732530117034912, 0.6810547113418579], "position": [-286.25384521484375, 358.9681396484375], "raw": true, "rawSize": [1685.0, 2048.0], "view": [668.1110229492188, 1535.71435546875]}, "kelifulan_7_rw": {"size": [1116.0, 2048.0], "pivot": [0.4732530117034912, 0.6810547113418579], "position": [-103.0, 401.0], "rawSize": [1116.0, 2048.0]}}