{"sanli_5": {"size": [1920.0, 2048.0], "pivot": [0.4984374940395355, 0.48583984375], "position": [-229.00001525878906, -169.0], "rawSize": [1920.0, 2048.0], "view": [523.2999877929688, 1199.5999755859375]}}