{"z36": {"size": [825.0, 1024.0], "pivot": [0.43696969747543335, 0.609375], "position": [-90.99990844726562, 89.0], "rawSize": [825.0, 1024.0], "view": [395.0, 906.0]}}