{"longxiang_4": {"size": [3900.0, 2630.0], "pivot": [0.49067598581314087, 0.66650390625], "position": [-512.4839477539062, 55.548240661621094], "raw": true, "rawSize": [2048.0, 1381.0], "view": [680.6970825195312, 1560.48388671875]}, "longxiang_4_rw": {"size": [1730.0, 2048.0], "pivot": [0.49067598581314087, 0.66650390625], "position": [-139.0, 186.5], "rawSize": [1730.0, 2048.0]}}