{"bulunxierde": {"size": [2048.0, 1866.0], "pivot": [0.49067598581314087, 0.66650390625], "position": [-213.5686798095703, 33.078369140625], "rawSize": [2048.0, 1866.0], "view": [413.7570495605469, 948.5294189453125]}}