{"nubiyaren": {"size": [3968.0, 3372.0], "pivot": [0.49067598581314087, 0.66650390625], "position": [-386.1096496582031, -503.056396484375], "rawSize": [2048.0, 1740.0], "view": [578.1263427734375, 1325.342529296875]}, "nubiyaren_bj": {"size": [3968.0, 3372.0], "pivot": [0.49067598581314087, 0.66650390625], "position": [-38.0, 557.0], "rawSize": [2048.0, 1740.0]}, "nubiyaren_rw": {"size": [2048.0, 1852.0], "pivot": [0.49067598581314087, 0.66650390625], "position": [-53.099998474121094, -232.60000610351562], "rawSize": [2048.0, 1852.0]}}