{"jiahe_3": {"size": [683.0, 1024.0], "pivot": [0.45461201667785645, 0.6494140625], "position": [-87.00016784667969, 107.0], "rawSize": [683.0, 1024.0], "view": [293.0, 669.0]}}