{"keliaopeitela_2": {"size": [4800.0, 2530.0], "pivot": [0.49067598581314087, 0.66650390625], "position": [-234.50006103515625, -63.00019454956055], "raw": true, "rawSize": [2048.0, 1080.0], "view": [879.2337646484375, 2015.625]}, "keliaopeitela_2_rw": {"size": [1770.0, 2048.0], "pivot": [0.49067598581314087, 0.66650390625], "position": [44.29999923706055, 437.70001220703125], "rawSize": [1770.0, 2048.0]}}