{"adiliao": {"size": [3250.0, 3110.0], "pivot": [0.49067598581314087, 0.66650390625], "position": [-247.5682373046875, -94.09947967529297], "rawSize": [2048.0, 1960.0], "view": [508.4725036621094, 1165.6627197265625]}, "adiliao_rw": {"size": [2048.0, 1920.0], "pivot": [0.49067598581314087, 0.66650390625], "position": [-373.2699890136719, -124.19999694824219], "rawSize": [2048.0, 1920.0]}}