{"kaisa_alter": {"size": [3954.0, 3074.0], "pivot": [0.49067598581314087, 0.66650390625], "position": [-328.2500305175781, -71.75010681152344], "rawSize": [2048.0, 1592.0], "view": [479.58203125, 1099.431884765625]}, "kaisa_alter_rw": {"size": [2048.0, 1662.0], "pivot": [0.49067598581314087, 0.66650390625], "position": [-290.79998779296875, -68.69999694824219], "rawSize": [2048.0, 1662.0]}}