{"dujiaoshou_9": {"size": [4200.0, 3790.0], "pivot": [0.4732530117034912, 0.6810547113418579], "position": [-834.9490356445312, 159.23715209960938], "rawSize": [2048.0, 1848.0], "view": [713.40673828125, 1639.83056640625]}, "dujiaoshou_9_rw": {"size": [1812.0, 2048.0], "pivot": [0.4732530117034912, 0.6810547113418579], "position": [-354.0, 448.0], "rawSize": [1812.0, 2048.0]}}