{"beikaluolaina_2": {"size": [5278.0, 4080.0], "pivot": [0.49067598581314087, 0.66650390625], "position": [-304.2464599609375, -258.5982360839844], "rawSize": [2048.0, 1583.0], "view": [937.849365234375, 2150.0]}, "beikaluolaina_2_rw": {"size": [1862.0, 2048.0], "pivot": [0.49067598581314087, 0.66650390625], "position": [295.0, 255.8000030517578], "rawSize": [1862.0, 2048.0]}}