{"biaoqiang_7": {"size": [1266.0, 1400.0], "pivot": [0.4976303279399872, 0.5514285564422607], "position": [-179.00003051757812, 143.0], "rawSize": [1266.0, 1400.0], "view": [514.5, 1179.5999755859375]}}