{"afuleer": {"size": [1002.0, 1024.0], "pivot": [0.552495002746582, 0.71337890625], "position": [-25.99987030029297, 149.0], "rawSize": [1002.0, 1024.0], "view": [397.0, 698.0]}}