{"quejie_2": {"size": [697.0, 1024.0], "pivot": [0.4956958293914795, 0.5703125], "position": [-81.99980163574219, 78.0], "rawSize": [697.0, 1024.0], "view": [383.0, 876.0]}}