{"yueke_h": {"size": [1422.0, 2048.0], "pivot": [0.49067598581314087, 0.66650390625], "position": [-136.28578186035156, -106.91429138183594], "raw": true, "rawSize": [1422.0, 2048.0], "view": [514.6734008789062, 1179.8780517578125]}}