{"bulvxieer_2": {"size": [2048.0, 2016.0], "pivot": [0.49067598581314087, 0.66650390625], "position": [-378.7204895019531, 37.806419372558594], "rawSize": [2048.0, 2016.0], "view": [453.7980651855469, 1040.3226318359375]}}