{"bulvxieer_2": {"size": [3284.0, 2090.0], "pivot": [0.49067598581314087, 0.66650390625], "position": [-284.37872314453125, 202.29119873046875], "raw": true, "rawSize": [2048.0, 1303.0], "view": [409.7400207519531, 939.3204345703125]}, "bulvxieer_2_rw": {"size": [2048.0, 2016.0], "pivot": [0.49067598581314087, 0.66650390625], "position": [98.5, 452.3999938964844], "rawSize": [2048.0, 2016.0]}}