{"huajian_2": {"size": [1852.0, 2048.0], "pivot": [0.49067598581314087, 0.66650390625], "position": [0.22044754028320312, -106.75889587402344], "rawSize": [1852.0, 2048.0], "view": [508.4725341796875, 1165.6627197265625]}}