{"patelixia_2": {"size": [2048.0, 1550.0], "pivot": [0.49067598581314087, 0.66650390625], "position": [-61.25006103515625, -216.25003051757812], "raw": true, "rawSize": [2048.0, 1550.0], "view": [527.5402221679688, 1209.375]}}