{"qiabayefu_3": {"size": [2048.0, 1974.0], "pivot": [0.513916015625, 0.47223910689353943], "position": [-193.99996948242188, -180.0], "rawSize": [2048.0, 1974.0], "view": [352.79998779296875, 809.0999755859375]}}