{"feiteliedadi_2": {"size": [2048.0, 1597.0], "pivot": [0.49853515625, 0.545084536075592], "position": [-134.99993896484375, 23.0], "rawSize": [2048.0, 1597.0], "view": [376.1000061035156, 862.4000244140625]}}