{"xinnong": {"size": [3593.0, 3571.0], "pivot": [0.30126953125, 0.698034405708313], "position": [-551.0, 299.0], "rawSize": [2048.0, 2035.0], "view": [516.7000122070312, 1184.9000244140625]}, "xinnong_front": {"size": [3593.0, 3571.0], "pivot": [0.49067598581314087, 0.66650390625], "position": [-35.0, 594.5], "rawSize": [2048.0, 2035.0]}, "xinnong_middle": {"size": [1920.0, 2048.0], "pivot": [0.49067598581314087, 0.66650390625], "position": [-150.1999969482422, 375.0], "rawSize": [1920.0, 2048.0]}}