{"zuishang": {"size": [1024.0, 1024.0], "pivot": [0.3896484375, 0.470703125], "position": [-139.99981689453125, -49.0], "rawSize": [1024.0, 1024.0], "view": [483.0, 892.0]}}