{"xipeier_idol": {"size": [1400.0, 1094.0], "pivot": [0.5539999604225159, 0.5658135414123535], "position": [-44.00001525878906, 30.0], "rawSize": [1400.0, 1094.0], "view": [375.5, 861.0]}}