{"edu_4": {"size": [3208.0, 2598.0], "pivot": [0.49067598581314087, 0.66650390625], "position": [-184.4445037841797, -60.66673278808594], "rawSize": [2048.0, 1659.0], "view": [468.9246826171875, 1075.0]}, "edu_4_rw": {"size": [2048.0, 1420.0], "pivot": [0.49067598581314087, 0.66650390625], "position": [-45.0, 99.0], "rawSize": [2048.0, 1420.0]}}