{"lingbo_7": {"size": [1342.0, 1400.0], "pivot": [0.5289120674133301, 0.5681428909301758], "position": [-126.0, 3.0], "rawSize": [1342.0, 1400.0], "view": [411.6000061035156, 943.9000244140625]}}