{"hdn402_1": {"size": [1024.0, 956.0], "pivot": [0.4541015625, 0.4497908055782318], "position": [-247.99990844726562, 42.0], "rawSize": [1024.0, 956.0], "view": [342.0, 781.0]}}