{"beiyaen_alter": {"size": [4608.0, 3958.0], "pivot": [0.49067598581314087, 0.66650390625], "position": [-608.1111450195312, -288.0000915527344], "rawSize": [2048.0, 1759.0], "view": [781.5410766601562, 1791.6666259765625]}, "beiyaen_alter_rw": {"size": [1612.0, 2048.0], "pivot": [0.49067598581314087, 0.66650390625], "position": [109.80000305175781, -114.0], "rawSize": [1612.0, 2048.0]}}