{"ruoye": {"size": [680.0, 1024.0], "pivot": [0.44999998807907104, 0.6895507574081421], "position": [-91.00045776367188, 94.0], "rawSize": [680.0, 1024.0], "view": [354.0, 812.0]}}