{"shengli_4": {"size": [2030.0, 2048.0], "pivot": [0.49067598581314087, 0.66650390625], "position": [-333.20697021484375, -3.5172958374023438], "rawSize": [2030.0, 2048.0], "view": [727.6417236328125, 1668.103515625]}}