{"xinaoerliang": {"size": [3240.0, 2453.0], "pivot": [0.49067598581314087, 0.66650390625], "position": [-348.09539794921875, 211.00418090820312], "rawSize": [2048.0, 1551.0], "view": [555.3055419921875, 1273.0263671875]}, "xinaoerliang_rw": {"size": [2048.0, 1684.0], "pivot": [0.49067598581314087, 0.66650390625], "position": [-161.60000610351562, 204.0], "rawSize": [2048.0, 1684.0]}}