{"jiuyun_2": {"size": [2048.0, 1832.0], "pivot": [0.49067598581314087, 0.66650390625], "position": [-228.06802368164062, -194.79617309570312], "rawSize": [2048.0, 1832.0], "view": [409.7400207519531, 939.3204345703125]}}