{"kelifulan_4": {"size": [512.0, 1024.0], "pivot": [0.42578125, 0.7373046875], "position": [75.99984741210938, 216.0], "rawSize": [512.0, 1024.0], "view": [368.0, 846.0]}}