{"shenxue_2": {"size": [2048.0, 1746.0], "pivot": [0.49067598581314087, 0.66650390625], "position": [-255.3333740234375, 101.81475830078125], "rawSize": [2048.0, 1746.0], "view": [390.7705383300781, 895.8333129882812]}}