{"xia_doa": {"size": [1614.0, 2048.0], "pivot": [0.49814125895500183, 0.53515625], "position": [-106.00003051757812, -75.0], "rawSize": [1614.0, 2048.0], "view": [475.70001220703125, 1090.699951171875]}}