{"fuerban_h": {"size": [1948.0, 2048.0], "pivot": [0.49067598581314087, 0.66650390625], "position": [-226.31040954589844, -3.5172958374023438], "rawSize": [1948.0, 2048.0], "view": [727.6417236328125, 1668.103515625]}, "face": {"size": [368.0, 268.0], "pivot": [0.5, 0.5], "position": [-38.29999923706055, 436.0], "rawSize": [368.0, 268.0], "list": [0, 1, 2, 3, 4, 5]}}