{"yizhi": {"size": [2048.0, 1824.0], "pivot": [0.4656575620174408, 0.5557382702827454], "position": [-53.6087532043457, 75.91301727294922], "rawSize": [2048.0, 1824.0], "view": [366.9845275878906, 841.3043823242188]}}