{"saqieer": {"size": [810.0, 1212.0], "pivot": [0.5061728358268738, 0.6080858111381531], "position": [-102.00078582763672, 112.0], "rawSize": [688.0, 1020.0], "view": [580.0, 1050.0]}}