{"nana_tolove": {"size": [1784.0, 2048.0], "pivot": [0.49067598581314087, 0.66650390625], "position": [-53.25006103515625, -66.75003051757812], "rawSize": [1784.0, 2048.0], "view": [527.5402221679688, 1209.375]}}