{"shenghaxintuo": {"size": [3452.0, 3452.0], "pivot": [0.49067598581314087, 0.66650390625], "position": [-655.730224609375, -291.1747131347656], "rawSize": [2048.0, 2048.0], "view": [669.8923950195312, 1535.71435546875]}, "shenghaxintuo_rw": {"size": [2048.0, 1768.0], "pivot": [0.49067598581314087, 0.66650390625], "position": [-231.0, -108.0], "rawSize": [2048.0, 1768.0]}, "shenghaxintuo_bj": {"size": [3452.0, 3452.0], "pivot": [0.49067598581314087, 0.66650390625], "position": [-31.100000381469727, 575.7000122070312], "rawSize": [2048.0, 2048.0]}}