{"tashigan_3": {"size": [2048.0, 2034.0], "pivot": [0.49853515625, 0.5353982448577881], "position": [-168.0000457763672, -63.0], "rawSize": [2048.0, 2034.0], "view": [503.5, 1154.4000244140625]}}