{"bangkeshan_2": {"size": [2048.0, 1152.0], "pivot": [0.3526367247104645, 0.59375], "position": [0.0, 0.0], "rawSize": [2048.0, 1152.0], "view": [331.0, 1041.6]}, "face": {"size": [426.0, 440.0], "pivot": [0.5, 0.5], "position": [52.83000183105469, 257.1000061035156], "rawSize": [426.0, 440.0], "list": [0, 1, 2, 3, 4]}, "bangkeshan_2_n": {"size": [2048.0, 1152.0], "pivot": [0.49067598581314087, 0.66650390625], "position": [-19.09600067138672, 191.80999755859375], "rawSize": [2048.0, 1152.0]}, "bangkeshan_2_front": {"size": [2048.0, 1152.0], "pivot": [0.49067598581314087, 0.66650390625], "position": [-19.09600067138672, 191.80999755859375], "rawSize": [2048.0, 1152.0]}}