{"bangkeshan_2": {"size": [2048.0, 1152.0], "pivot": [0.3526367247104645, 0.59375], "position": [-162.0, 54.0], "rawSize": [2048.0, 1152.0], "view": [331.0, 1041.6]}, "bangkeshan_2_n": {"size": [2048.0, 1152.0], "pivot": [0.49067598581314087, 0.66650390625], "position": [-19.09600067138672, 191.80999755859375], "rawSize": [2048.0, 1152.0]}, "bangkeshan_2_front": {"size": [2048.0, 1152.0], "pivot": [0.49067598581314087, 0.66650390625], "position": [-19.09600067138672, 191.80999755859375], "rawSize": [2048.0, 1152.0]}}