{"buleisite_3": {"size": [3960.0, 2366.0], "pivot": [0.49067598581314087, 0.66650390625], "position": [-6.230827331542969, 28.92293357849121], "raw": true, "rawSize": [2048.0, 1224.0], "view": [649.2803344726562, 1488.4615478515625]}, "buleisite_3_rw": {"size": [2048.0, 1392.0], "pivot": [0.49067598581314087, 0.66650390625], "position": [-23.5999755859375, 98.69999694824219], "rawSize": [2048.0, 1392.0]}}