{"balaka_2": {"size": [3652.0, 2062.0], "pivot": [0.49067598581314087, 0.66650390625], "position": [-345.2759094238281, -105.24153900146484], "raw": true, "rawSize": [2048.0, 1156.0], "view": [727.6417236328125, 1668.103515625]}, "balaka_2_rw": {"size": [2048.0, 1256.0], "pivot": [0.49067598581314087, 0.66650390625], "position": [150.8000030517578, 223.1999969482422], "rawSize": [2048.0, 1256.0]}}