{"qifeng_alter": {"size": [4596.0, 4426.0], "pivot": [0.49067598581314087, 0.66650390625], "position": [-295.5294494628906, -157.11778259277344], "rawSize": [2048.0, 1972.0], "view": [620.6355590820312, 1422.7940673828125]}, "qifeng_alter_rw": {"size": [2659.0, 2048.0], "pivot": [0.49067598581314087, 0.66650390625], "position": [-163.0, -58.0], "rawSize": [2659.0, 2048.0]}}