{"wuqi": {"size": [1400.0, 788.0], "pivot": [0.4942857027053833, 0.7067258954048157], "position": [-97.0003662109375, 39.0], "rawSize": [1400.0, 788.0], "view": [343.0, 788.0]}}