{"kangkede": {"size": [647.0, 1024.0], "pivot": [0.5225657224655151, 0.74755859375], "position": [-54.80002212524414, 135.89999389648438], "rawSize": [647.0, 1024.0], "view": [334.29998779296875, 768.0]}}