{"vtuber_matsuri": {"size": [1365.0, 1400.0], "pivot": [0.497802197933197, 0.5514285564422607], "position": [-33.0, 35.0], "rawSize": [1365.0, 1400.0], "view": [412.1000061035156, 944.9000244140625]}}