{"huayue_3": {"size": [1400.0, 1372.0], "pivot": [0.7342857122421265, 0.5524781346321106], "position": [-61.99997329711914, -33.0], "rawSize": [1400.0, 1372.0], "view": [582.2000122070312, 1334.9000244140625]}}