{"xiongye_3": {"size": [2048.0, 1800.0], "pivot": [0.49067598581314087, 0.66650390625], "position": [-131.16598510742188, -180.289794921875], "raw": true, "rawSize": [2048.0, 1800.0], "view": [562.7095947265625, 1290.0]}}