{"longfeng_2": {"size": [1563.0, 2048.0], "pivot": [0.5652590990066528, 0.5947265625], "position": [-253.99996948242188, 76.0], "rawSize": [1563.0, 2048.0], "view": [569.5999755859375, 1306.0999755859375]}}