{"zuishang_g": {"size": [1024.0, 836.0], "pivot": [0.390625, 0.6351674795150757], "position": [-111.00033569335938, 99.0], "rawSize": [1024.0, 836.0], "view": [350.0, 647.0]}}