{"ajiakesi": {"size": [865.0, 1252.0], "pivot": [0.38901734352111816, 0.6541533470153809], "position": [-114.00025939941406, 165.0], "rawSize": [696.0, 1024.0], "view": [460.0, 945.0]}}