{"xili_4": {"size": [1024.0, 952.0], "pivot": [0.47089844942092896, 0.6780462265014648], "position": [-101.39999389648438, 108.10003662109375], "rawSize": [1024.0, 952.0], "view": [289.1000061035156, 662.7999877929688]}}