{"shengnvzhende_2": {"size": [2048.0, 1534.0], "pivot": [0.49853515625, 0.5469360947608948], "position": [-145.0, 93.0], "rawSize": [2048.0, 1534.0], "view": [352.70001220703125, 808.9000244140625]}}