{"haitian_2": {"size": [3896.0, 3242.0], "pivot": [0.49067598581314087, 0.66650390625], "position": [-310.7314147949219, 14.835683822631836], "rawSize": [2048.0, 1704.0], "view": [629.8987426757812, 1444.02978515625]}, "haitian_2_rw": {"size": [1562.0, 2048.0], "pivot": [0.49067598581314087, 0.66650390625], "position": [222.5, -22.799999237060547], "rawSize": [1562.0, 2048.0]}}