{"bulisituoer": {"size": [2048.0, 1744.0], "pivot": [0.49067598581314087, 0.66650390625], "position": [-258.9015808105469, -68.40229797363281], "rawSize": [2048.0, 1744.0], "view": [490.7350769042969, 1125.0]}}