{"biaoyu": {"size": [1147.0, 1300.0], "pivot": [0.47602441906929016, 0.7716153860092163], "position": [-126.00003051757812, 225.0], "rawSize": [1147.0, 1300.0], "view": [383.0, 879.0]}}