{"beiyade_2": {"size": [6314.0, 3818.0], "pivot": [0.49067598581314087, 0.66650390625], "position": [-319.50006103515625, -125.50020599365234], "raw": true, "rawSize": [2048.0, 1238.0], "view": [1055.0804443359375, 2418.75]}, "beiyade_2_rw": {"size": [1738.0, 2048.0], "pivot": [0.49067598581314087, 0.66650390625], "position": [-146.0, 416.70001220703125], "rawSize": [1738.0, 2048.0]}}