{"pulinsidun_3": {"size": [2048.0, 2044.0], "pivot": [0.51904296875, 0.5173190236091614], "position": [-134.9999237060547, -31.0], "rawSize": [2048.0, 2044.0], "view": [421.0, 965.2999877929688]}}