{"neihuada": {"size": [1318.0, 1332.0], "pivot": [0.4317147135734558, 0.6478978991508484], "position": [-101.00041198730469, 181.0], "rawSize": [1012.0, 1022.0], "view": [304.0, 829.0]}}