{"chuannei_g": {"size": [956.0, 1024.0], "pivot": [0.3828451931476593, 0.578125], "position": [-113.99978637695312, 72.0], "rawSize": [956.0, 1024.0], "view": [339.0, 775.0]}}