{"feinikesi": {"size": [931.0, 1200.0], "pivot": [0.49677765369415283, 0.659166693687439], "position": [-67.99987030029297, 165.0], "rawSize": [792.0, 1020.0], "view": [397.0, 920.0]}}