{"taiyuan_2": {"size": [1400.0, 938.0], "pivot": [0.5399286150932312, 0.5268656611442566], "position": [-81.99996948242188, -84.0], "rawSize": [1400.0, 938.0], "view": [403.0, 924.0]}}