{"ougen_4": {"size": [1400.0, 1372.0], "pivot": [0.49785715341567993, 0.5524781346321106], "position": [-132.9999542236328, 22.0], "rawSize": [1400.0, 1372.0], "view": [421.8999938964844, 967.5]}}