{"taiyuan": {"size": [805.0, 1024.0], "pivot": [0.5844720602035522, 0.568359375], "position": [-45.99981689453125, 40.0], "rawSize": [805.0, 1024.0], "view": [355.0, 814.0]}}