{"aidang_6": {"size": [5482.0, 4546.0], "pivot": [0.49067598581314087, 0.66650390625], "position": [-322.00006103515625, 80.7498779296875], "rawSize": [2048.0, 1698.0], "view": [879.2337646484375, 2015.625]}, "aidang_6_rw": {"size": [2048.0, 2046.0], "pivot": [0.49067598581314087, 0.66650390625], "position": [336.0, 413.0], "rawSize": [2048.0, 2046.0]}}