{"shenxue": {"size": [2030.0, 2048.0], "pivot": [0.49067598581314087, 0.66650390625], "position": [-67.68187713623047, -185.04547119140625], "rawSize": [2030.0, 2048.0], "view": [479.58203125, 1099.431884765625]}}