{"huixing_g": {"size": [761.0, 1024.0], "pivot": [0.4592641294002533, 0.5458984375], "position": [-80.0002212524414, 108.0], "rawSize": [761.0, 1024.0], "view": [360.0, 825.0]}}