{"dulianglai": {"size": [3324.0, 2948.0], "pivot": [0.49067598581314087, 0.66650390625], "position": [-103.02415466308594, -151.7349853515625], "rawSize": [2048.0, 1816.0], "view": [508.4725341796875, 1165.6627197265625]}, "dulianglai_bj2": {"size": [1482.0, 1442.0], "pivot": [0.49067598581314087, 0.66650390625], "position": [-689.0, 284.0], "rawSize": [1482.0, 1442.0]}, "dulianglai_rw": {"size": [1800.0, 2048.0], "pivot": [0.49067598581314087, 0.66650390625], "position": [429.0, -105.0], "rawSize": [1800.0, 2048.0]}, "dulianglai_bj1": {"size": [1316.0, 1190.0], "pivot": [0.49067598581314087, 0.66650390625], "position": [737.0, 180.60000610351562], "rawSize": [1316.0, 1190.0]}}