{"shentong_4": {"size": [2048.0, 1676.0], "pivot": [0.49067598581314087, 0.66650390625], "position": [298.37030029296875, 80.51846313476562], "rawSize": [2048.0, 1676.0], "view": [398.00701904296875, 912.4228515625]}}