{"hdn101": {"size": [1024.0, 891.0], "pivot": [0.673828125, 0.5280583500862122], "position": [-142.0001678466797, -14.0], "rawSize": [1024.0, 891.0], "view": [470.0, 1075.0]}}