{"keluodiya_2": {"size": [1862.0, 2048.0], "pivot": [0.49067598581314087, 0.66650390625], "position": [-199.73977661132812, -18.13715362548828], "rawSize": [1862.0, 2048.0], "view": [578.1262817382812, 1325.3424072265625]}}