{"heitaizi": {"size": [830.0, 1090.0], "pivot": [0.44337350130081177, 0.621100902557373], "position": [-79.1999740600586, 111.19999694824219], "rawSize": [830.0, 1090.0], "view": [328.3599853515625, 752.9600219726562]}}