{"gelasige_2": {"size": [904.0, 1200.0], "pivot": [0.5188053250312805, 0.6566666960716248], "position": [-158.99996948242188, 123.0], "rawSize": [904.0, 1200.0], "view": [441.20001220703125, 1011.5]}}