{"daqinghuayu_4": {"size": [2048.0, 1845.0], "pivot": [0.49853515625, 0.5390244126319885], "position": [-154.0, 60.0], "rawSize": [2048.0, 1845.0], "view": [416.70001220703125, 955.4000244140625]}}