{"wensensi": {"size": [1024.0, 1024.0], "pivot": [0.41015625, 0.53515625], "position": [-217.00033569335938, 73.0], "rawSize": [1024.0, 1024.0], "view": [328.0, 755.0]}}