{"jiluofu_4": {"size": [2048.0, 1760.0], "pivot": [0.49067598581314087, 0.66650390625], "position": [-97.00006103515625, 56.105613708496094], "rawSize": [2048.0, 1760.0], "view": [390.7705383300781, 895.833251953125]}}