{"ruifeng": {"size": [2900.0, 3028.0], "pivot": [0.49067598581314087, 0.66650390625], "position": [-358.3333740234375, -10.166789054870605], "rawSize": [1961.0, 2048.0], "view": [586.1558227539062, 1343.75]}, "ruifeng_rw": {"size": [1880.0, 2048.0], "pivot": [0.49067598581314087, 0.66650390625], "position": [-137.0, 352.0], "rawSize": [1880.0, 2048.0]}}