{"ruifeng": {"size": [2718.0, 2770.0], "pivot": [0.49067598581314087, 0.66650390625], "position": [-97.00006103515625, 112.0], "rawSize": [2010.0, 2048.0], "view": [359.0, 823.0]}, "ruifeng_rw": {"size": [1834.0, 2048.0], "pivot": [0.49067598581314087, 0.66650390625], "position": [-126.0, 473.0], "rawSize": [1834.0, 2048.0]}}