{"tiancheng_2": {"size": [1934.0, 2048.0], "pivot": [0.5604963898658752, 0.53515625], "position": [-21.00005531311035, -20.0], "rawSize": [1934.0, 2048.0], "view": [550.5, 1262.0]}}