{"ailunsamuna_2": {"size": [1998.0, 2048.0], "pivot": [0.6821821928024292, 0.55419921875], "position": [-137.2044219970703, 5.925804138183594], "rawSize": [1998.0, 2048.0], "view": [401.3616638183594, 1325.3424072265625]}}