{"ailunsamuna_2": {"size": [1998.0, 2048.0], "pivot": [0.6821821928024292, 0.55419921875], "position": [-93.0, 93.0], "rawSize": [1998.0, 2048.0], "view": [331.0, 1093.0]}}