{"kelifulan_younv": {"size": [1013.0, 1024.0], "pivot": [0.6085883378982544, 0.5419921875], "position": [-21.000415802001953, -96.0], "rawSize": [1013.0, 1024.0], "view": [429.0, 982.0]}}