{"duli_3": {"size": [2048.0, 1908.0], "pivot": [0.49067598581314087, 0.66650390625], "position": [-173.92529296875, 54.134769439697266], "rawSize": [2048.0, 1908.0], "view": [548.0938110351562, 1256.4935302734375]}}