{"tangsi": {"size": [845.0, 1111.0], "pivot": [0.4668639004230499, 0.6026102900505066], "position": [-112.00025939941406, 115.0], "rawSize": [778.0, 1024.0], "view": [423.0, 816.0]}}