{"liangyue": {"size": [2048.0, 1972.0], "pivot": [0.501953125, 0.5283975601196289], "position": [-146.99993896484375, 18.0], "rawSize": [2048.0, 1972.0], "view": [579.0, 1327.699951171875]}}