{"haiwangxing_3": {"size": [2048.0, 1828.0], "pivot": [0.49067598581314087, 0.66650390625], "position": [-147.9259796142578, -123.00001525878906], "rawSize": [2048.0, 1828.0], "view": [390.7705383300781, 895.8333129882812]}}