{"ruyue_g": {"size": [715.0, 1024.0], "pivot": [0.5195804238319397, 0.6396484375], "position": [-53.99961853027344, 39.0], "rawSize": [715.0, 1024.0], "view": [447.0, 1024.0]}}