{"boyixi_4": {"size": [1840.0, 2048.0], "pivot": [0.49067598581314087, 0.66650390625], "position": [-277.72296142578125, 160.1927032470703], "rawSize": [1840.0, 2048.0], "view": [508.4725341796875, 1165.6627197265625]}}