{"lituoliao_4": {"size": [2004.0, 2048.0], "pivot": [0.49067598581314087, 0.66650390625], "position": [-206.10720825195312, -324.6072082519531], "rawSize": [2004.0, 2048.0], "view": [602.903076171875, 1382.142822265625]}}