{"tbniang": {"size": [898.0, 2048.0], "pivot": [0.5601336359977722, 0.66162109375], "position": [-206.99990844726562, 244.0], "rawSize": [898.0, 2048.0], "view": [748.5, 1716.5]}}