{"canglong_3": {"size": [530.0, 1024.0], "pivot": [0.4415094256401062, 0.5283203125], "position": [-44.000083923339844, 58.0], "rawSize": [640.0, 1280.0], "view": [250.0, 569.0]}}