{"aijiangdd": {"size": [1024.0, 993.0], "pivot": [0.3896484375, 0.6198388934135437], "position": [-188.00035095214844, 3.0], "rawSize": [1024.0, 993.0], "view": [413.0, 948.0]}}