{"lundun": {"size": [1082.0, 1229.0], "pivot": [0.4556395709514618, 0.7091131210327148], "position": [-147.9996795654297, 167.0], "rawSize": [902.0, 1024.0], "view": [454.0, 906.0]}}