{"yanusi_h": {"size": [2730.0, 1584.0], "pivot": [0.49067598581314087, 0.66650390625], "position": [-140.0108184814453, -6.279609680175781], "raw": true, "rawSize": [2048.0, 1188.0], "view": [453.7980651855469, 1040.3226318359375]}, "yanusi_h_rw": {"size": [2048.0, 1242.0], "pivot": [0.49067598581314087, 0.66650390625], "position": [0, 380], "rawSize": [2048.0, 1242.0]}}