{"jinseanying_2_tolove": {"size": [4316.0, 3062.0], "pivot": [0.49067598581314087, 0.66650390625], "position": [-348.2698974609375, 198.6665802001953], "raw": true, "rawSize": [2048.0, 1453.0], "view": [669.8923950195312, 1535.71435546875]}, "jinseanying_2_tolove_rw": {"size": [958.0, 2048.0], "pivot": [0.49067598581314087, 0.66650390625], "position": [-71.69999694824219, 373.8999938964844], "rawSize": [958.0, 2048.0]}}