{"xianghe": {"size": [1024.0, 795.0], "pivot": [0.3310546875, 0.452201247215271], "position": [-260.00006103515625, -12.0], "rawSize": [1024.0, 795.0], "view": [268.0, 636.0]}}