{"dafeng_2": {"size": [814.0, 1024.0], "pivot": [0.5691646337509155, 0.6171875], "position": [-47.000083923339844, 134.0], "rawSize": [814.0, 1024.0], "view": [312.0, 716.0]}}