{"genaisennao_alter": {"size": [1904.0, 2048.0], "pivot": [0.49067598581314087, 0.66650390625], "position": [-147.32614135742188, 247.36224365234375], "rawSize": [1904.0, 2048.0], "view": [366.9845275878906, 841.3043212890625]}}