{"junzhu_5": {"size": [3256.0, 2006.0], "pivot": [0.49067598581314087, 0.66650390625], "position": [-675.7879028320312, -34.96974182128906], "raw": true, "rawSize": [2048.0, 1262.0], "view": [639.4426879882812, 1465.9090576171875]}, "junzhu_5_rw": {"size": [2048.0, 1346.0], "pivot": [0.49067598581314087, 0.66650390625], "position": [-146.3000030517578, 102.19999694824219], "rawSize": [2048.0, 1346.0]}}