{"laisha": {"size": [3445.0, 2532.0], "pivot": [0.49067598581314087, 0.66650390625], "position": [-198.0926055908203, 47.94338607788086], "rawSize": [2048.0, 1505.0], "view": [555.3056030273438, 1273.0263671875]}, "laisha_rw": {"size": [2048.0, 1790.0], "pivot": [0.49067598581314087, 0.66650390625], "position": [-244.0, 96.0], "rawSize": [2048.0, 1790.0]}}