{"tianying": {"size": [1864.0, 2048.0], "pivot": [0.4983905553817749, 0.5673828125], "position": [-122.99999237060547, 101.0], "rawSize": [1864.0, 2048.0], "view": [331.0, 770.9000244140625]}}