{"youming_2": {"size": [1676.0, 2048.0], "pivot": [0.3693317472934723, 0.5068359375], "position": [-219.99996948242188, -43.0], "raw": true, "rawSize": [1676.0, 2048.0], "view": [656.0, 1504.300048828125]}}