{"shengluyisi_4": {"size": [2048.0, 1138.0], "pivot": [0.29296875, 0.35325130820274353], "position": [-400.0000305175781, -163.0], "rawSize": [2048.0, 1138.0], "view": [406.8999938964844, 932.9000244140625]}}