{"naerxun_g": {"size": [4828.0, 3084.0], "pivot": [0.4732530117034912, 0.6810547113418579], "position": [-297.41162109375, 129.99990844726562], "rawSize": [2048.0, 1308.0], "view": [618.9852294921875, 1422.7940673828125]}, "naerxun_g_rw": {"size": [2860.0, 2048.0], "pivot": [0.4732530117034912, 0.6810547113418579], "position": [-207.0, 106.0], "rawSize": [2860.0, 2048.0]}}