{"z46_2": {"size": [1024.0, 1024.0], "pivot": [0.3447265625, 0.5068359375], "position": [-141.9997100830078, -18.0], "rawSize": [1024.0, 1024.0], "view": [343.0, 785.0]}}