{"keluodiya": {"size": [2048.0, 1994.0], "pivot": [0.49067598581314087, 0.66650390625], "position": [-175.26092529296875, 138.08689880371094], "rawSize": [2048.0, 1994.0], "view": [458.73065185546875, 1051.63037109375]}}