{"luoen_idol": {"size": [2859.0, 3133.0], "pivot": [0.49895069003105164, 0.5229811668395996], "position": [-309.0, 12.0], "rawSize": [1869.0, 2048.0], "view": [523.5, 1200.4000244140625]}, "luoen_idol_middle": {"size": [2859.0, 3133.0], "pivot": [0.49067598581314087, 0.66650390625], "position": [-27.899999618530273, 520.4000244140625], "rawSize": [1869.0, 2048.0]}, "luoen_idol_front": {"size": [2048.0, 1884.0], "pivot": [0.49067598581314087, 0.66650390625], "position": [-177.89999389648438, 468.29998779296875], "rawSize": [2048.0, 1884.0]}}