{"dujiaoshou_g": {"size": [3014.0, 3112.0], "pivot": [0.49067598581314087, 0.66650390625], "position": [-193.47064208984375, -212.70590209960938], "rawSize": [1984.0, 2048.0], "view": [496.5084533691406, 1138.2352294921875]}, "dujiaoshou_g_rw": {"size": [2048.0, 1502.0], "pivot": [0.49067598581314087, 0.66650390625], "position": [-225.0, -35.0], "rawSize": [2048.0, 1502.0]}}