{"biaoyu_2": {"size": [886.0, 1200.0], "pivot": [0.5104966163635254, 0.7106665968894958], "position": [-84.0, 125.0], "rawSize": [886.0, 1200.0], "view": [419.0, 959.0]}}