{"qiabayefu": {"size": [2048.0, 2036.0], "pivot": [0.49272459745407104, 0.5173870325088501], "position": [-214.0, -72.0], "rawSize": [2048.0, 2036.0], "view": [460.0, 1054.5999755859375]}}