{"changchun": {"size": [750.0, 1024.0], "pivot": [0.3840000033378601, 0.57421875], "position": [-85.99969482421875, 65.0], "rawSize": [750.0, 1024.0], "view": [332.0, 762.0]}}