{"pinghai_6": {"size": [1264.0, 1400.0], "pivot": [0.49762657284736633, 0.5514285564422607], "position": [-137.0, -79.0], "rawSize": [1264.0, 1400.0], "view": [460.70001220703125, 1056.5]}}