{"biaoyu_g": {"size": [1024.0, 817.0], "pivot": [0.50732421875, 0.6063647270202637], "position": [-102.99996185302734, 34.0], "rawSize": [1024.0, 817.0], "view": [338.0, 776.0]}}