{"mabuerheide_4": {"size": [2048.0, 1836.0], "pivot": [0.49067598581314087, 0.66650390625], "position": [74.13394927978516, -80.78356170654297], "rawSize": [2048.0, 1836.0], "view": [430.64501953125, 987.2448120117188]}}