{"wuerlixi_2": {"size": [1938.0, 2048.0], "pivot": [0.49067598581314087, 0.66650390625], "position": [-277.41241455078125, 29.628807067871094], "rawSize": [1938.0, 2048.0], "view": [435.084716796875, 997.4226684570312]}}