{"suixiang_doa": {"size": [2048.0, 1956.0], "pivot": [0.5340820550918579, 0.5502044558525085], "position": [-58.999996185302734, -9.0], "rawSize": [2048.0, 1956.0], "view": [632.2999877929688, 1450.0]}}