{"yindianna_2": {"size": [6826.0, 3940.0], "pivot": [0.49067598581314087, 0.66650390625], "position": [-276.75933837890625, -523.5532836914062], "rawSize": [2048.0, 1182.0], "view": [796.287109375, 1825.4716796875]}, "yindianna_2_rw": {"size": [2048.0, 1750.0], "pivot": [0.49067598581314087, 0.66650390625], "position": [-258.0, -240.0], "rawSize": [2048.0, 1750.0]}}