{"u556_3": {"size": [3398.0, 2680.0], "pivot": [0.49067598581314087, 0.66650390625], "position": [-182.09095764160156, 157.81805419921875], "raw": true, "rawSize": [2048.0, 1615.0], "view": [422.0321960449219, 967.5]}, "u556_3_rw": {"size": [1536.0, 2048.0], "pivot": [0.49067598581314087, 0.66650390625], "position": [-138.8000030517578, 233.0], "rawSize": [1536.0, 2048.0]}}