{"z23_2": {"size": [678.0, 1024.0], "pivot": [0.5663716793060303, 0.6083984375], "position": [50.999759674072266, 147.0], "rawSize": [678.0, 1024.0], "view": [428.0, 789.0]}}