{"mengfeisi_4": {"size": [2048.0, 2036.0], "pivot": [0.623046875, 0.5110510587692261], "position": [-44.50006103515625, -39.250030517578125], "rawSize": [2048.0, 2036.0], "view": [527.5402221679688, 1209.375]}}