{"sanli_h": {"size": [2048.0, 2000.0], "pivot": [0.501953125, 0.5661500096321106], "position": [-160.99998474121094, 161.0], "rawSize": [2048.0, 2000.0], "view": [421.3999938964844, 966.2000122070312]}}