{"fuxu_2": {"size": [1940.0, 2048.0], "pivot": [0.49067598581314087, 0.66650390625], "position": [-31.27457046508789, 423.529296875], "rawSize": [1940.0, 2048.0], "view": [496.5084533691406, 1138.2352294921875]}}