{"fuxu_2": {"size": [1940.0, 2048.0], "pivot": [0.49067598581314087, 0.66650390625], "position": [-31.27457046508789, 423.529296875], "rawSize": [1940.0, 2048.0], "view": [496.5084533691406, 1138.2352294921875]}, "face": {"size": [680.0, 700.0], "pivot": [0.5, 0.5], "position": [125.0, 467.0], "rawSize": [680.0, 700.0], "list": [0, 1, 2, 3, 4, 5]}}