{"yingxiong": {"size": [1792.0, 2048.0], "pivot": [0.49067598581314087, 0.66650390625], "position": [103.3727798461914, -188.00038146972656], "rawSize": [1792.0, 2048.0], "view": [620.6355590820312, 1422.7940673828125]}}