{"aikesaite_g": {"size": [711.0, 1024.0], "pivot": [0.46624472737312317, 0.6416015625], "position": [-73.00004577636719, 177.0], "rawSize": [711.0, 1024.0], "view": [300.0, 690.0]}}