{"ladefute_3": {"size": [2048.0, 1870.0], "pivot": [0.5361328125, 0.6160427927970886], "position": [-140.99996948242188, 87.0], "raw": true, "rawSize": [2048.0, 1870.0], "view": [534.5999755859375, 1225.800048828125]}}