{"wokelan_2": {"size": [1400.0, 1280.0], "pivot": [0.48407143354415894, 0.6164843440055847], "position": [-244.00003051757812, 85.0], "raw": true, "rawSize": [1400.0, 1280.0], "view": [460.79998779296875, 1056.9000244140625]}}