{"ruifeng_2": {"size": [4192.0, 2758.0], "pivot": [0.49067598581314087, 0.66650390625], "position": [-222.00006103515625, -176.23532104492188], "raw": true, "rawSize": [2048.0, 1347.0], "view": [620.6355590820312, 1422.7940673828125]}, "ruifeng_2_rw": {"size": [1992.0, 2048.0], "pivot": [0.49067598581314087, 0.66650390625], "position": [-29.600000381469727, 285.6000061035156], "rawSize": [1992.0, 2048.0]}}