{"zhaochao_2": {"size": [678.0, 1024.0], "pivot": [0.3923303782939911, 0.64453125], "position": [-79.99993896484375, 128.0], "rawSize": [678.0, 1024.0], "view": [331.0, 759.0]}}