{"feiniao_2": {"size": [4508.0, 4178.0], "pivot": [0.49067598581314087, 0.66650390625], "position": [-155.5885009765625, -593.39990234375], "rawSize": [2048.0, 1898.0], "view": [956.9890747070312, 2193.87744140625]}, "feiniao_2_rw": {"size": [1496.0, 2048.0], "pivot": [0.49067598581314087, 0.66650390625], "position": [-132.0, -184.0], "rawSize": [1496.0, 2048.0]}}