{"xia": {"size": [1400.0, 1054.0], "pivot": [0.5778571367263794, 0.5683760643005371], "position": [-127.00007629394531, 42.0], "rawSize": [1400.0, 1054.0], "view": [400.70001220703125, 918.7999877929688]}}