{"z23_h": {"size": [2048.0, 1966.0], "pivot": [0.49853515625, 0.5366225838661194], "position": [-191.99996948242188, -7.0], "rawSize": [2048.0, 1966.0], "view": [532.0999755859375, 1220.300048828125]}}