{"nengdai_4": {"size": [4100.0, 4295.0], "pivot": [0.4870731830596924, 0.46721768379211426], "position": [-293.0, -283.0], "rawSize": [1955.0, 2048.0], "view": [554.5, 1271.4000244140625]}, "nengdai_4_n": {"size": [4100.0, 4295.0], "pivot": [0.49067598581314087, 0.66650390625], "position": [-37.0, 716.0], "rawSize": [1955.0, 2048.0]}, "nengdai_4_middle": {"size": [4100.0, 4295.0], "pivot": [0.49067598581314087, 0.66650390625], "position": [-37.0, 714.0], "rawSize": [1955.0, 2048.0]}, "nengdai_4_front": {"size": [1364.0, 1400.0], "pivot": [0.49067598581314087, 0.66650390625], "position": [70.0, -162.0], "rawSize": [1364.0, 1400.0]}}