{"baoduoliuhua_2": {"size": [2048.0, 2032.0], "pivot": [0.49067598581314087, 0.66650390625], "position": [49.66661071777344, 109.333251953125], "rawSize": [2048.0, 2032.0], "view": [562.7095947265625, 1290.0]}}