{"zhaozhi": {"size": [4370.0, 2956.0], "pivot": [0.49067598581314087, 0.66650390625], "position": [-215.82359313964844, -135.1570587158203], "rawSize": [2048.0, 1385.0], "view": [703.386962890625, 1612.4998779296875]}, "zhaozhi_rw": {"size": [1410.0, 2048.0], "pivot": [0.49067598581314087, 0.66650390625], "position": [8.0, 76.0], "rawSize": [1410.0, 2048.0]}}