{"dachao_4": {"size": [1928.0, 2048.0], "pivot": [0.49844399094581604, 0.53515625], "position": [32.000030517578125, -97.0], "rawSize": [1928.0, 2048.0], "view": [512.0999755859375, 1174.4000244140625]}}