{"manchao_2": {"size": [2048.0, 1946.0], "pivot": [0.49067598581314087, 0.66650390625], "position": [-270.3334045410156, 57.555519104003906], "rawSize": [2048.0, 1946.0], "view": [468.9246826171875, 1075.0]}}