{"chuannei": {"size": [1024.0, 913.0], "pivot": [0.408203125, 0.5624315738677979], "position": [-91.99976348876953, 36.0], "rawSize": [1024.0, 913.0], "view": [312.0, 716.0]}}