{"aoliege_2": {"size": [5222.0, 2810.0], "pivot": [0.49067598581314087, 0.66650390625], "position": [-336.0244445800781, 102.24360656738281], "raw": true, "rawSize": [2048.0, 1102.0], "view": [1029.3468017578125, 2359.756103515625]}, "aoliege_2_rw": {"size": [1088.0, 2048.0], "pivot": [0.49067598581314087, 0.66650390625], "position": [199.10000610351562, 506.1000061035156], "rawSize": [1088.0, 2048.0]}}