{"maoyue_2": {"size": [1024.0, 1024.0], "pivot": [0.43359375, 0.5703125], "position": [-78.99978637695312, 47.0], "rawSize": [1024.0, 1024.0], "view": [356.0, 818.0]}}