{"junzhu_3": {"size": [1033.0, 1200.0], "pivot": [0.515488862991333, 0.7378333806991577], "position": [-47.99995422363281, 157.0], "rawSize": [1033.0, 1200.0], "view": [384.0, 880.0]}}