{"z43": {"size": [4490.0, 3684.0], "pivot": [0.49067598581314087, 0.66650390625], "position": [-227.793701171875, 5.174350738525391], "rawSize": [2048.0, 1680.0], "view": [669.8923950195312, 1535.71435546875]}, "z43_rw": {"size": [650.0, 2048.0], "pivot": [0.49067598581314087, 0.66650390625], "position": [-63.4900016784668, 143.30999755859375], "rawSize": [650.0, 2048.0]}}