{"safuke_g": {"size": [903.0, 1024.0], "pivot": [0.5188261270523071, 0.6298828125], "position": [-2.0001068115234375, 62.0], "rawSize": [903.0, 1024.0], "view": [425.0, 749.0]}}