{"xiefeierde_alter": {"size": [1734.0, 2048.0], "pivot": [0.49067598581314087, 0.66650390625], "position": [-119.36564636230469, -315.6344909667969], "rawSize": [1734.0, 2048.0], "view": [453.7980651855469, 1040.3226318359375]}}