{"yili": {"size": [707.0, 1024.0], "pivot": [0.4745403230190277, 0.556640625], "position": [-105.00015258789062, 131.0], "rawSize": [707.0, 1024.0], "view": [459.0, 757.0]}}