{"yongqi_2": {"size": [3958.0, 2578.0], "pivot": [0.49067598581314087, 0.66650390625], "position": [-289.0635681152344, 96.12688446044922], "raw": true, "rawSize": [2048.0, 1334.0], "view": [669.8923950195312, 1535.71435546875]}, "yongqi_2_rw": {"size": [1112.0, 2048.0], "pivot": [0.49067598581314087, 0.66650390625], "position": [-23.100000381469727, 137.3000030517578], "rawSize": [1112.0, 2048.0]}}