{"yanzhan": {"size": [1631.0, 1481.0], "pivot": [0.5851625204086304, 0.6122214794158936], "position": [109.00043487548828, 42.0], "rawSize": [1549.0, 1406.0], "view": [421.0, 871.0]}}