{"abeikelongbi": {"size": [853.0, 1024.0], "pivot": [0.49882766604423523, 0.5166015625], "position": [-62.99974060058594, -18.0], "rawSize": [853.0, 1024.0], "view": [267.0, 614.0]}}