{"abeikelongbi": {"rawSize": [853.0, 1024.0], "size": [853.0, 1024.0], "pivot": [0.49882766604423523, 0.5166015625], "scale": [0.4973696768283844, 0.4973696768283844], "position": [0.0, 0.0]}}