{"jiqi_3": {"size": [1353.0, 1400.0], "pivot": [0.49778270721435547, 0.5514285564422607], "position": [-166.00003051757812, 62.0], "rawSize": [1353.0, 1400.0], "view": [497.1000061035156, 1139.9000244140625]}}