{"aisaikesi_6": {"size": [4094.0, 3230.0], "pivot": [0.49067598581314087, 0.66650390625], "position": [-536.7059326171875, -89.47067260742188], "rawSize": [2048.0, 1616.0], "view": [620.6355590820312, 1422.7940673828125]}, "aisaikesi_6_rw": {"size": [1382.0, 2048.0], "pivot": [0.49067598581314087, 0.66650390625], "position": [-626.0, -130.0], "rawSize": [1382.0, 2048.0]}}