{"gelideli": {"size": [737.0, 969.0], "pivot": [0.4769335091114044, 0.5846233367919922], "position": [-73.99959564208984, 112.0], "rawSize": [737.0, 969.0], "view": [406.0, 809.0]}}