{"lituoliao_2": {"size": [1400.0, 1222.0], "pivot": [0.5233571529388428, 0.5462356805801392], "position": [-84.9999771118164, -8.0], "rawSize": [1400.0, 1222.0], "view": [371.20001220703125, 851.0999755859375], "raw": true}}