{"yikaluosi_3": {"size": [2048.0, 1841.0], "pivot": [0.70068359375, 0.42341119050979614], "position": [180.00001525878906, -263.0], "rawSize": [2048.0, 1841.0], "view": [550.2999877929688, 1261.5999755859375]}}