{"bulaimodun_3": {"size": [5002.0, 2790.0], "pivot": [0.49067598581314087, 0.66650390625], "position": [-113.6667251586914, 101.99994659423828], "raw": true, "rawSize": [2048.0, 1142.0], "view": [703.386962890625, 1612.4998779296875]}, "bulaimodun_3_rw": {"size": [1838.0, 2048.0], "pivot": [0.49067598581314087, 0.66650390625], "position": [-82.0999984741211, 234.3000030517578], "rawSize": [1838.0, 2048.0]}}