{"bulaimodun_3": {"size": [2048.0, 1857.0], "pivot": [0.56982421875, 0.6658589243888855], "position": [-220.9999542236328, 191.0], "rawSize": [2048.0, 1857.0], "view": [621.0, 1423.800048828125]}}