{"yanusi_3": {"size": [2048.0, 1798.0], "pivot": [0.49067598581314087, 0.66650390625], "position": [-195.82359313964844, -230.3531494140625], "rawSize": [2048.0, 1798.0], "view": [620.6355590820312, 1422.7940673828125]}}