{"dafeng": {"size": [1200.0, 974.0], "pivot": [0.534166693687439, 0.6550307869911194], "position": [-67.00016784667969, 136.0], "rawSize": [1200.0, 974.0], "view": [303.0, 692.0]}}