{"bulaimodun": {"size": [2048.0, 1842.0], "pivot": [0.442626953125, 0.7073832750320435], "position": [-386.99993896484375, 255.0], "rawSize": [2048.0, 1842.0], "view": [552.5999755859375, 1267.199951171875]}}