{"tiancheng_cv": {"size": [5550.0, 4290.0], "pivot": [0.49067598581314087, 0.66650390625], "position": [-76.42534637451172, -299.9540710449219], "rawSize": [2048.0, 1583.0], "view": [485.094482421875, 1112.0689697265625]}, "tiancheng_cv_rw1": {"size": [1970.0, 2048.0], "pivot": [0.49067598581314087, 0.66650390625], "position": [-549.0999755859375, -139.10000610351562], "rawSize": [1970.0, 2048.0]}, "tiancheng_cv_bj": {"size": [5550.0, 4290.0], "pivot": [0.49067598581314087, 0.66650390625], "position": [-43.400001525878906, 717.9000244140625], "rawSize": [2048.0, 1583.0]}, "tiancheng_cv_rw2": {"size": [1104.0, 2048.0], "pivot": [0.49067598581314087, 0.66650390625], "position": [991.0, -139.10000610351562], "rawSize": [1104.0, 2048.0]}}