{"pulimaosi": {"size": [4872.0, 4234.0], "pivot": [0.49067598581314087, 0.66650390625], "position": [237.2465057373047, 75.01354217529297], "rawSize": [2048.0, 1780.0], "view": [578.1262817382812, 1325.3424072265625]}, "pulimaosi_rw": {"size": [2008.0, 2048.0], "pivot": [0.49067598581314087, 0.66650390625], "position": [401.0, 328.0], "rawSize": [2008.0, 2048.0]}}