{"jialisuoniye_2": {"size": [1400.0, 1173.0], "pivot": [0.49785715341567993, 0.6204603314399719], "position": [-145.00003051757812, 111.0], "raw": true, "rawSize": [1400.0, 1173.0], "view": [399.29998779296875, 915.5]}}