{"jian_2": {"size": [3598.0, 3816.0], "pivot": [0.49067598581314087, 0.66650390625], "position": [-125.57148742675781, 553.428466796875], "rawSize": [1931.0, 2048.0], "view": [602.9031372070312, 1382.142822265625]}, "jian_2_rw": {"size": [1924.0, 2048.0], "pivot": [0.49067598581314087, 0.66650390625], "position": [270.29998779296875, 596.0], "rawSize": [1924.0, 2048.0]}, "jian_2_bj": {"size": [3598.0, 3816.0], "pivot": [0.49067598581314087, 0.66650390625], "position": [-34.00001907348633, 638.0], "rawSize": [1931.0, 2048.0]}}