{"nigulasi_g": {"size": [1024.0, 1024.0], "pivot": [0.380859375, 0.5986328125], "position": [-123.00001525878906, 104.0], "rawSize": [1024.0, 1024.0], "view": [323.0, 740.0]}}