{"u110_3": {"size": [1718.0, 2048.0], "pivot": [0.5023282766342163, 0.455078125], "position": [-193.9999237060547, -136.0], "rawSize": [1718.0, 2048.0], "view": [585.5, 1342.699951171875]}}