{"lvzuofu_h": {"size": [2798.0, 2658.0], "pivot": [0.49067598581314087, 0.66650390625], "position": [-467.58831787109375, 78.17637634277344], "rawSize": [2048.0, 1946.0], "view": [620.6355590820312, 1422.7940673828125]}, "lvzuofu_h_rw": {"size": [2036.0, 2048.0], "pivot": [0.49067598581314087, 0.66650390625], "position": [155.0, 41.0], "rawSize": [2036.0, 2048.0]}}