{"baerdimo_5": {"size": [1516.0, 2048.0], "pivot": [0.5316622853279114, 0.6875], "position": [-135.99990844726562, 281.0], "raw": true, "rawSize": [1516.0, 2048.0], "view": [695.5, 1594.699951171875]}}