{"chaijun": {"size": [2048.0, 1605.0], "pivot": [0.51123046875, 0.6102803945541382], "position": [-279.9999694824219, 47.0], "rawSize": [2048.0, 1605.0], "view": [548.7000122070312, 1258.300048828125]}}