{"lituoliao": {"size": [1400.0, 1201.0], "pivot": [0.5138571858406067, 0.559950053691864], "position": [-122.09998321533203, 36.29999923706055], "rawSize": [1400.0, 1201.0], "view": [307.5, 705.1599731445312]}}