{"shuixingjinian_4": {"size": [2045.0, 2048.0], "pivot": [0.4985330104827881, 0.53515625], "position": [-261.99993896484375, -21.0], "rawSize": [2045.0, 2048.0], "view": [544.0999755859375, 1247.5999755859375]}}