{"guanghui_3": {"size": [985.0, 1024.0], "pivot": [0.613705575466156, 0.5693359375], "position": [32.999839782714844, 90.0], "rawSize": [985.0, 1024.0], "view": [326.0, 748.0]}}