{"kelifulan_8": {"size": [2048.0, 2044.0], "pivot": [0.49067598581314087, 0.66650390625], "position": [-66.77105712890625, -14.717605590820312], "rawSize": [2048.0, 2044.0], "view": [644.323974609375, 1477.0992431640625]}}