{"kelong": {"size": [743.0, 1024.0], "pivot": [0.5468371510505676, 0.7598632574081421], "position": [-35.99989318847656, 186.0], "rawSize": [743.0, 1024.0], "view": [362.0, 670.0]}}