{"shancheng_4": {"size": [801.0, 1024.0], "pivot": [0.47752809524536133, 0.5810546875], "position": [-30.999847412109375, 68.0], "rawSize": [801.0, 1024.0], "view": [336.0, 772.0]}}