{"bola": {"size": [2048.0, 1876.0], "pivot": [0.55859375, 0.6289978623390198], "position": [-119.9999008178711, 152.0], "rawSize": [2048.0, 1876.0], "view": [735.5, 1686.5999755859375]}}