{"aierdeliqi_h": {"size": [1712.0, 2048.0], "pivot": [0.49067598581314087, 0.66650390625], "position": [-198.33340454101562, -25.58919906616211], "rawSize": [1712.0, 2048.0], "view": [578.1262817382812, 1325.3424072265625]}}