{"banrenma_2": {"size": [1022.0, 1400.0], "pivot": [0.41614487767219543, 0.7325000166893005], "position": [-163.49990844726562, 275.99993896484375], "rawSize": [1022.0, 1400.0], "view": [342.29998779296875, 784.9000244140625]}}