{"dian": {"size": [745.0, 1024.0], "pivot": [0.5979865789413452, 0.5576171875], "position": [39.99990463256836, 48.0], "rawSize": [745.0, 1024.0], "view": [478.0, 842.0]}}