{"kenisibao": {"size": [783.0, 1024.0], "pivot": [0.35568326711654663, 0.650390625], "position": [-92.0003662109375, 154.0], "rawSize": [783.0, 1024.0], "view": [376.0, 696.0]}}