{"hemin_6": {"size": [3914.0, 3414.0], "pivot": [0.49067598581314087, 0.66650390625], "position": [-524.166748046875, -164.66676330566406], "rawSize": [2048.0, 1786.0], "view": [703.386962890625, 1612.4998779296875]}, "hemin_6_rw": {"size": [1028.0, 2048.0], "pivot": [0.49067598581314087, 0.66650390625], "position": [-353.0, -121.0], "rawSize": [1028.0, 2048.0]}}