{"kelifulan_h": {"size": [1200.0, 1118.0], "pivot": [0.5199999809265137, 0.7203041315078735], "position": [-34.99986267089844, 124.0], "rawSize": [1200.0, 1118.0], "view": [364.0, 835.0]}}