{"weida": {"size": [5114.0, 4776.0], "pivot": [0.49067598581314087, 0.66650390625], "position": [-875.5834350585938, -55.583621978759766], "rawSize": [2048.0, 1913.0], "view": [586.1558227539062, 1343.75]}, "weida_rw": {"size": [1900.0, 2048.0], "pivot": [0.49067598581314087, 0.66650390625], "position": [-517.0, -295.0], "rawSize": [1900.0, 2048.0]}}