{"aimudeng": {"size": [4738.0, 3794.0], "pivot": [0.49067598581314087, 0.66650390625], "position": [-135.9611053466797, 108.23350524902344], "rawSize": [2048.0, 1640.0], "view": [548.09375, 1256.4935302734375]}, "aimudeng_rw": {"size": [1186.0, 2048.0], "pivot": [0.49067598581314087, 0.66650390625], "position": [17.0, 24.0], "rawSize": [1186.0, 2048.0]}}