{"shensu": {"size": [2048.0, 1778.0], "pivot": [0.501953125, 0.5314960479736328], "position": [-201.0, -82.0], "rawSize": [2048.0, 1778.0], "view": [642.9000244140625, 1474.300048828125]}}