{"shuixingjinian_5": {"size": [2048.0, 1630.0], "pivot": [0.49067598581314087, 0.66650390625], "position": [-274.77783203125, -29.666702270507812], "rawSize": [2048.0, 1630.0], "view": [586.1558227539062, 1343.75]}}