{"weiershiqinwang_3": {"size": [2048.0, 1801.0], "pivot": [0.48344725370407104, 0.5155469179153442], "position": [-213.0, -95.0], "rawSize": [2048.0, 1801.0], "view": [405.5, 930.0]}}