{"bensen": {"size": [545.0, 1024.0], "pivot": [0.5018347501754761, 0.6680663824081421], "position": [-68.99974060058594, 79.0], "rawSize": [545.0, 1024.0], "view": [376.0, 662.0]}}