{"biluokexi_2": {"size": [2048.0, 2036.0], "pivot": [0.5927734375, 0.4592337906360626], "position": [-184.9999237060547, 102.0], "rawSize": [2048.0, 2036.0], "view": [499.8999938964844, 1146.0999755859375]}}