{"shuixingjinian_6": {"size": [4382.0, 2596.0], "pivot": [0.49067598581314087, 0.66650390625], "position": [-181.21060180664062, 185.68409729003906], "raw": true, "rawSize": [2048.0, 1216.0], "view": [740.4073486328125, 1697.368408203125]}, "shuixingjinian_6_rw": {"size": [1438.0, 2048.0], "pivot": [0.49067598581314087, 0.66650390625], "position": [84.19999694824219, 203.0], "rawSize": [1438.0, 2048.0]}}