{"adaerbote_3": {"size": [2048.0, 1652.0], "pivot": [0.49067598581314087, 0.66650390625], "position": [-146.2273406982422, -73.86370849609375], "rawSize": [2048.0, 1652.0], "view": [422.03216552734375, 967.5]}}