{"moermansike_3": {"size": [5556.0, 2904.0], "pivot": [0.49067598581314087, 0.66650390625], "position": [-172.2000732421875, 79.99986267089844], "raw": true, "rawSize": [2048.0, 1070.0], "view": [675.2515258789062, 1548.0]}, "moermansike_3_rw": {"size": [2048.0, 1932.0], "pivot": [0.49067598581314087, 0.66650390625], "position": [-84.0, 105.0], "rawSize": [2048.0, 1932.0]}}