{"jiahe_4": {"size": [1790.0, 2048.0], "pivot": [0.2977653741836548, 0.4912109375], "position": [-185.00006103515625, -44.0], "raw": true, "rawSize": [1790.0, 2048.0], "view": [331.0, 1283.0]}}