{"aerjiliya_3": {"size": [2048.0, 2024.0], "pivot": [0.49067598581314087, 0.66650390625], "position": [-178.8182373046875, 147.2271728515625], "rawSize": [2048.0, 2024.0], "view": [479.58203125, 1099.431884765625]}}