{"guangrong": {"size": [768.0, 1024.0], "pivot": [0.3385416567325592, 0.6552734375], "position": [-101.00000762939453, 142.0], "rawSize": [768.0, 1024.0], "view": [317.0, 727.0]}}