{"deleike_2": {"size": [2048.0, 1740.0], "pivot": [0.49853515625, 0.5752873420715332], "position": [-153.9999542236328, 9.0], "rawSize": [2048.0, 1740.0], "view": [603.2999877929688, 1383.4000244140625]}}