{"biaoqiang_8": {"size": [2048.0, 1458.0], "pivot": [0.49067598581314087, 0.66650390625], "position": [-91.44450378417969, -167.629638671875], "rawSize": [2048.0, 1458.0], "view": [390.7705383300781, 895.8333129882812]}}