{"yilishabai_4": {"size": [2048.0, 1578.0], "pivot": [0.4864257872104645, 0.6185044646263123], "position": [-106.5999984741211, 119.4000015258789], "rawSize": [2048.0, 1578.0], "view": [317.8999938964844, 728.5999755859375]}}