{"shaenhuosite": {"size": [840.0, 1024.0], "pivot": [0.4047619104385376, 0.571582019329071], "position": [-115.0001220703125, 10.0], "rawSize": [840.0, 1024.0], "view": [248.0, 629.0]}}