{"wuwei": {"size": [2048.0, 1771.0], "pivot": [0.538769543170929, 0.5173913240432739], "position": [-62.70000457763672, -33.400001525878906], "rawSize": [2048.0, 1771.0], "view": [320.2099914550781, 734.2899780273438]}}