{"beierfasite_younv": {"size": [791.0, 1024.0], "pivot": [0.5404551029205322, 0.5234375], "position": [7.000331878662109, -5.0], "rawSize": [791.0, 1024.0], "view": [459.0, 811.0]}}