{"u101_2": {"size": [937.0, 1016.0], "pivot": [0.4967983067035675, 0.5703125], "position": [-64.00028228759766, 69.0], "rawSize": [937.0, 1016.0], "view": [413.0, 947.0]}}