{"qiershazhi": {"size": [3290.0, 3430.0], "pivot": [0.49067598581314087, 0.66650390625], "position": [916.6362915039062, 10.484809875488281], "rawSize": [1964.0, 2048.0], "view": [639.4426879882812, 1465.9090576171875]}, "qiershazhi_rw": {"size": [1720.0, 2048.0], "pivot": [0.49067598581314087, 0.66650390625], "position": [1062.0, 87.5999984741211], "rawSize": [1720.0, 2048.0]}, "qiershazhi_bj3": {"size": [2520.0, 2520.0], "pivot": [0.49067598581314087, 0.66650390625], "position": [2703.0, -166.8000030517578], "rawSize": [2048.0, 2048.0]}, "qiershazhi_bj2": {"size": [2500.0, 2520.0], "pivot": [0.49067598581314087, 0.66650390625], "position": [-573.2000122070312, -179.5], "rawSize": [2032.0, 2048.0]}, "qiershazhi_bj1": {"size": [3290.0, 3430.0], "pivot": [0.49067598581314087, 0.66650390625], "position": [2071.010009765625, 570.5], "rawSize": [1964.0, 2048.0]}}