{"qiershazhi": {"size": [4074.0, 4840.0], "pivot": [0.49067598581314087, 0.66650390625], "position": [1310.8787841796875, -177.24252319335938], "rawSize": [1724.0, 2048.0], "view": [639.4426879882812, 1465.9090576171875]}, "qiershazhi_bj1": {"size": [4074.0, 4840.0], "pivot": [0.49067598581314087, 0.66650390625], "position": [3027.0, 806.0], "rawSize": [1724.0, 2048.0]}, "qiershazhi_bj2": {"size": [2500.0, 2520.0], "pivot": [0.49067598581314087, 0.66650390625], "position": [-169.0, -371.0], "rawSize": [2032.0, 2048.0]}, "qiershazhi_bj3": {"size": [2520.0, 2520.0], "pivot": [0.49067598581314087, 0.66650390625], "position": [3101.39990234375, -362.0], "rawSize": [2048.0, 2048.0]}, "qiershazhi_rw": {"size": [1720.0, 2048.0], "pivot": [0.49067598581314087, 0.66650390625], "position": [1455.0, -98.0999984741211], "rawSize": [1720.0, 2048.0]}}