{"fuerjia": {"size": [5794.0, 5302.0], "pivot": [0.49067598581314087, 0.66650390625], "position": [-435.0953063964844, 97.71418762207031], "rawSize": [2048.0, 1874.0], "view": [669.8923950195312, 1535.71435546875]}, "fuerjia_rw": {"size": [1528.0, 2048.0], "pivot": [0.49067598581314087, 0.66650390625], "position": [-219.0, 118.0], "rawSize": [1528.0, 2048.0]}}