{"hemin_h": {"size": [3008.0, 3190.0], "pivot": [0.49067598581314087, 0.66650390625], "position": [-298.6667175292969, -80.82695770263672], "raw": true, "rawSize": [1931.0, 2048.0], "view": [620.6355590820312, 1422.794189453125]}, "hemin_h_rw": {"size": [2048.0, 1998.0], "pivot": [0.49067598581314087, 0.66650390625], "position": [-87.9000015258789, -90.5999984741211], "rawSize": [2048.0, 1998.0]}}