{"yishi_g": {"size": [1800.0, 1225.0], "pivot": [0.602222204208374, 0.5432652831077576], "position": [66.99983978271484, 54.0], "rawSize": [1800.0, 1225.0], "view": [316.0, 725.0]}}