{"zhuiganzhe_3": {"size": [669.0, 1024.0], "pivot": [0.49551570415496826, 0.6371093988418579], "position": [-107.99993896484375, 140.0], "rawSize": [669.0, 1024.0], "view": [315.0, 724.0]}}