{"luoen_2": {"size": [1365.0, 1400.0], "pivot": [0.5419780015945435, 0.49235713481903076], "position": [-126.00004577636719, -166.0], "rawSize": [1365.0, 1400.0], "view": [470.6000061035156, 1079.300048828125]}}