{"hdn202_2": {"size": [864.0, 1024.0], "pivot": [0.5567129850387573, 0.443359375], "position": [-106.00011444091797, -3.0], "rawSize": [1728.0, 2048.0], "view": [290.0, 665.0]}}