{"liangyue_3": {"size": [2048.0, 1848.0], "pivot": [0.7724609375, 0.6304112672805786], "position": [83.00000762939453, 406.0], "rawSize": [2048.0, 1848.0], "view": [483.20001220703125, 1326.9000244140625]}}