{"hongliang_2": {"size": [2048.0, 1336.0], "pivot": [0.5269531011581421, 0.6663922071456909], "position": [-83.9999771118164, 153.0], "rawSize": [2048.0, 1336.0], "view": [393.8999938964844, 903.0999755859375]}}