{"miaogao": {"size": [862.0, 1024.0], "pivot": [0.4002320170402527, 0.6328125], "position": [-82.00031280517578, 123.0], "rawSize": [862.0, 1024.0], "view": [342.0, 676.0]}}