{"beili_3": {"size": [3216.0, 3078.0], "pivot": [0.49067598581314087, 0.66650390625], "position": [-208.37936401367188, -305.75872802734375], "rawSize": [2048.0, 1960.0], "view": [727.6417236328125, 1668.103515625]}, "beili_3_rw": {"size": [1332.0, 2048.0], "pivot": [0.49067598581314087, 0.66650390625], "position": [-154.0, -134.0], "rawSize": [1332.0, 2048.0]}}