{"beianpudun": {"size": [801.0, 1022.0], "pivot": [0.37269192934036255, 0.6390577554702759], "position": [-130.81216430664062, 128.43743896484375], "rawSize": [801.0, 1022.0], "view": [391.9902038574219, 755.859375]}}