{"beianpudun": {"size": [1029.0, 1316.0], "pivot": [0.37269192934036255, 0.6390577554702759], "position": [-122.99967193603516, 155.0], "rawSize": [801.0, 1022.0], "view": [460.0, 887.0]}}