{"u410": {"size": [2048.0, 2002.0], "pivot": [0.49853515625, 0.5359640121459961], "position": [-211.0, 111.0], "rawSize": [2048.0, 2002.0], "view": [590.2999877929688, 1353.5]}}