{"guinu_3": {"size": [1972.0, 2048.0], "pivot": [0.5907707810401917, 0.48974609375], "position": [-147.0, -42.0], "rawSize": [1972.0, 2048.0], "view": [331.0, 797.5]}}