{"boyixi_2": {"view": [602.9031372070312, 1382.142822265625], "position": [-442.71435546875, -530.857177734375]}}