{"boyixi_2": {"size": [2048.0, 1854.0], "pivot": [0.431640625, 0.46914777159690857], "position": [-493.0, -84.0], "rawSize": [2048.0, 1854.0], "view": [331.0, 867.2000122070312]}}