{"zhenming_2": {"size": [823.0, 1024.0], "pivot": [0.34568652510643005, 0.626953125], "position": [-177.99977111816406, 167.0], "rawSize": [823.0, 1024.0], "view": [298.0, 683.0]}}