{"bisimaiz_2": {"size": [5086.0, 2858.0], "pivot": [0.49067598581314087, 0.66650390625], "position": [-283.9565734863281, -74.9566421508789], "raw": true, "rawSize": [2048.0, 1151.0], "view": [917.4613037109375, 2103.2607421875]}, "bisimaiz_2_rw": {"size": [1938.0, 2048.0], "pivot": [0.49067598581314087, 0.66650390625], "position": [-26.600000381469727, 261.0], "rawSize": [1938.0, 2048.0]}}