{"bisimaiz_2": {"size": [3320.0, 3624.0], "pivot": [0.4732530117034912, 0.6810547113418579], "position": [-897.1250610351562, 108.15593719482422], "rawSize": [1876.0, 2048.0], "view": [978.8602905273438, 2250.0]}, "bisimaiz_2_rw": {"size": [1904.0, 2048.0], "pivot": [0.4732530117034912, 0.6810547113418579], "position": [-753.0, 502.0], "rawSize": [1904.0, 2048.0]}}