{"heianjie_3": {"size": [1400.0, 1290.0], "pivot": [0.49785715341567993, 0.5558139681816101], "position": [-166.00003051757812, 11.0], "rawSize": [1400.0, 1290.0], "view": [393.3999938964844, 901.9000244140625]}}