{"yade_2": {"size": [2048.0, 1758.0], "pivot": [0.4732530117034912, 0.6810547113418579], "position": [-287.852783203125, -45.000091552734375], "rawSize": [2048.0, 1758.0], "view": [618.9852294921875, 1422.7940673828125]}}