{"yade_2": {"size": [2966.0, 1758.0], "pivot": [0.49067598581314087, 0.66650390625], "position": [-380.09869384765625, -78.14102172851562], "raw": true, "rawSize": [2048.0, 1214.0], "view": [594.4115600585938, 1362.6761474609375]}, "yade_2_rw": {"size": [2048.0, 1758.0], "pivot": [0.49067598581314087, 0.66650390625], "position": [-70.69999694824219, 293.6000061035156], "rawSize": [2048.0, 1758.0]}}