{"sipeibojue": {"size": [1024.0, 849.0], "pivot": [0.416015625, 0.6130741834640503], "position": [-146.00010681152344, 86.0], "rawSize": [1024.0, 849.0], "view": [264.20001220703125, 606.0999755859375]}}