{"shancheng_2": {"size": [800.0, 1024.0], "pivot": [0.45375001430511475, 0.5576171875], "position": [-91.99996185302734, 55.0], "rawSize": [800.0, 1024.0], "view": [412.0, 728.0]}}