{"dewenjun_2": {"size": [2048.0, 1808.0], "pivot": [0.49067598581314087, 0.66650390625], "position": [-151.7222900390625, -165.037109375], "rawSize": [2048.0, 1808.0], "view": [390.7705383300781, 895.8333129882812]}}