{"yinggelahan_2": {"size": [2048.0, 1610.0], "pivot": [0.49067598581314087, 0.66650390625], "position": [-180.9286346435547, 198.60711669921875], "rawSize": [2048.0, 1610.0], "view": [430.64501953125, 987.2448120117188]}}