{"z23_8": {"size": [1168.0, 1400.0], "pivot": [0.5825342535972595, 0.5514285564422607], "position": [-110.0000228881836, 22.5], "raw": true, "rawSize": [1168.0, 1400.0], "view": [386.1700134277344, 885.52001953125]}}