{"u1206_2": {"size": [2000.0, 2048.0], "pivot": [0.49067598581314087, 0.66650390625], "position": [-65.05200958251953, 58.88303756713867], "rawSize": [2000.0, 2048.0], "view": [548.09375, 1256.4935302734375]}}