{"weiqita": {"size": [953.0, 881.0], "pivot": [0.5199370384216309, 0.7120317816734314], "position": [-25.000308990478516, 84.0], "rawSize": [953.0, 862.0], "view": [324.0, 666.0]}}