{"u110_2": {"size": [897.0, 1024.0], "pivot": [0.49665552377700806, 0.5703125], "position": [-128.99996948242188, 43.0], "rawSize": [897.0, 1024.0], "view": [421.1000061035156, 965.5]}}