{"siwanshi_3": {"size": [4170.0, 2456.0], "pivot": [0.49067598581314087, 0.66650390625], "position": [-222.8621368408203, 199.84124755859375], "raw": true, "rawSize": [2048.0, 1206.0], "view": [555.3054809570312, 1273.0263671875]}, "siwanshi_3_rw": {"size": [1730.0, 2048.0], "pivot": [0.49067598581314087, 0.66650390625], "position": [-54.900001525878906, 181.0], "rawSize": [1730.0, 2048.0]}}