{"bailong_4": {"size": [5754.0, 3868.0], "pivot": [0.49067598581314087, 0.66650390625], "position": [-206.3636932373047, 257.4654235839844], "raw": true, "rawSize": [2048.0, 1377.0], "view": [534.2179565429688, 1224.6834716796875]}, "bailong_4_rw": {"size": [2048.0, 1948.0], "pivot": [0.49067598581314087, 0.66650390625], "position": [24.5, 252.3000030517578], "rawSize": [2048.0, 1948.0]}}