{"chaijun_2": {"size": [2048.0, 1737.0], "pivot": [0.5576171875, 0.44358089566230774], "position": [-48.00001907348633, -198.0], "rawSize": [2048.0, 1737.0], "view": [485.8999938964844, 1114.0999755859375]}}