{"yuekechengii_2": {"size": [4010.0, 4226.0], "pivot": [0.49067598581314087, 0.66650390625], "position": [-353.8000793457031, 227.5963592529297], "rawSize": [1943.0, 2048.0], "view": [827.5140991210938, 1897.058837890625]}, "yuekechengii_2_rw": {"size": [2048.0, 1868.0], "pivot": [0.49067598581314087, 0.66650390625], "position": [-222.0, 614.0], "rawSize": [2048.0, 1868.0]}}