{"xiyatu": {"size": [1024.0, 992.0], "pivot": [0.5087890625, 0.7644153833389282], "position": [-64.99986267089844, 126.0], "rawSize": [1024.0, 992.0], "view": [350.0, 804.0]}}