{"fusang_alter": {"size": [2954.0, 3054.0], "pivot": [0.49067598581314087, 0.66650390625], "position": [-85.88878631591797, -54.75823211669922], "rawSize": [1981.0, 2048.0], "view": [514.6734008789062, 1179.8779296875]}, "fusang_alter_rw": {"size": [2026.0, 2048.0], "pivot": [0.49067598581314087, 0.66650390625], "position": [67.0, -168.0], "rawSize": [2026.0, 2048.0]}}