{"haixiao_2_doa": {"size": [1908.0, 2048.0], "pivot": [0.599580705165863, 0.4326171875], "position": [-117.0000228881836, -351.0], "rawSize": [1908.0, 2048.0], "view": [501.70001220703125, 1150.300048828125]}}