{"qingye": {"size": [831.0, 1024.0], "pivot": [0.5252707600593567, 0.6435546875], "position": [-7.000304222106934, 116.0], "rawSize": [831.0, 1024.0], "view": [467.0, 788.0]}}