{"yuekegongjue_4": {"size": [5262.0, 3104.0], "pivot": [0.49067598581314087, 0.66650390625], "position": [-272.00006103515625, 67.3570327758789], "rawSize": [2048.0, 1208.0], "view": [753.62890625, 1727.6785888671875]}, "yuekegongjue_4_rw": {"size": [1478.0, 2048.0], "pivot": [0.49067598581314087, 0.66650390625], "position": [29.0, 141.60000610351562], "rawSize": [1478.0, 2048.0]}}