{"yuekegongjue_4": {"size": [5650.0, 3104.0], "pivot": [0.49067598581314087, 0.66650390625], "position": [-328.6072082519531, 67.35692596435547], "raw": true, "rawSize": [2048.0, 1125.0], "view": [753.62890625, 1727.6785888671875]}, "yuekegongjue_4_rw": {"size": [1478.0, 2048.0], "pivot": [0.49067598581314087, 0.66650390625], "position": [-24.0, 144.60000610351562], "rawSize": [1478.0, 2048.0]}}