{"lishiman": {"size": [1024.0, 954.0], "pivot": [0.4931640625, 0.5199161171913147], "position": [-78.00010681152344, 76.0], "rawSize": [1024.0, 954.0], "view": [380.0, 835.0]}}