{"anshan_3": {"size": [4942.0, 2816.0], "pivot": [0.49067598581314087, 0.66650390625], "position": [-239.2222900390625, 47.55548858642578], "raw": true, "rawSize": [2048.0, 1167.0], "view": [937.849365234375, 2150.0]}, "anshan_3_rw": {"size": [1262.0, 2048.0], "pivot": [0.49067598581314087, 0.66650390625], "position": [-50.300048828125, 310.8999938964844], "rawSize": [1262.0, 2048.0]}}