{"anshan_3": {"size": [1772.0, 2048.0], "pivot": [0.49067598581314087, 0.66650390625], "position": [-207.60694885253906, -160.4347686767578], "raw": true, "rawSize": [1772.0, 2048.0], "view": [727.6417236328125, 1668.103515625]}}