{"liang_2": {"size": [3074.0, 3188.0], "pivot": [0.49067598581314087, 0.66650390625], "position": [-480.6065979003906, -292.9181213378906], "rawSize": [1975.0, 2048.0], "view": [691.8560180664062, 1586.0655517578125]}, "liang_2_rw": {"size": [1230.0, 2048.0], "pivot": [0.49067598581314087, 0.66650390625], "position": [-212.0, 80.0], "rawSize": [1230.0, 2048.0]}}