{"z43_2": {"size": [4910.0, 3862.0], "pivot": [0.49067598581314087, 0.66650390625], "position": [-314.15008544921875, -511.4195556640625], "rawSize": [2048.0, 1611.0], "view": [936.1511840820312, 2146.107177734375]}, "z43_2_rw": {"size": [2048.0, 1768.0], "pivot": [0.49067598581314087, 0.66650390625], "position": [-516.9000244140625, -131.8000030517578], "rawSize": [2048.0, 1768.0]}}