{"changchun_g": {"size": [2048.0, 1520.0], "pivot": [0.49067598581314087, 0.66650390625], "position": [-432.78436279296875, -79.77568054199219], "rawSize": [2048.0, 1520.0], "view": [390.7705383300781, 895.8333129882812]}}