{"changmen_4": {"size": [2048.0, 2022.0], "pivot": [0.49853515625, 0.5356082916259766], "position": [-209.99996948242188, -214.0], "rawSize": [2048.0, 2022.0], "view": [450.79998779296875, 1033.800048828125]}}