{"haixiao_doa": {"size": [2048.0, 2008.0], "pivot": [0.49853515625, 0.5358565449714661], "position": [-332.00006103515625, -10.0], "rawSize": [2048.0, 2008.0], "view": [579.2000122070312, 1328.0999755859375]}}