{"youliang_2": {"size": [2048.0, 1930.0], "pivot": [0.49067598581314087, 0.66650390625], "position": [-228.34523010253906, -44.20418930053711], "rawSize": [2048.0, 1930.0], "view": [468.9247131347656, 1075.0]}}