{"buzhihuo": {"size": [720.0, 1271.0], "pivot": [0.43611112236976624, 0.514948844909668], "position": [-110.99966430664062, 12.0], "rawSize": [580.0, 1023.0], "view": [530.0, 999.0]}}