{"mingqu": {"size": [2704.0, 2048.0], "pivot": [0.49067598581314087, 0.66650390625], "position": [135.58615112304688, -158.86224365234375], "rawSize": [2048.0, 1551.0], "view": [727.6417236328125, 1668.103515625]}, "mingqu_rw": {"size": [1022.0, 2048.0], "pivot": [0.49067598581314087, 0.66650390625], "position": [213.8000030517578, 341.0], "rawSize": [1022.0, 2048.0]}}