{"mingniabolisi_3": {"size": [2048.0, 2045.0], "pivot": [0.49853515625, 0.5537897348403931], "position": [-286.0, -9.0], "rawSize": [2048.0, 2045.0], "view": [615.0999755859375, 1410.4000244140625]}}