{"chicheng_4": {"size": [1742.0, 2048.0], "pivot": [0.5786452293395996, 0.59375], "position": [-36.99998474121094, 109.0], "rawSize": [1742.0, 2048.0], "view": [501.29998779296875, 1149.5999755859375]}}