{"rexin_2": {"size": [1400.0, 1343.0], "pivot": [0.5600000023841858, 0.681682825088501], "position": [-167.00003051757812, 189.0], "rawSize": [1400.0, 1343.0], "view": [450.0, 1032.0]}}