{"telafaerjia": {"size": [4160.0, 3188.0], "pivot": [0.49067598581314087, 0.66650390625], "position": [-34.179542541503906, -262.359130859375], "rawSize": [2048.0, 1570.0], "view": [541.0669555664062, 1240.3846435546875]}, "telafaerjia_rw": {"size": [2048.0, 1708.0], "pivot": [0.49067598581314087, 0.66650390625], "position": [95.69999694824219, -142.0], "rawSize": [2048.0, 1708.0]}}