{"xinnong_2": {"size": [3794.0, 3136.0], "pivot": [0.474117636680603, 0.612302839756012], "position": [-443.0001220703125, 154.0], "rawSize": [2048.0, 1693.0], "view": [742.2000122070312, 1702.199951171875]}, "xinnong_2_front": {"size": [1400.0, 1098.0], "pivot": [0.49067598581314087, 0.66650390625], "position": [-149.6999969482422, 671.7999877929688], "rawSize": [1400.0, 1098.0]}}