{"pizibao_2": {"size": [5264.0, 4070.0], "pivot": [0.49067598581314087, 0.66650390625], "position": [-254.35301208496094, 101.70579528808594], "rawSize": [2048.0, 1583.0], "view": [620.6355590820312, 1422.7940673828125]}, "pizibao_2_rw": {"size": [1402.0, 2048.0], "pivot": [0.49067598581314087, 0.66650390625], "position": [63.0, 76.0], "rawSize": [1402.0, 2048.0]}}