{"biaoqiang_9": {"size": [3304.0, 2664.0], "pivot": [0.49067598581314087, 0.66650390625], "position": [-274.55108642578125, -171.71902465820312], "raw": true, "rawSize": [2048.0, 1651.0], "view": [937.849365234375, 2150.0]}, "biaoqiang_9_rw": {"size": [1092.0, 2048.0], "pivot": [0.49067598581314087, 0.66650390625], "position": [-96.0, 182.0], "rawSize": [1092.0, 2048.0]}}