{"haiyinlixi_3": {"size": [2048.0, 1364.0], "pivot": [0.6015625, 0.4340175986289978], "position": [-150.0, -96.0], "rawSize": [2048.0, 1364.0], "view": [331.0, 724.0999755859375]}}