{"xiliansi_2_tolove": {"size": [5530.0, 3438.0], "pivot": [0.49067598581314087, 0.66650390625], "position": [-386.1304931640625, 159.82601928710938], "raw": true, "rawSize": [2048.0, 1273.0], "view": [917.4613037109375, 2103.2607421875]}, "xiliansi_2_tolove_rw": {"size": [1376.0, 2048.0], "pivot": [0.49067598581314087, 0.66650390625], "position": [-5.900000095367432, 406.3999938964844], "rawSize": [1376.0, 2048.0]}}