{"kebu_3": {"size": [1474.0, 2048.0], "pivot": [0.49067598581314087, 0.66650390625], "position": [-367.6667175292969, 158.22201538085938], "raw": true, "rawSize": [1474.0, 2048.0], "view": [937.8494262695312, 2150.0]}}