{"xiafei_2": {"size": [1912.0, 2048.0], "pivot": [0.49067598581314087, 0.66650390625], "position": [-32.36088943481445, -222.22686767578125], "rawSize": [1912.0, 2048.0], "view": [435.084716796875, 997.4226684570312]}}