{"kelifulan_6": {"size": [1516.0, 2048.0], "pivot": [0.49067598581314087, 0.66650390625], "position": [-206.0909881591797, 65.40884399414062], "raw": true, "rawSize": [1516.0, 2048.0], "view": [479.58203125, 1099.431884765625]}}