{"yilishabai_2": {"size": [1200.0, 1143.0], "pivot": [0.4854166805744171, 0.5937882661819458], "position": [-176.99993896484375, 85.0], "rawSize": [1200.0, 1143.0], "view": [370.0, 849.0]}}