{"u31": {"size": [5442.0, 5304.0], "pivot": [0.49067598581314087, 0.66650390625], "position": [-400.95086669921875, 268.2664489746094], "rawSize": [2048.0, 1995.0], "view": [937.8494262695312, 2150.0]}, "u31_rw": {"size": [998.0, 2048.0], "pivot": [0.49067598581314087, 0.66650390625], "position": [-143.20001220703125, 662.9000244140625], "rawSize": [998.0, 2048.0]}}