{"jiasikenie_2": {"size": [1330.0, 1400.0], "pivot": [0.446616530418396, 0.39642858505249023], "position": [-104.99999237060547, -216.99998474121094], "rawSize": [1330.0, 1400.0], "view": [400.1000061035156, 917.5]}}