{"aerjiliya_alter": {"size": [4780.0, 4947.0], "pivot": [0.49067598581314087, 0.66650390625], "position": [-252.09442138671875, -140.64163208007812], "rawSize": [1979.0, 2048.0], "view": [796.2872314453125, 1825.4718017578125]}, "aerjiliya_alter_rw": {"size": [1260.0, 2048.0], "pivot": [0.49067598581314087, 0.66650390625], "position": [0.0, -6.0], "rawSize": [1260.0, 2048.0]}}