{"xuequan_2": {"size": [1974.0, 2048.0], "pivot": [0.49067598581314087, 0.66650390625], "position": [-217.75479125976562, -167.24542236328125], "rawSize": [1974.0, 2048.0], "view": [796.2872314453125, 1825.4718017578125]}}