{"bushi_2": {"size": [1024.0, 1004.0], "pivot": [0.505859375, 0.5601593852043152], "position": [-117.0001220703125, -101.0], "rawSize": [1024.0, 1004.0], "view": [451.0, 1033.0]}}