{"lingmin_2": {"size": [4318.0, 3380.0], "pivot": [0.49067598581314087, 0.66650390625], "position": [-241.59226989746094, -416.83465576171875], "rawSize": [2048.0, 1603.0], "view": [879.2337036132812, 2015.625]}, "lingmin_2_rw": {"size": [2048.0, 1862.0], "pivot": [0.49067598581314087, 0.66650390625], "position": [-109.0, -99.0], "rawSize": [2048.0, 1862.0]}}