{"wushiling_g": {"size": [1400.0, 1229.0], "pivot": [0.49785715341567993, 0.693653404712677], "position": [-140.99998474121094, 151.0], "rawSize": [1400.0, 1229.0], "view": [385.5, 884.0999755859375]}}