{"huanchang": {"size": [3676.0, 2460.0], "pivot": [0.49067598581314087, 0.66650390625], "position": [-48.020469665527344, 157.9183349609375], "rawSize": [2048.0, 1371.0], "view": [430.64508056640625, 987.244873046875]}, "huanchang_rw": {"size": [2048.0, 1212.0], "pivot": [0.49067598581314087, 0.66650390625], "position": [14.0, 265.0], "rawSize": [2048.0, 1212.0]}}