{"lemaer_4": {"size": [2048.0, 2018.0], "pivot": [0.49067598581314087, 0.66650390625], "position": [-128.3253631591797, -0.7711982727050781], "raw": true, "rawSize": [2048.0, 2018.0], "view": [527.5402221679688, 1209.3748779296875]}}