{"huangjiacaifu_3": {"size": [2048.0, 1718.0], "pivot": [0.4732530117034912, 0.6810547113418579], "position": [-57.77257537841797, -9.772793769836426], "rawSize": [2048.0, 1718.0], "view": [478.3067626953125, 1099.431884765625]}}