{"i168": {"size": [1329.0, 1400.0], "pivot": [0.4977426528930664, 0.5514285564422607], "position": [-176.0000762939453, 10.0], "rawSize": [1329.0, 1400.0], "view": [381.0, 873.0]}}