{"weiyan_3": {"size": [1926.0, 2048.0], "pivot": [0.4984423816204071, 0.53515625], "position": [-251.99990844726562, -285.0], "rawSize": [1926.0, 2048.0], "view": [775.7000122070312, 1778.5999755859375]}}