{"manchesite_2": {"size": [1683.0, 2047.0], "pivot": [0.4732530117034912, 0.6810547113418579], "position": [-217.01394653320312, 170.6337127685547], "rawSize": [1683.0, 2047.0], "view": [592.8309326171875, 1362.6761474609375]}}