{"muyue_3": {"size": [963.0, 1024.0], "pivot": [0.43354102969169617, 0.5068359375], "position": [-96.99995422363281, -29.0], "rawSize": [963.0, 1024.0], "view": [390.79998779296875, 896.2000122070312]}}