{"u73_3": {"size": [1004.0, 1024.0], "pivot": [0.4631474018096924, 0.576171875], "position": [-72.99993896484375, 34.0], "rawSize": [1004.0, 1024.0], "view": [361.0, 828.0]}}