{"qingchuzhe": {"size": [2048.0, 1946.0], "pivot": [0.56884765625, 0.528777003288269], "position": [-97.00006103515625, 112.0], "rawSize": [2048.0, 1946.0], "view": [359.0, 823.0]}}