{"gelunweier": {"size": [1203.0, 1400.0], "pivot": [0.5008312463760376, 0.5205000042915344], "position": [-49.00021743774414, -44.0], "rawSize": [1203.0, 1400.0], "view": [350.0, 801.0]}}