{"xukufu_2": {"size": [648.0, 1024.0], "pivot": [0.49546143412590027, 0.6534179449081421], "position": [-169.00006103515625, 99.0], "rawSize": [648.0, 1024.0], "view": [388.6000061035156, 890.9000244140625]}, "face": {"size": [330.0, 543.0], "pivot": [0.5, 0.5], "position": [-41.0, 226.5], "rawSize": [330.0, 543.0], "list": [0, 1, 2, 3]}}