{"xukufu_2": {"size": [648.0, 1024.0], "pivot": [0.49546143412590027, 0.6534179449081421], "position": [-169.00006103515625, 99.0], "rawSize": [648.0, 1024.0], "view": [388.6000061035156, 890.9000244140625]}}