{"sikula": {"size": [3722.0, 3814.0], "pivot": [0.49067598581314087, 0.66650390625], "position": [-242.58828735351562, -180.6471405029297], "rawSize": [1999.0, 2048.0], "view": [620.6355590820312, 1422.7940673828125]}, "sikula_rw": {"size": [1400.0, 2048.0], "pivot": [0.49067598581314087, 0.66650390625], "position": [-90.0, -234.0], "rawSize": [1400.0, 2048.0]}}