{"i13": {"size": [1024.0, 1002.0], "pivot": [0.4921875, 0.6177644729614258], "position": [-98.00015258789062, 34.0], "rawSize": [1024.0, 1002.0], "view": [413.0, 948.0]}}