{"changmen": {"size": [1800.0, 1185.0], "pivot": [0.499666690826416, 0.46793249249458313], "position": [-74.00028228759766, -68.0], "rawSize": [1800.0, 1185.0], "view": [375.0, 741.0]}}