{"yingxiong_2": {"size": [2048.0, 1998.0], "pivot": [0.49067598581314087, 0.66650390625], "position": [-421.5715026855469, 52.71419906616211], "rawSize": [2048.0, 1998.0], "view": [602.9031372070312, 1382.142822265625]}}