{"weida_2": {"size": [2608.0, 2204.0], "pivot": [0.49067598581314087, 0.66650390625], "position": [-139.64712524414062, -145.35304260253906], "rawSize": [2048.0, 1731.0], "view": [620.6355590820312, 1422.7940673828125]}, "weida_2_rw": {"size": [2048.0, 1234.0], "pivot": [0.49067598581314087, 0.66650390625], "position": [8.0, 125.0], "rawSize": [2048.0, 1234.0]}, "weida_2_front": {"size": [2608.0, 2204.0], "pivot": [0.49067598581314087, 0.66650390625], "position": [-24.0, 367.0], "rawSize": [2048.0, 1731.0]}}