{"xinzexi": {"size": [3975.0, 3359.0], "pivot": [0.5161006450653076, 0.5211372375488281], "position": [-209.0000457763672, 79.0], "rawSize": [2048.0, 1731.0], "view": [331.0, 813.0]}, "xinzexi_jz2": {"size": [3975.0, 3359.0], "pivot": [0.49067598581314087, 0.66650390625], "position": [-37.0629997253418, 559.2899780273438], "rawSize": [2048.0, 1731.0]}, "xinzexi_jz1": {"size": [3975.0, 3359.0], "pivot": [0.49067598581314087, 0.66650390625], "position": [-37.0629997253418, 559.2899780273438], "rawSize": [2048.0, 1731.0]}, "xinzexi_front": {"size": [3975.0, 3359.0], "pivot": [0.49067598581314087, 0.66650390625], "position": [-37.06298828125, 559.2900390625], "rawSize": [2048.0, 1731.0]}, "xinzexi_renwu": {"size": [2048.0, 1772.0], "pivot": [0.49067598581314087, 0.66650390625], "position": [-113.9000015258789, -31.200000762939453], "rawSize": [2048.0, 1772.0]}}