{"yuekegongjue": {"size": [1325.0, 1400.0], "pivot": [0.5353962182998657, 0.5665000081062317], "position": [-10.999689102172852, 101.0], "rawSize": [1305.0, 1400.0], "view": [356.0, 818.0]}}