{"qiaozhiwushi_2": {"size": [942.0, 1024.0], "pivot": [0.4968152940273285, 0.738964855670929], "position": [-164.00001525878906, 136.0], "rawSize": [942.0, 1024.0], "view": [359.0, 824.0]}}