{"mengfeisi_alter": {"size": [2048.0, 1672.0], "pivot": [0.49067598581314087, 0.66650390625], "position": [-209.24496459960938, 68.12242126464844], "rawSize": [2048.0, 1672.0], "view": [430.64508056640625, 987.244873046875]}}