{"feiteliekaer_3": {"size": [6296.0, 3750.0], "pivot": [0.49067598581314087, 0.66650390625], "position": [-750.9474487304688, -45.1055793762207], "raw": true, "rawSize": [2048.0, 1220.0], "view": [1110.611083984375, 2546.052734375]}, "feiteliekaer_3_bj": {"size": [6296.0, 3750.0], "pivot": [0.49067598581314087, 0.66650390625], "position": [-63.900001525878906, 624.3900146484375], "rawSize": [2048.0, 1220.0]}, "face": {"size": [229.0, 211.0], "pivot": [0.5, 0.5], "position": [-567.0, 819.7000122070312], "rawSize": [229.0, 211.0], "list": [0, 1, 2, 3, 4, 5, 6, 7, 8]}, "feiteliekaer_3_rw": {"size": [1970.0, 2048.0], "pivot": [0.49067598581314087, 0.66650390625], "position": [-83.0, 480.0], "rawSize": [1970.0, 2048.0]}}