{"yunxian": {"size": [4075.0, 4920.0], "pivot": [0.49067598581314087, 0.66650390625], "position": [1826.1898193359375, -77.37385559082031], "rawSize": [1696.0, 2048.0], "view": [602.9031372070312, 1382.142822265625]}, "yunxian_rw": {"size": [2140.0, 3000.0], "pivot": [0.49067598581314087, 0.66650390625], "position": [2278.10009765625, 394.3999938964844], "rawSize": [2140.0, 3000.0]}, "yunxian_mid": {"size": [4165.0, 4920.0], "pivot": [0.49067598581314087, 0.66650390625], "position": [4075.60009765625, 819.2000122070312], "rawSize": [1734.0, 2048.0]}}