{"nuofuke": {"size": [1024.0, 1010.0], "pivot": [0.4814453125, 0.5287128686904907], "position": [-125.0001220703125, 72.0], "rawSize": [1024.0, 1010.0], "view": [490.0, 894.0]}}