{"akasita_3": {"size": [2048.0, 1912.0], "pivot": [0.55126953125, 0.5036610960960388], "position": [-169.0, -18.0], "rawSize": [2048.0, 1912.0], "view": [590.4000244140625, 1354.0]}}