{"junhe_4": {"size": [2048.0, 1912.0], "pivot": [0.49067598581314087, 0.66650390625], "position": [-62.33339309692383, 273.33331298828125], "rawSize": [2048.0, 1912.0], "view": [562.7095947265625, 1290.0]}}