{"u47_2": {"size": [512.0, 1024.0], "pivot": [0.7734375, 0.59375], "position": [75.99971008300781, 122.0], "rawSize": [512.0, 1024.0], "view": [312.0, 713.0]}}