{"aimierbeierding": {"size": [1024.0, 986.0], "pivot": [0.359375, 0.5537525415420532], "position": [-220.99972534179688, 72.0], "rawSize": [1024.0, 986.0], "view": [286.0, 657.0]}}