{"huangjiacaifu": {"size": [5400.0, 4344.0], "pivot": [0.49067598581314087, 0.66650390625], "position": [-340.965576171875, 23.03437042236328], "rawSize": [2048.0, 1648.0], "view": [727.6417236328125, 1668.103515625]}, "huangjiacaifu_rw": {"size": [1577.0, 2048.0], "pivot": [0.49067598581314087, 0.66650390625], "position": [-259.0, -99.0], "rawSize": [1577.0, 2048.0]}}