{"pinghai_2": {"size": [792.0, 1024.0], "pivot": [0.4002525210380554, 0.5830078125], "position": [-93.99958801269531, 118.0], "rawSize": [792.0, 1024.0], "view": [443.0, 796.0]}}