{"xiangfeng": {"size": [1231.0, 1265.0], "pivot": [0.4918765127658844, 0.500790536403656], "position": [-67.00113677978516, -20.0], "rawSize": [996.0, 1023.0], "view": [641.0, 1017.0]}}