{"feiying": {"size": [1024.0, 1018.0], "pivot": [0.466796875, 0.5442042946815491], "position": [-128.9998016357422, 98.0], "rawSize": [1024.0, 1018.0], "view": [295.0, 675.0]}}