{"chuixue_2": {"size": [846.0, 1024.0], "pivot": [0.46335697174072266, 0.541015625], "position": [-120.00017547607422, 85.0], "rawSize": [846.0, 1024.0], "view": [382.0, 874.0]}}