{"bisimaiz": {"size": [8321.0, 6174.0], "pivot": [0.4732530117034912, 0.6810547113418579], "position": [723.9049072265625, 533.2537841796875], "rawSize": [2048.0, 1519.0], "view": [668.111083984375, 1535.71435546875]}, "bisimaiz_rw0": {"size": [1497.0, 2837.0], "pivot": [0.4732530117034912, 0.6810547113418579], "position": [-279.0, 485.0], "rawSize": [1497.0, 2837.0]}, "bisimaiz_rw1": {"size": [1471.0, 2773.0], "pivot": [0.4732530117034912, 0.6810547113418579], "position": [1181.0, 441.5], "rawSize": [1471.0, 2773.0]}}