{"duyisibao_2": {"size": [4804.0, 2918.0], "pivot": [0.49067598581314087, 0.66650390625], "position": [-314.2222900390625, 53.3109130859375], "raw": true, "rawSize": [2048.0, 1244.0], "view": [844.0643920898438, 1935.0]}, "duyisibao_2_rw": {"size": [1108.0, 2048.0], "pivot": [0.49067598581314087, 0.66650390625], "position": [121.9000015258789, 374.5], "rawSize": [1108.0, 2048.0]}}