{"bangfeng": {"size": [1024.0, 977.0], "pivot": [0.4716796875, 0.5470829010009766], "position": [-28.000064849853516, 37.0], "rawSize": [1024.0, 977.0], "view": [369.0, 845.0]}}