{"mengya": {"size": [4572.0, 4349.0], "pivot": [0.49067598581314087, 0.66650390625], "position": [-671.1936645507812, -802.5162353515625], "rawSize": [2048.0, 1948.0], "view": [680.6970825195312, 1560.48388671875]}, "mengya_rw": {"size": [2048.0, 1896.0], "pivot": [0.49067598581314087, 0.66650390625], "position": [-109.0, -498.79998779296875], "rawSize": [2048.0, 1896.0]}}