{"edu_3": {"size": [2048.0, 1446.0], "pivot": [0.4716796875, 0.5366528630256653], "position": [-297.9999694824219, -113.0], "rawSize": [2048.0, 1446.0], "view": [466.6000061035156, 1069.800048828125]}}