{"beierfasite_3": {"size": [1400.0, 1261.0], "pivot": [0.49785715341567993, 0.6988897323608398], "position": [-142.00001525878906, 169.0], "rawSize": [1400.0, 1261.0], "view": [418.29998779296875, 959.0999755859375]}}