{"dunkeerke_2": {"size": [1024.0, 1024.0], "pivot": [0.4658203125, 0.5185546875], "position": [-62.00035095214844, 6.0], "rawSize": [1024.0, 1024.0], "view": [343.0, 784.0]}}