{"beierfasite": {"size": [791.0, 1024.0], "pivot": [0.5020227432250977, 0.650097668170929], "position": [-35.999671936035156, 115.0], "rawSize": [791.0, 1024.0], "view": [456.0, 805.0]}}