{"mayebuleize": {"size": [3629.0, 3613.0], "pivot": [0.49067598581314087, 0.66650390625], "position": [375.99993896484375, -513.666748046875], "rawSize": [2048.0, 2039.0], "view": [844.0643920898438, 1934.9998779296875]}, "mayebuleize_rw": {"size": [2048.0, 1664.0], "pivot": [0.49067598581314087, 0.66650390625], "position": [343.0, -169.0], "rawSize": [2048.0, 1664.0]}, "mayebuleize_front": {"size": [3629.0, 3613.0], "pivot": [0.49067598581314087, 0.66650390625], "position": [-33.83700180053711, 601.5800170898438], "rawSize": [2048.0, 2039.0]}, "mayebuleize_jz": {"size": [3592.0, 1897.0], "pivot": [0.49067598581314087, 0.66650390625], "position": [-15.0, 133.0], "rawSize": [2048.0, 1082.0]}}