{"dujiaoshou_h": {"size": [1400.0, 1393.0], "pivot": [0.37307143211364746, 0.545154333114624], "position": [-417.00006103515625, -59.0], "rawSize": [1400.0, 1393.0], "view": [497.6000061035156, 1141.199951171875]}}