{"chuchun": {"size": [524.0, 1024.0], "pivot": [0.3893129825592041, 0.578125], "position": [-167.00018310546875, 147.0], "rawSize": [524.0, 1024.0], "view": [216.0, 748.0]}}