{"guandao": {"size": [5402.0, 3398.0], "pivot": [0.49067598581314087, 0.66650390625], "position": [-121.19361114501953, -199.25619506835938], "rawSize": [2048.0, 1288.0], "view": [479.58203125, 1099.431884765625]}, "guandao_rw": {"size": [2048.0, 1970.0], "pivot": [0.49067598581314087, 0.66650390625], "position": [-179.0, -159.0], "rawSize": [2048.0, 1970.0]}}