{"salatuojia_g": {"size": [951.0, 1024.0], "pivot": [0.4516298770904541, 0.5078125], "position": [-71.00022888183594, 11.0], "rawSize": [951.0, 1024.0], "view": [303.0, 696.0]}}