{"dian_3": {"size": [1000.0, 1024.0], "pivot": [0.3440000116825104, 0.521484375], "position": [-176.99998474121094, 6.0], "rawSize": [1000.0, 1024.0], "view": [347.8999938964844, 797.7999877929688]}}