{"hemin_2": {"size": [2048.0, 2001.0], "pivot": [0.49853515625, 0.44852572679519653], "position": [-277.00006103515625, -168.0], "rawSize": [2048.0, 2001.0], "view": [634.5999755859375, 1455.199951171875]}}