{"shentong_g": {"size": [993.0, 1024.0], "pivot": [0.3408862054347992, 0.591796875], "position": [-161.99964904785156, 90.0], "rawSize": [993.0, 1024.0], "view": [421.0, 742.0]}}