{"linuo_3": {"size": [1558.0, 2048.0], "pivot": [0.49067598581314087, 0.66650390625], "position": [24.339651107788086, 54.902496337890625], "rawSize": [1558.0, 2048.0], "view": [767.3312377929688, 1759.0908203125]}}