{"aidang_h": {"size": [1200.0, 988.0], "pivot": [0.4816666543483734, 0.6497975587844849], "position": [-98.99980163574219, 40.0], "rawSize": [1200.0, 988.0], "view": [363.0, 832.0]}}