{"weiyan_4": {"size": [2025.0, 2048.0], "pivot": [0.49067598581314087, 0.66650390625], "position": [-123.70460510253906, -168.0000762939453], "rawSize": [2025.0, 2048.0], "view": [479.58203125, 1099.431884765625]}}