{"nubiyaren_3": {"size": [5130.0, 3108.0], "pivot": [0.49067598581314087, 0.66650390625], "position": [-350.68426513671875, -40.1053466796875], "raw": true, "rawSize": [2048.0, 1241.0], "view": [1110.611083984375, 2546.052734375]}, "nubiyaren_3_rw": {"size": [1364.0, 2048.0], "pivot": [0.49067598581314087, 0.66650390625], "position": [-117.30000305175781, 601.5], "rawSize": [1364.0, 2048.0]}}