{"beianpudunii": {"size": [4934.0, 2638.0], "pivot": [0.49067598581314087, 0.66650390625], "position": [-133.19053649902344, 159.14271545410156], "rawSize": [2048.0, 1095.0], "view": [669.8923950195312, 1535.71435546875]}, "beianpudunii_rw": {"size": [1024.0, 2048.0], "pivot": [0.49067598581314087, 0.66650390625], "position": [135.0, 239.0], "rawSize": [1024.0, 2048.0]}}