{"beierfasite_7": {"size": [1359.0, 1400.0], "pivot": [0.49779248237609863, 0.6577857136726379], "position": [-200.9999542236328, 163.0], "raw": true, "rawSize": [1359.0, 1400.0], "view": [417.6000061035156, 957.5]}}