{"haitian": {"size": [3016.0, 3082.0], "pivot": [0.49067598581314087, 0.66650390625], "position": [-69.28921508789062, 494.8914794921875], "rawSize": [2004.0, 2048.0], "view": [508.4725341796875, 1165.6627197265625]}, "haitian_rw": {"size": [2030.0, 2048.0], "pivot": [0.49067598581314087, 0.66650390625], "position": [2.5, 657.5], "rawSize": [2030.0, 2048.0]}}