{"xuebugui": {"size": [3580.0, 4190.0], "pivot": [0.49067598581314087, 0.66650390625], "position": [-265.3824157714844, -21.088272094726562], "rawSize": [1750.0, 2048.0], "view": [620.6355590820312, 1422.7940673828125]}, "xuebugui_rw_ex": {"size": [1328.0, 2048.0], "pivot": [0.49067598581314087, 0.66650390625], "position": [-132.6999969482422, -42.0], "rawSize": [1328.0, 2048.0]}}