{"zhenming_3": {"size": [3150.0, 3110.0], "pivot": [0.5292063355445862, 0.5623794198036194], "position": [-122.00003051757812, -94.99996185302734], "rawSize": [2048.0, 2022.0], "view": [738.0999755859375, 1692.699951171875]}, "zhenming_3_front": {"size": [2048.0, 1884.0], "pivot": [0.49067598581314087, 0.66650390625], "position": [34.0, 106.0], "rawSize": [2048.0, 1884.0]}}