{"daqinghuayu_3": {"size": [1566.0, 2048.0], "pivot": [0.49067598581314087, 0.66650390625], "position": [-228.81825256347656, 367.6817321777344], "rawSize": [1566.0, 2048.0], "view": [508.4725036621094, 1165.6627197265625]}}