{"aolike": {"size": [712.0, 1171.0], "pivot": [0.5589887499809265, 0.5802732706069946], "position": [-46.00091552734375, 121.0], "rawSize": [618.0, 1022.0], "view": [572.0, 935.0]}}