{"mingshi_3": {"size": [986.0, 1024.0], "pivot": [0.36105477809906006, 0.5908203125], "position": [-148.00027465820312, 81.0], "rawSize": [986.0, 1024.0], "view": [344.0, 787.0]}}