{"dujiaoshou_2": {"size": [1024.0, 908.0], "pivot": [0.4697265625, 0.5748898386955261], "position": [-87.00016784667969, 77.0], "rawSize": [1024.0, 909.0], "view": [299.0, 684.0]}}