{"fengxiang_alter": {"size": [4610.0, 3790.0], "pivot": [0.49067598581314087, 0.66650390625], "position": [-324.97674560546875, -209.5712432861328], "rawSize": [2048.0, 1684.0], "view": [753.6287841796875, 1727.678466796875]}, "fengxiang_alter_rw": {"size": [2048.0, 1908.0], "pivot": [0.49067598581314087, 0.66650390625], "position": [53.650001525878906, -98.0], "rawSize": [2048.0, 1908.0]}}