{"xiao_3": {"size": [1093.0, 1400.0], "pivot": [0.5999085307121277, 0.6010000109672546], "position": [-61.79998779296875, 145.1999969482422], "rawSize": [1093.0, 1400.0], "view": [407.70001220703125, 934.8800048828125]}}