{"beifeng_2": {"size": [1024.0, 1024.0], "pivot": [0.4365234375, 0.5361328125], "position": [-101.0, 8.0], "rawSize": [1024.0, 1024.0], "view": [347.79998779296875, 797.5]}}