{"yanusi_6": {"size": [6440.0, 3832.0], "pivot": [0.49067598581314087, 0.66650390625], "position": [-352.1348571777344, -98.91181945800781], "raw": true, "rawSize": [2048.0, 1219.0], "view": [1110.611083984375, 2546.052734375]}, "yanusi_6_rw": {"size": [1894.0, 2048.0], "pivot": [0.49067598581314087, 0.66650390625], "position": [-15.70001220703125, 557.4000244140625], "rawSize": [1894.0, 2048.0]}}