{"shaenhuosite_2": {"size": [1400.0, 1279.0], "pivot": [0.49785715341567993, 0.6560593843460083], "position": [-198.99993896484375, 131.0], "rawSize": [1400.0, 1279.0], "view": [434.3999938964844, 996.0999755859375]}}