{"mengfeisi_3": {"size": [991.0, 1024.0], "pivot": [0.4969727694988251, 0.5703125], "position": [-142.0, 55.0], "rawSize": [991.0, 1024.0], "view": [351.29998779296875, 805.5]}}