{"junhe": {"size": [1200.0, 1111.0], "pivot": [0.42399999499320984, 0.5345634818077087], "position": [-67.70002746582031, 71.5999984741211], "rawSize": [1200.0, 1111.0], "view": [351.0, 804.8499755859375]}}