{"aijiang": {"size": [656.0, 1024.0], "pivot": [0.8064024448394775, 0.5400390625], "position": [-141.00022888183594, 29.0], "rawSize": [656.0, 1024.0], "view": [395.0, 907.0]}}