{"u110_6": {"size": [2048.0, 2048.0], "pivot": [0.49067598581314087, 0.66650390625], "position": [-196.24534606933594, -24.03790283203125], "raw": true, "rawSize": [2048.0, 2048.0], "view": [796.2872314453125, 1825.4718017578125]}}