{"ruihe_3": {"size": [2048.0, 1890.0], "pivot": [0.39599609375, 0.5264550447463989], "position": [-387.9999694824219, -57.0], "rawSize": [2048.0, 1890.0], "view": [487.0, 1116.699951171875]}}