{"asituoliya_3": {"size": [313.0, 1024.0], "pivot": [0.6629393100738525, 0.6474609375], "position": [-95.00017547607422, 153.0], "raw": true, "rawSize": [313.0, 1024.0], "view": [300.0, 688.0]}}