{"asituoliya_3": {"size": [313.0, 1024.0], "pivot": [0.6629393100738525, 0.6474609375], "scale": [1.452282190322876, 1.452282190322876], "position": [0.0, 0.0], "raw": true, "rawSize": [313.0, 1024.0]}}