{"zhuiganzhe": {"size": [1143.0, 1200.0], "pivot": [0.3944006860256195, 0.6416666507720947], "position": [-205.9996337890625, 14.0], "rawSize": [1143.0, 1200.0], "view": [454.0, 1042.0]}}