{"mingshi_h": {"size": [1800.0, 2048.0], "pivot": [0.5022222399711609, 0.52734375], "position": [-288.0000305175781, 71.0], "rawSize": [1800.0, 2048.0], "view": [801.5999755859375, 1838.199951171875]}}