{"ekelahema": {"size": [1243.0, 1300.0], "pivot": [0.4541431963443756, 0.6299999952316284], "position": [-58.99979782104492, 188.0], "rawSize": [977.0, 1022.0], "view": [361.0, 884.0]}}