{"zubing": {"size": [1024.0, 707.0], "pivot": [0.4873046875, 0.48642149567604065], "position": [-53.00032043457031, -42.0], "rawSize": [1024.0, 707.0], "view": [395.0, 903.0]}}