{"jinluhao": {"size": [3896.0, 3476.0], "pivot": [0.49067598581314087, 0.66650390625], "position": [-207.00006103515625, 42.435279846191406], "rawSize": [2048.0, 1827.0], "view": [468.9246826171875, 1075.0]}, "jinluhao_front": {"size": [3896.0, 3476.0], "pivot": [0.49067598581314087, 0.66650390625], "position": [-52.0, 828.0], "rawSize": [2048.0, 1827.0]}, "jinluhao_rw": {"size": [1974.0, 2048.0], "pivot": [0.49067598581314087, 0.66650390625], "position": [-116.69999694824219, 538.0999755859375], "rawSize": [1974.0, 2048.0]}}