{"chuchun_g": {"size": [1174.0, 1200.0], "pivot": [0.454770028591156, 0.6709166169166565], "position": [-293.0000305175781, 108.0], "rawSize": [1174.0, 1200.0], "view": [459.70001220703125, 1054.0999755859375]}}