{"fulandeer": {"size": [4230.0, 4130.0], "pivot": [0.49067598581314087, 0.66650390625], "position": [-195.9248046875, -72.94630432128906], "rawSize": [2048.0, 2000.0], "view": [453.7980651855469, 1040.3226318359375]}, "fulandeer_rw": {"size": [2048.0, 2592.0], "pivot": [0.49067598581314087, 0.66650390625], "position": [-19.100000381469727, -43.099998474121094], "rawSize": [2048.0, 2592.0]}, "fulandeer_bj": {"size": [4230.0, 4130.0], "pivot": [0.49067598581314087, 0.66650390625], "position": [-26.709999084472656, 678.0], "rawSize": [2048.0, 2000.0]}}