{"shuixingjinian_g": {"size": [2048.0, 2018.0], "pivot": [0.58984375, 0.6040634512901306], "position": [64.199951171875, 167.39999389648438], "rawSize": [2048.0, 2018.0], "view": [354.6700134277344, 813.280029296875]}}