{"fengxiang": {"size": [891.0, 1024.0], "pivot": [0.4371492564678192, 0.6396484375], "position": [-71.00035858154297, 121.0], "rawSize": [891.0, 1024.0], "view": [384.0, 790.0]}}