{"ouruola": {"size": [1024.0, 636.0], "pivot": [0.416015625, 0.545597493648529], "position": [-100.00042724609375, 6.0], "rawSize": [1024.0, 636.0], "view": [305.0, 701.0]}}