{"abuluqi": {"size": [2048.0, 1978.0], "pivot": [0.4453125, 0.5516178011894226], "position": [-287.0, 76.0], "rawSize": [2048.0, 1978.0], "view": [331.0, 885.2000122070312]}}