{"chaijun_younv": {"size": [2048.0, 1912.0], "pivot": [0.49067598581314087, 0.66650390625], "position": [-166.33338928222656, -292.00006103515625], "rawSize": [2048.0, 1912.0], "view": [585.2178955078125, 1341.599853515625]}}