{"yibei": {"size": [4474.0, 3665.0], "pivot": [0.49067598581314087, 0.66650390625], "position": [-394.4940185546875, 303.9835510253906], "rawSize": [2048.0, 1678.0], "view": [680.6970825195312, 1560.48388671875]}, "yibei_jz": {"size": [3582.0, 2476.0], "pivot": [0.49067598581314087, 0.66650390625], "position": [-240.6999969482422, 655.2999877929688], "rawSize": [2048.0, 1416.0]}, "yibei_rw": {"size": [1680.0, 2048.0], "pivot": [0.49067598581314087, 0.66650390625], "position": [-232.8000030517578, 413.29998779296875], "rawSize": [1680.0, 2048.0]}}