{"dafeng_7": {"size": [3228.0, 1886.0], "pivot": [0.49067598581314087, 0.66650390625], "position": [-525.7672119140625, 46.246490478515625], "raw": true, "rawSize": [2048.0, 1198.0], "view": [578.1262817382812, 1325.3424072265625]}, "dafeng_7_rw": {"size": [2048.0, 1354.0], "pivot": [0.49067598581314087, 0.66650390625], "position": [-76.69999694824219, 235.0], "rawSize": [2048.0, 1354.0]}}