{"fusang_2": {"size": [626.0, 1024.0], "pivot": [0.4504792392253876, 0.56640625], "position": [-90.00032806396484, 45.0], "rawSize": [626.0, 1024.0], "view": [287.0, 658.0]}}