{"wuerlixi": {"size": [3383.0, 4792.0], "pivot": [0.49067598581314087, 0.66650390625], "position": [-16.824623107910156, -322.7369689941406], "rawSize": [1446.0, 2048.0], "view": [740.4073486328125, 1697.368408203125]}, "wuerlixi_rw": {"size": [1130.0, 2048.0], "pivot": [0.49067598581314087, 0.66650390625], "position": [290.1000061035156, -199.5], "rawSize": [1130.0, 2048.0]}, "wuerlixi_bj1": {"size": [3627.0, 3109.0], "pivot": [0.49067598581314087, 0.66650390625], "position": [-21.0, 794.0], "rawSize": [2048.0, 1756.0]}, "wuerlixi_bj2": {"size": [4099.0, 3493.0], "pivot": [0.49067598581314087, 0.66650390625], "position": [157.5, -462.6000061035156], "rawSize": [2048.0, 1745.0]}}