{"teluntuo_alter": {"size": [3502.0, 3782.0], "pivot": [0.49067598581314087, 0.66650390625], "position": [-139.16873168945312, 114.40948486328125], "rawSize": [1896.0, 2048.0], "view": [508.4725341796875, 1165.6627197265625]}, "teluntuo_alter_rw": {"size": [1472.0, 2048.0], "pivot": [0.49067598581314087, 0.66650390625], "position": [-57.0, 155.0], "rawSize": [1472.0, 2048.0]}}