{"tiancheng": {"size": [1400.0, 1355.0], "pivot": [0.33142855763435364, 0.6601476073265076], "position": [-277.99969482421875, 62.0], "rawSize": [1400.0, 1355.0], "view": [369.0, 845.0]}}