{"z23": {"size": [709.0, 847.0], "pivot": [0.4238363802433014, 0.6168830990791321], "position": [-57.99994659423828, 77.0], "rawSize": [857.0, 1024.0], "view": [387.0, 714.0]}}