{"daleike": {"size": [2042.0, 2048.0], "pivot": [0.41283056139945984, 0.4462890625], "position": [-361.0999450683594, -137.0], "rawSize": [2042.0, 2048.0], "view": [543.5, 1060.0999755859375]}}