{"gushouchuan_tolove": {"size": [3812.0, 3494.0], "pivot": [0.49067598581314087, 0.66650390625], "position": [-240.5023651123047, -314.2674560546875], "rawSize": [2048.0, 1877.0], "view": [602.9031372070312, 1382.142822265625]}, "gushouchuan_tolove_rw": {"size": [1062.0, 2048.0], "pivot": [0.49067598581314087, 0.66650390625], "position": [-141.3000030517578, -382.0], "rawSize": [1062.0, 2048.0]}}