{"jingang_idol": {"size": [3432.0, 3348.0], "pivot": [0.49067598581314087, 0.66650390625], "position": [-672.0000610351562, 597.4164428710938], "rawSize": [2048.0, 1998.0], "view": [879.2337646484375, 2015.625]}, "jingang_idol_rw": {"size": [1750.0, 2048.0], "pivot": [0.49067598581314087, 0.66650390625], "position": [-227.60000610351562, 844.0], "rawSize": [1750.0, 2048.0]}}