{"guanghui_idol": {"size": [2048.0, 2018.0], "pivot": [0.3984375, 0.558969259262085], "position": [-436.0, 140.0], "rawSize": [2048.0, 2018.0], "view": [483.79998779296875, 1109.5]}}