{"xianggelila_2": {"size": [1400.0, 1350.0], "pivot": [0.48592856526374817, 0.7574814558029175], "position": [-88.0001449584961, 195.0], "rawSize": [1400.0, 1350.0], "view": [402.0, 921.0]}}