{"xukufu": {"size": [938.0, 1024.0], "pivot": [0.4456290006637573, 0.5693359375], "position": [-133.00018310546875, 96.0], "rawSize": [938.0, 1024.0], "view": [299.0, 686.0]}}