{"z23_g": {"size": [1024.0, 959.0], "pivot": [0.4697265625, 0.5709071755409241], "position": [-117.9997787475586, 81.0], "rawSize": [1024.0, 959.0], "view": [277.0, 635.0]}}