{"yonggan": {"size": [733.0, 1024.0], "pivot": [0.5027285218238831, 0.6943359375], "position": [-60.99988555908203, 108.0], "rawSize": [733.0, 1024.0], "view": [417.0, 834.0]}}