{"beiyaen_2": {"size": [2048.0, 1651.0], "pivot": [0.5673828125, 0.41823136806488037], "position": [-35.99995040893555, -253.0], "rawSize": [2048.0, 1651.0], "view": [416.79998779296875, 955.7000122070312]}}