{"gangute": {"size": [2048.0, 1638.0], "pivot": [0.49853515625, 0.5439560413360596], "position": [-96.99998474121094, 97.0], "rawSize": [2048.0, 1638.0], "view": [435.3999938964844, 998.5999755859375]}}