{"vtuber_mio": {"size": [1400.0, 1645.0], "pivot": [0.49785715341567993, 0.5437690019607544], "position": [-158.00001525878906, 22.0], "rawSize": [1400.0, 1645.0], "view": [416.79998779296875, 955.7999877929688]}}