{"biluokexi": {"size": [2048.0, 1898.0], "pivot": [0.49853515625, 0.7218124270439148], "position": [-397.99993896484375, 265.0], "rawSize": [2048.0, 1898.0], "view": [620.5, 1422.800048828125]}}