{"tashigan_idol": {"size": [1950.0, 2048.0], "pivot": [0.446153849363327, 0.57275390625], "position": [-364.0000915527344, 172.0], "rawSize": [1950.0, 2048.0], "view": [521.2999877929688, 1195.199951171875]}}