{"yuekecheng_alter": {"size": [1904.0, 2048.0], "pivot": [0.6974790096282959, 0.4814453125], "position": [8.000001907348633, -57.0], "rawSize": [1904.0, 2048.0], "view": [331.0, 883.2999877929688]}}