{"jianwu_2": {"size": [7058.0, 4342.0], "pivot": [0.49067598581314087, 0.66650390625], "position": [-341.00006103515625, -20.00018310546875], "rawSize": [2048.0, 1260.0], "view": [844.0643920898438, 1935.0]}, "jianwu_2_rw": {"size": [1808.0, 2048.0], "pivot": [0.49067598581314087, 0.66650390625], "position": [-126.0, 163.0], "rawSize": [1808.0, 2048.0]}}