{"wushiling_2": {"size": [1024.0, 787.0], "pivot": [0.44921875, 0.5825921297073364], "position": [-47.00035858154297, 40.0], "rawSize": [1024.0, 787.0], "view": [308.0, 706.0]}}