{"feiji": {"size": [1024.0, 1008.0], "pivot": [0.4384765625, 0.6279761791229248], "position": [-76.99996185302734, 118.0], "rawSize": [1024.0, 1008.0], "view": [362.0, 831.0]}}