{"mingsike": {"size": [1380.0, 1400.0], "pivot": [0.49782609939575195, 0.5514285564422607], "position": [-186.99996948242188, -17.0], "rawSize": [1380.0, 1400.0], "view": [468.20001220703125, 1073.5999755859375]}}