{"ailunsamuna": {"size": [2021.0, 2048.0], "pivot": [0.4360712468624115, 0.5126953125], "position": [-93.82920837402344, 46.707279205322266], "rawSize": [2021.0, 2048.0], "view": [479.4569091796875, 1179.8780517578125]}}