{"ailunsamuna": {"size": [2021.0, 2048.0], "pivot": [0.4360712766647339, 0.5126953125], "position": [-266.99993896484375, 15.0], "rawSize": [2021.0, 2048.0], "view": [444.6000061035156, 1094.0999755859375]}}