{"aierbin_3": {"size": [4736.0, 2516.0], "pivot": [0.49067598581314087, 0.66650390625], "position": [-276.166748046875, 132.83319091796875], "raw": true, "rawSize": [2048.0, 1088.0], "view": [879.2337646484375, 2015.625]}, "aierbin_3_rw": {"size": [2048.0, 1930.0], "pivot": [0.49067598581314087, 0.66650390625], "position": [175.85000610351562, 431.1000061035156], "rawSize": [2048.0, 1930.0]}}