{"aierbin_3": {"size": [2008.0, 2048.0], "pivot": [0.49067598581314087, 0.66650390625], "position": [-140.58981323242188, 310.7178955078125], "rawSize": [2008.0, 2048.0], "view": [541.0669555664062, 1240.3846435546875]}}