{"tikangdeluojia": {"size": [2048.0, 1756.0], "pivot": [0.58251953125, 0.5411161780357361], "position": [-95.00003051757812, 90.0], "rawSize": [2048.0, 1756.0], "view": [331.0, 922.5999755859375]}}