{"jifeng": {"size": [945.0, 1024.0], "pivot": [0.4809523820877075, 0.6181640625], "position": [-95.0003890991211, 48.0], "rawSize": [945.0, 1024.0], "view": [407.0, 933.0]}}