{"suixiang_2_doa": {"size": [2032.0, 2048.0], "pivot": [0.49852362275123596, 0.53515625], "position": [-289.0000915527344, 88.0], "rawSize": [2032.0, 2048.0], "view": [663.2999877929688, 1520.9000244140625]}}