{"feiteliedadi_h": {"size": [2048.0, 1500.0], "pivot": [0.49853515625, 0.5901333689689636], "position": [-174.00001525878906, 78.0], "rawSize": [2048.0, 1500.0], "view": [351.1000061035156, 805.0999755859375]}}