{"xinzexi_2": {"size": [3368.0, 2583.0], "pivot": [0.5908551216125488, 0.5360046625137329], "position": [-82.99995422363281, 144.0], "rawSize": [2048.0, 1571.0], "view": [331.0, 1022.9000244140625]}, "xinzexi_2_renwu": {"size": [1938.0, 2048.0], "pivot": [0.49067598581314087, 0.66650390625], "position": [-265.0, 404.1000061035156], "rawSize": [1938.0, 2048.0]}, "xinzexi_2_front": {"size": [3368.0, 2583.0], "pivot": [0.49067598581314087, 0.66650390625], "position": [-31.402999877929688, 427.5], "rawSize": [2048.0, 1571.0]}}