{"chicheng_h": {"size": [647.0, 1024.0], "pivot": [0.49381762742996216, 0.6615234613418579], "position": [-49.99967956542969, 109.0], "rawSize": [647.0, 1024.0], "view": [388.0, 684.0]}}