{"siwangzhuzai_2": {"size": [5946.0, 3514.0], "pivot": [0.49067598581314087, 0.66650390625], "position": [-243.51168823242188, 35.255531311035156], "raw": true, "rawSize": [2048.0, 1210.0], "view": [981.47021484375, 2250.0]}, "siwangzhuzai_2_rw": {"size": [1610.0, 2048.0], "pivot": [0.49067598581314087, 0.66650390625], "position": [-94.0999984741211, 475.20001220703125], "rawSize": [1610.0, 2048.0]}}