{"rangbaer": {"size": [2048.0, 1717.0], "pivot": [0.5419921875, 0.5017472505569458], "position": [-56.999916076660156, -55.0], "rawSize": [2048.0, 1717.0], "view": [354.0, 814.0]}}