{"luyijiushi": {"size": [1280.0, 1240.0], "pivot": [0.55078125, 0.5240322351455688], "position": [-1.0003299713134766, -91.0], "rawSize": [1280.0, 1240.0], "view": [301.0, 689.0]}}