{"zuozhiya_4": {"size": [1400.0, 1361.0], "pivot": [0.38857144117355347, 0.579353392124176], "position": [-171.00003051757812, 72.0], "rawSize": [1400.0, 1361.0], "view": [423.3999938964844, 970.5999755859375]}}