{"lafei_h": {"size": [1195.0, 1200.0], "pivot": [0.4974895417690277, 0.6462500095367432], "position": [-169.9999542236328, 169.0], "rawSize": [1195.0, 1200.0], "view": [347.79998779296875, 797.5]}}