{"dafeng_idol": {"size": [3216.0, 3560.0], "pivot": [0.5786691308021545, 0.5202246904373169], "position": [250.00003051757812, -229.0], "rawSize": [1850.0, 2048.0], "view": [611.2999877929688, 1401.800048828125]}, "dafeng_idol_front": {"size": [2048.0, 1852.0], "pivot": [0.49067598581314087, 0.66650390625], "position": [10.899999618530273, -159.1999969482422], "rawSize": [2048.0, 1852.0]}, "dafeng_idol_middle": {"size": [3216.0, 3560.0], "pivot": [0.49067598581314087, 0.66650390625], "position": [-29.986000061035156, 596.0], "rawSize": [1850.0, 2048.0]}}