{"heitaizi_2": {"size": [1232.0, 1400.0], "pivot": [0.6128246784210205, 0.6557142734527588], "position": [-61.999977111816406, 157.0], "rawSize": [1232.0, 1400.0], "view": [453.0, 1038.699951171875]}}