{"qiandaitian_2": {"size": [2048.0, 1663.0], "pivot": [0.54052734375, 0.4831629693508148], "position": [-205.00001525878906, -158.0], "rawSize": [2048.0, 1663.0], "view": [659.7999877929688, 1513.0]}}