{"qianwei_2": {"size": [1758.0, 2048.0], "pivot": [0.49067598581314087, 0.66650390625], "position": [-173.271240234375, 15.389801025390625], "rawSize": [1758.0, 2048.0], "view": [357.6544189453125, 819.915283203125]}}