{"banrenma": {"size": [1400.0, 1250.0], "pivot": [0.4408571422100067, 0.5687999725341797], "position": [-165.00042724609375, 65.0], "rawSize": [1400.0, 1250.0], "view": [332.0, 760.0]}}