{"lafeier": {"size": [5024.0, 4112.0], "pivot": [0.49067598581314087, 0.66650390625], "position": [-1004.1795654296875, -556.0770263671875], "rawSize": [2048.0, 1676.0], "view": [541.0669555664062, 1240.3846435546875]}, "lafeier_rw": {"size": [2048.0, 1880.0], "pivot": [0.49067598581314087, 0.66650390625], "position": [-529.0, -108.69999694824219], "rawSize": [2048.0, 1880.0]}}