{"aierbin_4": {"size": [3740.0, 4140.0], "pivot": [0.49067598581314087, 0.66650390625], "position": [-246.2064208984375, -657.8413696289062], "rawSize": [1850.0, 2048.0], "view": [669.8923950195312, 1535.71435546875]}, "aierbin_4_rw": {"size": [1884.0, 2048.0], "pivot": [0.49067598581314087, 0.66650390625], "position": [134.0, -643.0], "rawSize": [1884.0, 2048.0]}}