{"salana": {"size": [1400.0, 1330.0], "pivot": [0.4035714268684387, 0.6263157725334167], "position": [-253.0004425048828, 96.0], "rawSize": [1400.0, 1330.0], "view": [500.0, 1146.0]}}