{"ouruola_4": {"size": [2048.0, 1913.0], "pivot": [0.47802734375, 0.6390486359596252], "position": [-398.0, 292.0], "rawSize": [2048.0, 1913.0], "view": [605.5999755859375, 1388.9000244140625]}}