{"strength": {"size": [2048.0, 1598.0], "pivot": [0.56640625, 0.6408010125160217], "position": [10.000040054321289, 130.0], "rawSize": [2048.0, 1598.0], "view": [565.0, 1295.699951171875]}}