{"aimierbeierding_2": {"size": [1024.0, 780.0], "pivot": [0.4970703125, 0.4910256266593933], "position": [-135.00042724609375, -7.0], "rawSize": [1024.0, 780.0], "view": [315.0, 720.0]}}