{"huangjiaxiangshu_2": {"size": [2048.0, 1564.0], "pivot": [0.49067598581314087, 0.66650390625], "position": [207.87799072265625, 268.0975036621094], "rawSize": [2048.0, 1564.0], "view": [514.6734008789062, 1179.8780517578125]}}