{"lemaer_g": {"size": [1024.0, 1018.0], "pivot": [0.412109375, 0.5284872055053711], "position": [-96.00010681152344, 28.0], "rawSize": [1024.0, 1018.0], "view": [308.0, 705.0]}}