{"shengwang_alter": {"size": [2048.0, 1582.0], "pivot": [0.49067598581314087, 0.66650390625], "position": [16.274274826049805, 46.51321792602539], "rawSize": [2048.0, 1582.0], "view": [373.4798278808594, 856.1947021484375]}}