{"yuekecheng_h": {"size": [3104.0, 3138.0], "pivot": [0.49067598581314087, 0.66650390625], "position": [184.818115234375, 474.3374938964844], "rawSize": [2026.0, 2048.0], "view": [548.09375, 1256.4935302734375]}, "yuekecheng_h_rw": {"size": [2048.0, 2272.0], "pivot": [0.49067598581314087, 0.66650390625], "position": [-187.0, 268.0], "rawSize": [2048.0, 2272.0]}}