{"lian": {"size": [1956.0, 2048.0], "pivot": [0.49067598581314087, 0.66650390625], "position": [-534.3333740234375, 298.6666259765625], "rawSize": [1956.0, 2048.0], "view": [562.7095947265625, 1290.0]}}