{"changyue_2": {"size": [1400.0, 1360.0], "pivot": [0.49785715341567993, 0.5529412031173706], "position": [-258.9999084472656, 57.0], "rawSize": [1400.0, 1360.0], "view": [548.5999755859375, 1258.0]}}