{"yongqi": {"size": [1770.0, 2094.0], "pivot": [0.49067598581314087, 0.66650390625], "position": [-101.46160125732422, 125.07682800292969], "rawSize": [1732.0, 2048.0], "view": [649.2803955078125, 1488.4615478515625]}, "yongqi_rw": {"size": [1478.0, 2048.0], "pivot": [0.49067598581314087, 0.66650390625], "position": [-46.29999923706055, 351.3999938964844], "rawSize": [1478.0, 2048.0]}}