{"aisijimo_2": {"size": [2048.0, 1718.0], "pivot": [0.49853515625, 0.4876018762588501], "position": [-176.00003051757812, -246.0], "rawSize": [2048.0, 1718.0], "view": [536.2999877929688, 1229.800048828125]}}