{"hamanii": {"size": [3156.0, 3539.0], "pivot": [0.49067598581314087, 0.66650390625], "position": [-289.2540283203125, 21.07108497619629], "rawSize": [1826.0, 2048.0], "view": [703.386962890625, 1612.5]}, "hamanii_rw": {"size": [1674.0, 2048.0], "pivot": [0.49067598581314087, 0.66650390625], "position": [149.0, 389.0], "rawSize": [1676.0, 2048.0]}}