{"hdn202_1": {"size": [1024.0, 1024.0], "pivot": [0.6982421875, 0.5556640625], "position": [-41.99989700317383, 35.0], "rawSize": [1024.0, 1024.0], "view": [355.0, 817.0]}}