{"u557": {"size": [1024.0, 1024.0], "pivot": [0.4462890625, 0.4560546875], "position": [-169.00025939941406, -25.0], "rawSize": [1024.0, 1024.0], "view": [307.0, 703.0]}}