{"dachao_5": {"size": [2048.0, 1600.0], "pivot": [0.49067598581314087, 0.66650390625], "position": [-226.540283203125, 285.6781311035156], "rawSize": [2048.0, 1600.0], "view": [485.094482421875, 1112.0689697265625]}}