{"bulunnusi": {"size": [5932.0, 5496.0], "pivot": [0.49067598581314087, 0.66650390625], "position": [-162.62506103515625, -416.12518310546875], "rawSize": [2048.0, 1891.0], "view": [659.42529296875, 1511.71875]}, "bulunnusi_rw": {"size": [1862.0, 2048.0], "pivot": [0.49067598581314087, 0.66650390625], "position": [-29.0, -395.6000061035156], "rawSize": [1862.0, 2048.0]}, "bulunnusi_bj1": {"size": [5934.0, 5496.0], "pivot": [0.49067598581314087, 0.66650390625], "position": [-62.5, 908.2999877929688], "rawSize": [2048.0, 1891.0]}}