{"z47": {"size": [3896.0, 3776.0], "pivot": [0.49067598581314087, 0.66650390625], "position": [-290.79315185546875, -440.93121337890625], "rawSize": [2048.0, 1985.0], "view": [727.6417236328125, 1668.103515625]}, "z47_rw": {"size": [1824.0, 2048.0], "pivot": [0.49067598581314087, 0.66650390625], "position": [-62.5, -249.8000030517578], "rawSize": [1824.0, 2048.0]}}