{"kewei_2": {"size": [1400.0, 1155.0], "pivot": [0.49785715341567993, 0.562663197517395], "position": [-147.0, -1.0], "rawSize": [1400.0, 1155.0], "view": [406.0, 930.9000244140625], "raw": true}}