{"shengwang": {"size": [1299.0, 1299.0], "pivot": [0.46997690200805664, 0.6632024645805359], "position": [-90.99996948242188, 183.0], "rawSize": [1024.0, 1024.0], "view": [471.0, 909.0]}}