{"ailunsamuna_3": {"size": [2970.0, 2860.0], "pivot": [0.49067598581314087, 0.66650390625], "position": [-535.571533203125, 281.9998779296875], "rawSize": [2048.0, 1972.0], "view": [602.9031372070312, 1382.142822265625]}, "ailunsamuna_3_rw": {"size": [2048.0, 1790.0], "pivot": [0.49067598581314087, 0.66650390625], "position": [-231.0, 674.0], "rawSize": [2048.0, 1790.0]}}