{"quejie_3": {"size": [1392.0, 1400.0], "pivot": [0.5510057210922241, 0.5514285564422607], "position": [-222.0000457763672, -60.0], "rawSize": [1392.0, 1400.0], "view": [485.79998779296875, 1113.9000244140625]}}