{"luyisiweier_2": {"size": [3314.0, 3416.0], "pivot": [0.49067598581314087, 0.66650390625], "position": [-637.9434814453125, 7.094162464141846], "rawSize": [1987.0, 2048.0], "view": [796.2872314453125, 1825.4718017578125]}, "luyisiweier_2_rw": {"size": [1196.0, 2048.0], "pivot": [0.49067598581314087, 0.66650390625], "position": [-190.0, 376.0], "rawSize": [1196.0, 2048.0]}}