{"bominghan_2": {"size": [837.0, 1024.0], "pivot": [0.34707286953926086, 0.609375], "position": [-165.0003662109375, 68.0], "rawSize": [837.0, 1024.0], "view": [398.0, 913.0]}}