{"hailunna": {"size": [1006.0, 1401.0], "pivot": [0.3896620273590088, 0.7198429703712463], "position": [-188.99986267089844, 171.0], "rawSize": [1006.0, 1401.0], "view": [554.0, 1086.0]}}