{"sanriyue_2": {"size": [933.0, 1024.0], "pivot": [0.4013933539390564, 0.5439453125], "position": [-115.99998474121094, -8.0], "rawSize": [933.0, 1024.0], "view": [368.70001220703125, 845.5]}}