{"qiabayefu_5": {"size": [4400.0, 3690.0], "pivot": [0.4732530117034912, 0.6810547113418579], "position": [-978.7848510742188, -233.36270141601562], "rawSize": [2048.0, 1718.0], "view": [841.8198852539062, 1935.0]}, "qiabayefu_5_rw": {"size": [2876.0, 3000.0], "pivot": [0.4732530117034912, 0.6810547113418579], "position": [-627.5, 196.5], "rawSize": [2876.0, 3000.0]}}