{"bangfeng_4": {"size": [2048.0, 2008.0], "pivot": [0.49067598581314087, 0.66650390625], "position": [-106.87185668945312, -28.89759635925293], "rawSize": [2048.0, 2008.0], "view": [541.0669555664062, 1240.3846435546875]}}