{"heianjie_2": {"size": [811.0, 1024.0], "pivot": [0.384093701839447, 0.5634765625], "position": [-134.0, 118.0], "rawSize": [811.0, 1024.0], "view": [324.0, 644.0]}}