{"changmen_6": {"size": [7150.0, 4526.0], "pivot": [0.49067598581314087, 0.66650390625], "position": [-233.3636932373047, -90.27301025390625], "raw": true, "rawSize": [2048.0, 1296.0], "view": [959.1640625, 2198.86376953125]}, "changmen_6_rw": {"size": [1634.0, 2048.0], "pivot": [0.49067598581314087, 0.66650390625], "position": [100.30000305175781, 479.5], "rawSize": [1634.0, 2048.0]}}