{"shiluopujun_g": {"size": [2048.0, 1644.0], "pivot": [0.49067598581314087, 0.66650390625], "position": [-101.70594787597656, 220.2352294921875], "rawSize": [2048.0, 1644.0], "view": [496.5084533691406, 1138.2352294921875]}}