{"gangyishawa_2": {"size": [4448.0, 2754.0], "pivot": [0.49067598581314087, 0.66650390625], "position": [-153.73272705078125, -110.77230834960938], "raw": true, "rawSize": [2048.0, 1268.0], "view": [417.8536682128906, 957.9207763671875]}, "gangyishawa_2_bj1": {"size": [380.0, 2048.0], "pivot": [0.49067598581314087, 0.66650390625], "position": [1305.5, 301.70001220703125], "rawSize": [380.0, 2048.0]}, "gangyishawa_2_rw": {"size": [2030.0, 2048.0], "pivot": [0.49067598581314087, 0.66650390625], "position": [86.69999694824219, 300.5], "rawSize": [2030.0, 2048.0]}}