{"duli_5": {"size": [1767.0, 2048.0], "pivot": [0.5215053558349609, 0.58154296875], "position": [-186.9999542236328, 91.0], "raw": true, "rawSize": [1767.0, 2048.0], "view": [588.5, 1349.5999755859375]}}