{"kaxin": {"size": [681.0, 1123.0], "pivot": [0.2782672643661499, 0.6700801253318787], "position": [-154.0002899169922, 185.0], "rawSize": [619.0, 1024.0], "view": [433.0, 834.0]}}