{"biaoqiang": {"size": [1020.0, 992.0], "pivot": [0.5421568751335144, 0.4546371102333069], "position": [-47.00023651123047, -19.0], "rawSize": [1020.0, 992.0], "view": [484.0, 959.0]}}