{"gelideli_2": {"size": [631.0, 1024.0], "pivot": [0.3510301113128662, 0.56640625], "position": [-95.00013732910156, 46.0], "rawSize": [631.0, 1024.0], "view": [411.0, 941.0]}}