{"deyizhi_4": {"size": [1024.0, 942.0], "pivot": [0.544238269329071, 0.6037155389785767], "position": [-96.9999771118164, 94.5], "rawSize": [1024.0, 942.0], "view": [349.94000244140625, 802.4400024414062]}}