{"wudao_3": {"size": [821.0, 1024.0], "pivot": [0.5704019069671631, 0.585742175579071], "position": [-33.80000305175781, 85.5999984741211], "rawSize": [821.0, 1024.0], "view": [322.8399963378906, 740.2999877929688]}}