{"niukasier_g": {"size": [879.0, 1024.0], "pivot": [0.45790672302246094, 0.6669921875], "position": [-72.99979400634766, 146.0], "rawSize": [879.0, 1024.0], "view": [328.0, 751.0]}}