{"hdn402_2": {"size": [1024.0, 1024.0], "pivot": [0.6025390625, 0.51953125], "position": [-76.99981689453125, 73.0], "rawSize": [1024.0, 1024.0], "view": [357.0, 814.0]}}