{"xiaolietuquan": {"size": [647.0, 1024.0], "pivot": [0.5448222756385803, 0.6171875], "position": [-66.99969482421875, 96.0], "rawSize": [647.0, 1024.0], "view": [394.0, 811.0]}}