{"lvzuofu_2": {"size": [1834.0, 2048.0], "pivot": [0.49067598581314087, 0.66650390625], "position": [-160.01080322265625, -35.8494873046875], "rawSize": [1834.0, 2048.0], "view": [453.7980651855469, 1040.3226318359375]}}