{"xibeifeng": {"size": [2048.0, 1934.0], "pivot": [0.5130859613418579, 0.5734229683876038], "position": [-187.99998474121094, 152.0], "rawSize": [2048.0, 1934.0], "view": [331.0, 1293.199951171875]}}