{"boge": {"size": [955.0, 984.0], "pivot": [0.5167536735534668, 0.5193089246749878], "position": [-62.00037384033203, 12.0], "rawSize": [955.0, 984.0], "view": [566.0, 995.0]}}