{"haerbin_2": {"size": [2928.0, 2486.0], "pivot": [0.49067598581314087, 0.66650390625], "position": [-42.84621047973633, 96.15370178222656], "rawSize": [2048.0, 1739.0], "view": [649.2803344726562, 1488.4615478515625]}, "haerbin_2_rw": {"size": [1234.0, 2048.0], "pivot": [0.49067598581314087, 0.66650390625], "position": [-21.0, 185.0], "rawSize": [1234.0, 2048.0]}, "haerbin_2_rw2": {"size": [1195.0, 2048.0], "pivot": [0.49067598581314087, 0.66650390625], "position": [-1222.0, 185.0], "rawSize": [1195.0, 2048.0]}}