{"feiyun": {"size": [2048.0, 2018.0], "pivot": [0.49067598581314087, 0.66650390625], "position": [-188.8182373046875, -109.93185424804688], "rawSize": [2048.0, 2018.0], "view": [479.58203125, 1099.431884765625]}, "face": {"size": [737.0, 604.0], "pivot": [0.5, 0.5], "position": [-13.3, 157.9], "rawSize": [737.0, 604.0], "list": [0, 1, 2, 3, 4, 5, 6, 6, 7, 8, 9, 10, 11, 12, 13, 14, 15, 16, 17]}}