{"aierdeliqi_5": {"size": [1024.0, 1018.0], "pivot": [0.4970703125, 0.5707269310951233], "position": [-82.99995422363281, 10.0], "rawSize": [1024.0, 1018.0], "view": [415.70001220703125, 953.2999877929688]}}