{"kelifulan": {"size": [754.0, 1024.0], "pivot": [0.4534482955932617, 0.658984363079071], "position": [-101.69998168945312, 109.5999984741211], "rawSize": [754.0, 1024.0], "view": [260.20001220703125, 629.9000244140625]}}