{"zhenhai": {"size": [4718.0, 4402.0], "pivot": [0.49067598581314087, 0.66650390625], "position": [131.70962524414062, -244.6129913330078], "rawSize": [2048.0, 1911.0], "view": [680.6970825195312, 1560.48388671875]}, "zhenhai_rw": {"size": [1294.0, 2048.0], "pivot": [0.49067598581314087, 0.66650390625], "position": [185.0, -273.0], "rawSize": [1294.0, 2048.0]}}