{"u81_2": {"size": [1018.0, 1024.0], "pivot": [0.3909626603126526, 0.59765625], "position": [-95.99981689453125, 66.0], "rawSize": [1018.0, 1024.0], "view": [364.0, 833.0]}}