{"kewei_idol": {"size": [2646.0, 2472.0], "pivot": [0.49067598581314087, 0.66650390625], "position": [-280.3334045410156, 257.238037109375], "rawSize": [2048.0, 1913.0], "view": [502.4193115234375, 1151.7857666015625]}, "kewei_idol_rw": {"size": [2048.0, 1564.0], "pivot": [0.49067598581314087, 0.66650390625], "position": [61.58000183105469, 467.8999938964844], "rawSize": [2048.0, 1564.0]}}