{"lafei_11": {"size": [2036.0, 2048.0], "pivot": [0.49067598581314087, 0.66650390625], "position": [-31.090965270996094, 84.72723388671875], "rawSize": [2036.0, 2048.0], "view": [479.58203125, 1099.431884765625]}}