{"mengfeisi_2": {"size": [1516.0, 1600.0], "pivot": [0.44788917899131775, 0.7300000190734863], "position": [-82.0, 288.0], "rawSize": [1516.0, 1600.0], "view": [354.0, 809.0]}}