{"mabuerheide": {"size": [1400.0, 1383.0], "pivot": [0.49785715341567993, 0.646493136882782], "position": [-169.00003051757812, 189.0], "rawSize": [1400.0, 1383.0], "view": [458.6000061035156, 1051.5]}}