{"mingshi": {"size": [759.0, 1024.0], "pivot": [0.4420289993286133, 0.54296875], "position": [-98.99959564208984, 93.0], "rawSize": [759.0, 1024.0], "view": [457.0, 810.0]}}