{"qisheng_2": {"size": [3068.0, 1814.0], "pivot": [0.49067598581314087, 0.66650390625], "position": [-500.0488586425781, -22.75617027282715], "raw": true, "rawSize": [2048.0, 1212.0], "view": [514.6734008789062, 1179.8780517578125]}, "qisheng_2_rw": {"size": [2048.0, 1058.0], "pivot": [0.49067598581314087, 0.66650390625], "position": [-53.0, 254.0], "rawSize": [2048.0, 1058.0]}}