{"muyue_5": {"size": [6626.0, 4528.0], "pivot": [0.49067598581314087, 0.66650390625], "position": [-325.7120361328125, -435.73272705078125], "raw": true, "rawSize": [2048.0, 1400.0], "view": [937.8493041992188, 2150.0]}, "muyue_5_rw": {"size": [1974.0, 2048.0], "pivot": [0.49067598581314087, 0.66650390625], "position": [70.80000305175781, -122.0], "rawSize": [1974.0, 2048.0]}}