{"wenyue_2": {"size": [543.0, 1024.0], "pivot": [0.2937384843826294, 0.5859375], "position": [-110.9998779296875, 82.0], "rawSize": [543.0, 1024.0], "view": [378.0, 864.0]}}