{"pucimaosi": {"size": [3936.0, 3564.0], "pivot": [0.49067598581314087, 0.66650390625], "position": [-227.98597717285156, 247.21119689941406], "rawSize": [2048.0, 1854.0], "view": [594.4115600585938, 1362.6761474609375]}, "pucimaosi_rw": {"size": [1072.0, 2048.0], "pivot": [0.49067598581314087, 0.66650390625], "position": [90.9000015258789, 244.60000610351562], "rawSize": [1072.0, 2048.0]}}