{"suweiaitongmeng": {"size": [3802.0, 2732.0], "pivot": [0.4992109537124634, 0.5263543128967285], "position": [-97.00006103515625, 112.0], "rawSize": [2048.0, 1472.0], "view": [359.0, 823.0]}, "suweiaitongmeng_wjz": {"size": [1918.0, 2048.0], "pivot": [0.49067598581314087, 0.66650390625], "position": [-103.30000305175781, -7.0], "rawSize": [1918.0, 2048.0]}}