{"yefen": {"size": [804.0, 1024.0], "pivot": [0.5199005007743835, 0.56640625], "position": [-89.999755859375, 88.0], "rawSize": [804.0, 1024.0], "view": [430.0, 832.0]}}