{"beierfasite_5": {"size": [2048.0, 1310.0], "pivot": [0.70947265625, 0.5923663973808289], "position": [157.89999389648438, 249.3000030517578], "rawSize": [2048.0, 1310.0], "view": [373.5, 856.3300170898438]}}