{"weiershiqinwang_2": {"size": [742.0, 1024.0], "pivot": [0.4636118710041046, 0.5615234375], "position": [-26.999923706054688, 41.0], "rawSize": [742.0, 1024.0], "view": [349.0, 627.0]}}