{"xiyatu_3": {"size": [1488.0, 2048.0], "pivot": [0.49791955947875977, 0.623046875], "position": [-164.99998474121094, 228.0], "rawSize": [1488.0, 2048.0], "view": [473.70001220703125, 1086.0999755859375]}}