{"huan_2_doa": {"size": [2048.0, 1976.0], "pivot": [0.49067598581314087, 0.66650390625], "position": [-286.1567077636719, 11.660028457641602], "rawSize": [2048.0, 1976.0], "view": [541.06689453125, 1240.3846435546875]}}