{"telafaerjia_2": {"size": [3354.0, 1866.0], "pivot": [0.49067598581314087, 0.66650390625], "position": [-72.75763702392578, 30.181690216064453], "raw": true, "rawSize": [2048.0, 1140.0], "view": [639.4426879882812, 1465.9090576171875]}, "telafaerjia_2_rw": {"size": [2048.0, 1926.0], "pivot": [0.49067598581314087, 0.66650390625], "position": [22.399999618530273, 553.4000244140625], "rawSize": [2048.0, 1926.0]}}