{"haiwangxing": {"size": [1024.0, 907.0], "pivot": [0.534863293170929, 0.7265711426734924], "position": [-45.999752044677734, 89.0], "rawSize": [1024.0, 907.0], "view": [301.0, 689.0]}}