{"mojiaduoer_3": {"size": [5088.0, 2840.0], "pivot": [0.49067598581314087, 0.66650390625], "position": [-325.7805480957031, -41.80519104003906], "raw": true, "rawSize": [2048.0, 1143.0], "view": [844.0643920898438, 1935.0]}, "mojiaduoer_3_rw": {"size": [2010.0, 2048.0], "pivot": [0.49067598581314087, 0.66650390625], "position": [-18.74102783203125, 194.0], "rawSize": [2010.0, 2048.0]}}