{"huoli_2": {"size": [2048.0, 1972.0], "pivot": [0.49067598581314087, 0.66650390625], "position": [-64.94877624511719, -155.9488067626953], "rawSize": [2048.0, 1972.0], "view": [541.0669555664062, 1240.3846435546875]}}