{"lundun_g": {"size": [1024.0, 999.0], "pivot": [0.5361328125, 0.5981981754302979], "position": [-119.00025177001953, 100.0], "rawSize": [1024.0, 999.0], "view": [347.0, 795.0]}}