{"aisaikesi_7": {"size": [3215.0, 1812.0], "pivot": [0.49067598581314087, 0.66650390625], "position": [-417.5480041503906, -86.63021087646484], "raw": true, "rawSize": [2048.0, 1154.0], "view": [578.1262817382812, 1325.3424072265625]}, "aisaikesi_7_rw": {"size": [2048.0, 1514.0], "pivot": [0.49067598581314087, 0.66650390625], "position": [-318.9200134277344, 173.60000610351562], "rawSize": [2048.0, 1514.0]}}