{"rixiang": {"size": [934.0, 1024.0], "pivot": [0.6081370711326599, 0.59765625], "position": [17.9998779296875, 167.0], "rawSize": [934.0, 1024.0], "view": [316.0, 725.0]}}