{"susaikesi_2": {"size": [962.0, 1024.0], "pivot": [0.4906444847583771, 0.62109375], "position": [-25.000001907348633, 76.0], "rawSize": [962.0, 1024.0], "view": [347.20001220703125, 796.2000122070312]}}