{"sipeibojue_2": {"size": [763.0, 1024.0], "pivot": [0.41612058877944946, 0.640625], "position": [-56.000335693359375, 124.0], "rawSize": [763.0, 1024.0], "view": [355.0, 816.0]}}