{"gufeng": {"size": [1128.0, 1280.0], "pivot": [0.42464539408683777, 0.546093761920929], "position": [-137.00106811523438, 26.0], "rawSize": [902.0, 1024.0], "view": [580.0, 1025.0]}}