{"ximusi": {"size": [686.0, 1276.0], "pivot": [0.6297376155853271, 0.49451228976249695], "position": [-48.000267028808594, 62.0], "rawSize": [551.0, 1024.0], "view": [433.0, 1101.0]}}