{"aidang_3": {"size": [851.0, 1024.0], "pivot": [0.44242069125175476, 0.5791015625], "position": [-115.00005340576172, 54.0], "rawSize": [861.0, 1024.0], "view": [307.0, 704.0]}}