{"biaoqiang_g": {"size": [631.0, 1021.0], "pivot": [0.37797147035598755, 0.3697355389595032], "position": [-72.9999008178711, -167.0], "rawSize": [631.0, 1021.0], "view": [324.0, 642.0]}}