{"xinanfeng": {"size": [2048.0, 1972.0], "pivot": [0.49907225370407104, 0.4812373220920563], "position": [-194.00001525878906, -4.0], "rawSize": [2048.0, 1972.0], "view": [331.0, 1285.800048828125]}}