{"daiduo": {"size": [1893.0, 2048.0], "pivot": [0.4984152019023895, 0.53515625], "position": [-273.0000305175781, 67.0], "rawSize": [1893.0, 2048.0], "view": [592.5, 1358.699951171875]}}