{"birui_alter": {"size": [3124.0, 2932.0], "pivot": [0.49067598581314087, 0.66650390625], "position": [-195.7655029296875, 177.43206787109375], "rawSize": [2048.0, 1922.0], "view": [521.0274047851562, 1194.4444580078125]}, "birui_alter_rw": {"size": [2048.0, 1836.0], "pivot": [0.49067598581314087, 0.66650390625], "position": [169.39999389648438, 188.6999969482422], "rawSize": [2048.0, 1836.0]}}