{"fulankelin_2": {"size": [4798.0, 2664.0], "pivot": [0.49067598581314087, 0.66650390625], "position": [-210.6364288330078, 237.75747680664062], "raw": true, "rawSize": [2048.0, 1137.0], "view": [639.4426879882812, 1465.9090576171875]}, "fulankelin_2_rw": {"size": [782.0, 2048.0], "pivot": [0.49067598581314087, 0.66650390625], "position": [1.399993896484375, 289.6000061035156], "rawSize": [782.0, 2048.0]}}