{"ajiakesi_2": {"size": [1118.0, 1200.0], "pivot": [0.39803218841552734, 0.6391666531562805], "position": [-120.99974060058594, 151.0], "rawSize": [1118.0, 1200.0], "view": [366.0, 838.0]}}