{"tujizhe_g": {"size": [834.0, 1024.0], "pivot": [0.42446044087409973, 0.5947265625], "position": [-35.00007247924805, 72.0], "rawSize": [834.0, 1024.0], "view": [448.0, 805.0]}}