{"huoqiangshou": {"size": [723.0, 1024.0], "pivot": [0.4571231007575989, 0.5458984375], "position": [-142.99974060058594, 67.0], "rawSize": [723.0, 1024.0], "view": [357.0, 820.0]}}