{"lafeier_2": {"size": [5628.0, 3274.0], "pivot": [0.49067598581314087, 0.66650390625], "position": [-732.1666870117188, -75.00019836425781], "raw": true, "rawSize": [2048.0, 1191.0], "view": [703.386962890625, 1612.4998779296875]}, "lafeier_2_rw": {"size": [2048.0, 1916.0], "pivot": [0.49067598581314087, 0.66650390625], "position": [-114.0, 156.0], "rawSize": [2048.0, 1916.0]}}