{"rexin_3": {"size": [2048.0, 1834.0], "pivot": [0.49067598581314087, 0.66650390625], "position": [-147.45460510253906, -115.42438507080078], "raw": true, "rawSize": [2048.0, 1834.0], "view": [639.4426879882812, 1465.9090576171875]}}