{"aidang_2": {"size": [656.0, 1024.0], "pivot": [0.5701219439506531, 0.548828125], "position": [-3.0002694129943848, 105.0], "rawSize": [656.0, 1024.0], "view": [390.0, 799.0]}}