{"jiaosuai_2": {"size": [3386.0, 2486.0], "pivot": [0.49067598581314087, 0.66650390625], "position": [-244.50901794433594, 115.1910400390625], "raw": true, "rawSize": [2048.0, 1504.0], "view": [570.313720703125, 1307.432373046875]}, "jiaosuai_2_rw": {"size": [1756.0, 2048.0], "pivot": [0.49067598581314087, 0.66650390625], "position": [-216.3000030517578, 463.29998779296875], "rawSize": [1756.0, 2048.0]}}