{"xixuegui_alter": {"size": [2772.0, 2440.0], "pivot": [0.49067598581314087, 0.66650390625], "position": [134.24993896484375, 242.92935180664062], "rawSize": [2048.0, 1803.0], "view": [541.06689453125, 1240.3846435546875]}, "xixuegui_alter_rw": {"size": [2048.0, 1726.0], "pivot": [0.49067598581314087, 0.66650390625], "position": [113.0, 321.0], "rawSize": [2048.0, 1726.0]}}