{"ougen_6": {"size": [1726.0, 2048.0], "pivot": [0.49067598581314087, 0.66650390625], "position": [-185.65985107421875, -38.51548767089844], "rawSize": [1726.0, 2048.0], "view": [435.084716796875, 997.4226684570312]}}