{"xili_h": {"size": [934.0, 1024.0], "pivot": [0.22269807755947113, 0.5869140625], "position": [-257.9996032714844, 94.0], "rawSize": [934.0, 1024.0], "view": [323.0, 739.0]}}